SEQN,age,is_female,race_eth,WTMEC2YR,SDMVPSU,SDMVSTRA,kcal,protein_g,sodium_mg,potassium_intake_mg,phosphorus_intake_mg,vig_min_wk,mod_min_wk,mvpa_min_wk,sedentary_min_day,creatinine_mgdl,eGFR,serum_potassium_mmol,serum_phosphorus_mgdl,serum_albumin_gdl,bun_mgdl,glucose_mgdl,ckd,na_k_ratio
93705,66.0,1,4.0,8338.419786183256,2.0,145.0,1202.0,20.00999999999999,3574.0,1640.0,466.0,0.0,120.0,120.0,300.0,0.92,68.67119597508798,4.0,4.0,4.4,11.0,85.0,False,2.1792682926829268
93706,18.0,0,6.0,8723.439813888777,2.0,134.0,1987.0,94.19,3657.0,1247.0,1025.0,0.0,60.0,60.0,240.0,0.81,131.06567542298205,4.4,4.0,4.4,12.0,94.0,False,2.932638331996792
93708,66.0,1,6.0,14372.488764622429,2.0,138.0,1251.0,50.96,2135.0,1631.0,635.0,0.0,150.0,150.0,120.0,0.58,99.74355364214072,4.4,3.3,3.9,16.0,116.0,False,1.3090128755364807
93711,56.0,0,6.0,12390.91972444534,2.0,134.0,2840.0,101.33,4382.0,4457.0,2141.0,240.0,60.0,540.0,420.0,1.13,76.28318164650821,4.9,3.4,4.0,14.0,98.0,False,0.9831725375813327
93712,18.0,0,1.0,30336.65432467291,2.0,147.0,2045.0,99.66,3753.0,3358.0,1256.0,2700.0,1350.0,6750.0,120.0,0.77,133.0856550673508,4.3,5.1,4.8,14.0,81.0,False,1.1176295413936868
93713,67.0,0,3.0,166841.66068113202,1.0,140.0,2040.0,61.40000000000001,2456.0,2488.0,950.0,0.0,180.0,180.0,120.0,1.13,71.23898366812165,4.1,3.7,4.3,22.0,91.0,False,0.9871382636655949
93714,54.0,1,4.0,15479.58119802592,1.0,147.0,2493.0,104.1,5000.0,2449.0,1908.0,0.0,0.0,0.0,360.0,0.45,114.25069716019247,3.5,3.8,3.4,11.0,171.0,False,2.041649652919559
93715,71.0,0,7.0,9250.904672245675,2.0,139.0,1287.0,40.2,1430.0,1634.0,839.0,4320.0,1680.0,10320.0,180.0,0.94,86.66712549317985,5.0,3.1,4.2,16.0,96.0,False,0.8751529987760098
93716,61.0,0,6.0,11581.233540009764,1.0,143.0,2917.0,103.91,4831.0,4190.0,1638.0,360.0,240.0,960.0,300.0,1.13,73.94754502920432,4.0,3.8,4.1,18.0,94.0,False,1.152983293556086
93717,22.0,0,3.0,60117.93606927737,1.0,145.0,3151.0,97.12,6470.0,3089.0,2027.0,0.0,0.0,0.0,300.0,0.81,127.84535090705752,4.2,3.9,4.3,14.0,83.0,False,2.094528973777922
93721,60.0,1,1.0,8589.051334950927,2.0,136.0,1930.0,79.98,2801.0,3150.0,1566.0,0.0,0.0,0.0,120.0,0.67,99.99838858339405,4.4,4.2,4.1,16.0,97.0,False,0.8892063492063492
93722,60.0,1,3.0,126309.82327561924,1.0,139.0,1009.0,22.69,1444.0,1435.0,459.0,0.0,0.0,0.0,240.0,0.84,79.50435272972467,4.7,4.1,4.1,17.0,98.0,False,1.0062717770034844
93723,64.0,0,3.0,229129.236930365,1.0,140.0,1762.0,41.62,1412.0,1707.0,798.0,240.0,540.0,1020.0,120.0,1.03,81.11668616873679,3.8,3.7,4.2,21.0,88.0,False,0.8271821909783246
93726,67.0,1,1.0,5435.070517630158,2.0,148.0,1692.0,81.89,2423.0,2545.0,1328.0,0.0,180.0,180.0,60.0,0.58,99.12514360955946,3.9,3.9,3.8,20.0,99.0,False,0.9520628683693517
93728,53.0,0,4.0,31532.90450868017,1.0,148.0,2605.0,80.0,3596.0,1609.0,1002.0,0.0,0.0,0.0,480.0,1.09,81.15478955139758,3.5,3.8,3.5,16.0,95.0,False,2.2349285270354255
93729,42.0,0,4.0,12103.883353651736,1.0,137.0,3274.0,99.17,3444.0,4035.0,2683.0,0.0,0.0,0.0,480.0,0.93,105.1374643311218,3.5,3.8,3.8,14.0,100.0,False,0.8535315985130112
93731,20.0,0,1.0,28081.133872204224,2.0,141.0,2266.0,71.81,3011.0,1979.0,1006.0,360.0,1320.0,2040.0,360.0,0.88,126.24542928163105,4.1,3.0,4.5,12.0,89.0,False,1.5214754926730671
93735,52.0,0,2.0,10706.381559611453,1.0,148.0,1412.0,62.08,2758.0,2151.0,1275.0,0.0,0.0,0.0,180.0,11.46,4.851828260980209,5.4,5.0,3.8,76.0,79.0,True,1.2821943282194328
93738,26.0,0,2.0,59094.09939949768,1.0,134.0,857.0,116.36,2777.0,1950.0,1783.0,3240.0,900.0,7380.0,180.0,1.03,102.74211193703567,4.3,4.7,4.3,19.0,94.0,False,1.4241025641025642
93742,72.0,0,4.0,14084.026311368783,2.0,146.0,1779.0,111.22,3731.0,2335.0,1558.0,0.0,720.0,720.0,180.0,1.35,55.78356775102447,4.1,3.4,3.4,14.0,105.0,True,1.5978586723768737
93743,61.0,0,3.0,110345.67814209891,2.0,141.0,5594.0,175.54999999999998,9351.0,4902.0,2842.0,2520.0,840.0,5880.0,420.0,1.05,80.7589630252399,4.2,3.3,4.3,16.0,91.0,False,1.9075887392900857
93746,25.0,1,4.0,28801.63589981121,1.0,144.0,1544.0,80.67000000000002,2689.0,2691.0,1453.0,0.0,0.0,0.0,540.0,0.68,123.87328271480617,4.0,4.9,3.9,12.0,85.0,False,0.9992567818654775
93752,73.0,1,3.0,54611.19863532783,1.0,147.0,749.0,31.26,1126.0,1274.0,485.0,60.0,875.0,995.0,180.0,0.69,91.5801392518562,3.3,3.7,4.4,8.0,109.0,False,0.8838304552590267
93754,72.0,0,2.0,36811.17653474189,2.0,138.0,2064.0,80.33,5999.0,4867.0,1722.0,0.0,210.0,210.0,480.0,1.03,77.17953178204506,4.3,2.9,3.9,16.0,91.0,False,1.2325868091226628
93755,26.0,1,4.0,33269.92736890692,1.0,139.0,2693.0,100.01,3384.0,3909.0,1717.0,180.0,120.0,480.0,480.0,0.81,102.6073059362341,4.3,3.6,4.1,12.0,102.0,False,0.8656945510360706
93756,64.0,1,4.0,6735.524014646291,2.0,148.0,1137.0,32.71,1425.0,1962.0,551.0,0.0,0.0,0.0,240.0,0.95,66.90424786875434,4.0,4.4,3.6,19.0,88.0,False,0.7262996941896025
93757,63.0,0,3.0,99269.95780053952,1.0,142.0,1609.0,74.85,2776.0,2296.0,1429.0,120.0,120.0,360.0,300.0,0.99,85.5960342791,4.1,3.5,4.2,14.0,101.0,False,1.2090592334494774
93758,55.0,1,3.0,23938.5088723769,2.0,139.0,1448.0,83.39000000000001,2892.0,2002.0,1045.0,0.0,0.0,0.0,240.0,0.93,72.58578018138267,3.9,3.7,3.9,16.0,118.0,False,1.4445554445554445
93759,60.0,0,7.0,212848.25129073783,2.0,134.0,1420.0,83.75,3031.0,2262.0,1200.0,100.0,120.0,320.0,840.0,0.77,102.49175453750571,3.7,3.3,3.6,14.0,81.0,False,1.3399646330680814
93760,54.0,1,1.0,23665.855430563726,2.0,147.0,572.0,35.080000000000005,1982.0,1213.0,454.0,0.0,0.0,0.0,120.0,0.56,108.3851442968252,4.3,4.9,4.1,14.0,105.0,False,1.6339653751030503
93761,44.0,0,6.0,19910.093202470365,2.0,145.0,1722.0,57.41,2562.0,2012.0,1059.0,2100.0,0.0,4200.0,300.0,0.77,113.21528111368796,4.1,2.7,4.2,19.0,139.0,False,1.2733598409542743
93762,74.0,1,1.0,26249.5863550351,1.0,137.0,2106.0,38.32,2914.0,2417.0,852.0,0.0,0.0,0.0,180.0,0.87,69.86969381258811,3.2,3.6,4.3,12.0,105.0,False,1.2056268100951593
93763,40.0,0,3.0,100887.85935104142,1.0,141.0,2615.0,99.57,4751.0,1487.0,1593.0,840.0,960.0,2640.0,180.0,1.09,87.98877158972857,3.5,3.3,4.4,16.0,97.0,False,3.19502353732347
93765,19.0,0,3.0,75727.27158985987,2.0,142.0,2594.0,97.06,3885.0,2104.0,1519.0,0.0,240.0,240.0,240.0,0.69,136.71558105964704,4.4,3.5,4.2,6.0,88.0,False,1.8464828897338403
93766,36.0,1,2.0,18420.189905726824,2.0,142.0,1341.0,39.84,1992.0,1525.0,710.0,360.0,60.0,780.0,30.0,0.66,116.51749060334264,3.9,3.6,3.7,10.0,80.0,False,1.3062295081967212
93767,61.0,0,2.0,25687.533474461143,1.0,137.0,1742.0,68.92000000000002,3699.0,3384.0,1248.0,0.0,60.0,60.0,120.0,0.77,101.85630565937318,4.0,2.9,4.0,11.0,122.0,False,1.0930851063829787
93768,80.0,0,3.0,20661.28194926416,2.0,139.0,1404.0,54.11,1617.0,1668.0,893.0,0.0,120.0,120.0,240.0,1.34,53.55166650457506,4.6,3.6,4.1,26.0,108.0,True,0.9694244604316546
93770,55.0,0,2.0,16779.084072005575,1.0,138.0,3436.0,169.67000000000002,3907.0,4473.0,1761.0,0.0,480.0,480.0,60.0,0.91,99.53464399440298,3.9,2.8,4.5,13.0,100.0,False,0.8734630002235636
93772,55.0,1,4.0,20200.60932648113,1.0,141.0,891.0,42.42,2377.0,705.0,590.0,0.0,0.0,0.0,180.0,1.31,48.11777451168909,3.8,3.0,3.4,60.0,94.0,True,3.3716312056737587
93775,47.0,1,6.0,13332.11835409252,1.0,137.0,1353.0,70.00000000000001,1499.0,2694.0,1057.0,2940.0,120.0,6000.0,120.0,0.8,91.39683648165492,3.7,3.9,3.6,18.0,84.0,False,0.5564216778025242
93776,32.0,1,4.0,21739.54543635427,1.0,144.0,1149.0,59.93,2715.0,1289.0,896.0,120.0,495.0,735.0,300.0,0.81,98.8489907127346,3.8,3.9,4.1,12.0,91.0,False,2.1062839410395657
93778,19.0,1,4.0,22288.198135527804,1.0,141.0,1731.0,54.8,2071.0,972.0,660.0,300.0,300.0,900.0,180.0,0.59,133.05861712006032,3.5,3.7,4.2,7.0,89.0,False,2.130658436213992
93780,46.0,1,7.0,43102.56240770637,1.0,141.0,1963.0,50.35,2198.0,2740.0,939.0,0.0,0.0,0.0,1020.0,0.75,99.3725969693899,4.2,3.6,4.2,13.0,98.0,False,0.8021897810218979
93782,25.0,1,4.0,36032.552468097325,1.0,143.0,1261.0,48.31,2513.0,1151.0,752.0,0.0,900.0,900.0,780.0,0.63,126.17439248976036,4.1,3.5,4.4,7.0,90.0,False,2.1833188531711554
93783,21.0,1,2.0,59166.3008903357,2.0,141.0,1786.0,86.30000000000001,2948.0,3316.0,1498.0,2400.0,120.0,4920.0,20.0,0.72,121.91758455414228,3.9,2.9,4.0,6.0,87.0,False,0.8890229191797346
93785,80.0,1,3.0,55860.33703054365,2.0,135.0,2089.0,58.55999999999999,2631.0,2058.0,1010.0,0.0,0.0,0.0,480.0,0.75,80.43265074726986,4.7,2.4,3.7,19.0,89.0,False,1.2784256559766765
93788,66.0,1,3.0,149491.3775883858,1.0,140.0,962.0,52.45,1713.0,938.0,879.0,0.0,0.0,0.0,540.0,0.99,62.88655010584429,4.4,3.1,4.0,38.0,175.0,False,1.8262260127931769
93789,34.0,1,3.0,269609.43379549,2.0,145.0,1949.0,79.08999999999999,3013.0,2625.0,1743.0,420.0,180.0,1020.0,240.0,1.01,74.91462299480511,4.4,3.6,4.1,19.0,84.0,False,1.1478095238095238
93791,20.0,0,7.0,23976.3108766394,1.0,137.0,2324.0,136.93,4201.0,2271.0,1508.0,1440.0,720.0,3600.0,480.0,0.76,131.96043106596574,3.9,4.0,4.3,11.0,84.0,False,1.8498458828709818
93794,62.0,1,6.0,13092.270804527065,2.0,148.0,1397.0,48.830000000000005,1466.0,1619.0,712.0,0.0,130.0,130.0,480.0,0.82,80.82531603722438,4.0,3.9,4.0,17.0,100.0,False,0.9054972205064855
93795,64.0,0,4.0,4579.581001766944,1.0,147.0,947.0,52.1,1745.0,927.0,533.0,0.0,300.0,300.0,360.0,0.91,94.11637665939988,4.3,3.4,3.9,14.0,94.0,False,1.8824163969795038
93798,61.0,1,4.0,26414.918121659925,1.0,145.0,3440.0,97.9,3138.0,5389.0,1762.0,0.0,0.0,0.0,360.0,0.67,99.378398574177,3.9,4.9,4.2,13.0,90.0,False,0.5822972722211913
93800,80.0,1,3.0,30055.19866166218,1.0,134.0,1699.0,43.28,1595.0,1966.0,923.0,0.0,0.0,0.0,300.0,0.66,88.62306968046647,4.2,4.0,3.6,13.0,109.0,False,0.811291963377416
93801,59.0,0,2.0,41266.91877164101,1.0,134.0,2574.0,114.31,3712.0,3710.0,1889.0,0.0,0.0,0.0,600.0,1.0,86.700161782722,3.9,3.2,3.7,19.0,121.0,False,1.0005390835579515
93806,44.0,0,6.0,13210.561280767768,1.0,143.0,2064.0,86.21,3211.0,2964.0,1105.0,135.0,0.0,270.0,960.0,0.72,115.5342725853043,3.9,3.5,4.3,19.0,100.0,False,1.0833333333333333
93811,24.0,0,6.0,24977.787807565903,1.0,136.0,2683.0,76.92999999999999,4255.0,1586.0,951.0,60.0,960.0,1080.0,300.0,0.84,124.88579869380104,3.5,2.8,4.1,11.0,95.0,False,2.6828499369482977
93812,67.0,0,3.0,276495.95535397617,2.0,147.0,3670.0,156.83,5920.0,4764.0,2541.0,0.0,720.0,720.0,240.0,0.96,86.63360118013901,4.4,4.1,4.0,23.0,192.0,False,1.2426532325776658
93813,42.0,1,1.0,23420.86771132157,2.0,136.0,400.0,18.02,401.0,766.0,321.0,0.0,660.0,660.0,120.0,0.61,114.40122516243032,3.8,3.2,3.6,7.0,96.0,False,0.5234986945169713
93814,41.0,1,4.0,27756.33097152111,2.0,134.0,2055.0,104.23999999999998,3700.0,2079.0,1513.0,0.0,180.0,180.0,120.0,0.75,102.51128502382936,4.2,3.8,3.9,10.0,83.0,False,1.7797017797017798
93815,32.0,1,7.0,10948.205344066031,2.0,145.0,720.0,20.08,1130.0,518.0,319.0,210.0,0.0,420.0,300.0,0.8,100.3335728484498,4.0,3.8,4.2,12.0,91.0,False,2.1814671814671813
93817,55.0,0,6.0,12353.30324329244,1.0,137.0,975.0,66.66999999999999,2151.0,1496.0,811.0,0.0,600.0,600.0,480.0,0.82,103.73907741093174,3.9,3.6,4.5,11.0,92.0,False,1.4378342245989304
93819,63.0,1,4.0,21208.65336876004,1.0,141.0,849.0,15.670000000000002,841.0,1909.0,335.0,240.0,180.0,660.0,120.0,0.75,89.40246856708235,3.8,3.9,3.9,10.0,92.0,False,0.4405447878470403
93823,58.0,1,2.0,20436.01784534262,1.0,140.0,2065.0,60.97999999999999,3412.0,3674.0,1288.0,240.0,240.0,720.0,180.0,0.71,98.49587580180284,4.1,4.3,4.7,13.0,101.0,False,0.9286880783886772
93824,52.0,1,2.0,44809.69613850223,2.0,146.0,2209.0,112.92,2531.0,2334.0,1266.0,0.0,2400.0,2400.0,240.0,0.66,105.48118530264462,3.8,3.9,4.3,20.0,91.0,False,1.0844044558697514
93825,74.0,0,3.0,7992.562065739216,2.0,139.0,1815.0,80.11000000000001,2899.0,2864.0,1190.0,0.0,420.0,420.0,480.0,1.0,78.97775674108173,4.7,2.7,4.0,20.0,94.0,False,1.0122206703910615
93827,68.0,1,6.0,15873.316395764889,1.0,148.0,1667.0,78.22,4011.0,2427.0,1202.0,0.0,0.0,0.0,240.0,0.51,101.61189620963252,4.3,3.6,4.1,12.0,98.0,False,1.6526576019777504
93829,38.0,1,4.0,52561.2638436962,2.0,142.0,1637.0,37.21999999999999,1822.0,1730.0,825.0,120.0,540.0,780.0,120.0,0.81,95.2283356021316,4.1,3.0,3.4,9.0,76.0,False,1.0531791907514452
93830,67.0,0,4.0,5139.678133868443,1.0,147.0,2197.0,59.47,6248.0,2709.0,939.0,120.0,120.0,360.0,360.0,6.34,8.993002987547955,4.1,4.4,3.5,24.0,86.0,True,2.3063861203396088
93831,61.0,0,2.0,10839.564505780398,2.0,138.0,3226.0,161.26,8969.0,3706.0,2313.0,0.0,2400.0,2400.0,180.0,0.88,97.8305178107,4.1,3.2,4.2,17.0,107.0,False,2.4201295196977872
93832,63.0,0,6.0,11321.423799668552,2.0,135.0,2618.0,69.50000000000001,2606.0,2473.0,1556.0,0.0,180.0,180.0,660.0,1.01,83.56611822170068,4.0,3.5,4.6,22.0,92.0,False,1.0537808329963607
93834,48.0,1,3.0,24586.08899599424,1.0,145.0,533.0,16.41,1069.0,237.0,195.0,0.0,70.0,70.0,300.0,0.64,108.94310436439524,4.1,3.8,3.8,19.0,309.0,False,4.510548523206751
93837,35.0,1,3.0,37121.36641048605,1.0,145.0,1370.0,38.8,1907.0,866.0,648.0,0.0,2160.0,2160.0,360.0,0.78,101.51675242765624,3.8,2.9,3.7,15.0,92.0,False,2.2020785219399537
93839,50.0,1,3.0,190727.34226767844,1.0,146.0,2891.0,75.14999999999999,3762.0,3016.0,1630.0,0.0,0.0,0.0,480.0,0.66,106.80141743231928,3.9,4.5,4.2,14.0,94.0,False,1.2473474801061009
93840,47.0,0,6.0,13482.692358708946,1.0,137.0,1941.0,102.14999999999998,5645.0,2512.0,1198.0,75.0,200.0,350.0,600.0,0.85,107.85436094809224,3.9,3.3,4.3,19.0,91.0,False,2.2472133757961785
93841,48.0,1,7.0,137651.3269181443,2.0,139.0,1671.0,54.94,1601.0,1631.0,1204.0,0.0,40.0,40.0,600.0,1.0,69.49253277221659,4.2,4.7,4.7,16.0,94.0,False,0.9816063764561619
93843,42.0,1,2.0,72835.93956573354,1.0,134.0,2150.0,171.76000000000002,2457.0,4426.0,2306.0,540.0,1065.0,2145.0,120.0,0.91,80.77826395836951,4.0,3.6,3.9,22.0,87.0,False,0.5551287844554903
93845,28.0,1,3.0,137884.50947412258,2.0,142.0,2298.0,52.03,3235.0,1745.0,1240.0,0.0,450.0,450.0,120.0,0.51,130.31213480378003,4.5,4.1,4.1,14.0,76.0,False,1.853868194842407
93846,29.0,1,4.0,22754.130489590603,2.0,137.0,1783.0,87.99999999999999,3708.0,1869.0,1101.0,0.0,0.0,0.0,360.0,0.98,80.12831200941706,4.1,3.9,4.2,22.0,82.0,False,1.9839486356340288
93847,43.0,1,1.0,25280.00698798892,1.0,148.0,1535.0,84.37000000000002,2462.0,2123.0,1108.0,900.0,0.0,1800.0,300.0,0.78,96.58944158668044,4.3,3.8,3.6,13.0,105.0,False,1.1596796985398021
93848,62.0,0,4.0,12359.194999499068,1.0,139.0,5709.0,117.68000000000004,6897.0,4605.0,2513.0,1080.0,1680.0,3840.0,360.0,1.12,74.27715449883533,4.1,2.9,4.1,12.0,98.0,False,1.4977198697068403
93849,40.0,1,3.0,253429.47157504904,2.0,134.0,3121.0,96.77,5573.0,2761.0,1391.0,90.0,240.0,420.0,540.0,0.76,101.52427353570349,4.0,3.1,3.9,12.0,82.0,False,2.018471568272365
93850,74.0,1,4.0,23543.44822364752,1.0,134.0,2096.0,100.56,3128.0,4025.0,1504.0,0.0,0.0,0.0,420.0,0.8,77.26876285088844,4.1,3.0,4.5,11.0,100.0,False,0.7771428571428571
93851,74.0,1,3.0,95014.14106211285,1.0,135.0,1293.0,27.3,1725.0,1882.0,1007.0,0.0,0.0,0.0,480.0,1.07,54.506890852742586,4.4,3.6,3.9,11.0,91.0,True,0.9165781083953242
93852,45.0,1,7.0,15767.031055261104,1.0,144.0,1321.0,63.05,2340.0,1357.0,735.0,0.0,75.0,75.0,600.0,0.74,101.61623497648873,3.7,3.2,3.6,14.0,86.0,False,1.7243920412675018
93853,50.0,0,1.0,24293.02107548219,2.0,137.0,1987.0,72.57,3806.0,2196.0,1314.0,0.0,0.0,0.0,360.0,0.98,93.94154215971132,5.0,3.3,3.1,16.0,103.0,False,1.7331511839708562
93855,71.0,0,3.0,34530.36549760157,2.0,139.0,1979.0,76.99,3597.0,2500.0,1256.0,0.0,0.0,0.0,300.0,0.91,90.10692019576663,4.1,2.6,4.2,12.0,99.0,False,1.4388
93856,66.0,0,4.0,19643.96429462344,2.0,145.0,2283.0,61.81,5523.0,1994.0,2374.0,900.0,1080.0,2880.0,420.0,0.96,87.17408047910948,4.0,3.4,3.7,9.0,104.0,False,2.7698094282848547
93858,19.0,1,7.0,9789.309547830351,2.0,144.0,429.0,8.79,1298.0,310.0,162.0,0.0,0.0,0.0,360.0,0.77,113.88813745255138,4.1,4.2,4.3,8.0,80.0,False,4.187096774193549
93863,50.0,0,6.0,19227.684468796484,1.0,138.0,1830.0,73.83,3163.0,3296.0,1352.0,0.0,20.0,20.0,240.0,0.82,107.01568095132788,3.8,4.0,3.9,14.0,119.0,False,0.9596480582524272
93866,26.0,0,3.0,125047.3918396982,2.0,137.0,1639.0,50.330000000000005,2768.0,749.0,781.0,0.0,0.0,0.0,480.0,0.88,121.6212934616998,4.0,4.3,4.5,10.0,78.0,False,3.6955941255006675
93868,68.0,0,4.0,11104.764437259157,1.0,136.0,1794.0,43.88,2540.0,1166.0,845.0,0.0,0.0,0.0,120.0,1.11,72.33079941114622,4.6,3.2,4.4,17.0,91.0,False,2.1783876500857633
93870,20.0,1,3.0,70964.05968618375,1.0,138.0,1659.0,52.66,2797.0,1173.0,971.0,0.0,2400.0,2400.0,240.0,0.62,130.66249162027452,3.9,4.4,4.4,11.0,89.0,False,2.3844842284739984
93871,55.0,1,1.0,14304.85577554037,2.0,142.0,1868.0,85.78,4260.0,2400.0,1019.0,0.0,0.0,0.0,720.0,0.84,82.01550137431121,4.2,4.0,4.4,19.0,91.0,False,1.775
93875,37.0,0,4.0,22498.805660113,2.0,135.0,4401.0,182.88,6337.0,5335.0,2662.0,1020.0,3120.0,5160.0,360.0,0.94,107.0751399104129,4.1,3.8,3.8,13.0,101.0,False,1.1878163074039363
93877,64.0,0,3.0,35944.55957298816,1.0,135.0,3757.0,100.02,4506.0,2826.0,1712.0,1500.0,1380.0,4380.0,240.0,1.28,62.49753757732229,4.6,3.2,3.9,10.0,85.0,False,1.59447983014862
93878,59.0,1,4.0,10142.933813631187,2.0,145.0,1401.0,40.3,1411.0,1389.0,618.0,0.0,0.0,0.0,240.0,0.91,72.6737191608886,4.1,3.4,3.8,17.0,92.0,False,1.0158387329013678
93883,30.0,1,4.0,22161.144053418448,2.0,142.0,1803.0,83.02,3477.0,1597.0,1208.0,0.0,2340.0,2340.0,360.0,0.6,123.75786412164246,4.2,3.6,3.6,11.0,84.0,False,2.177207263619286
93884,19.0,0,3.0,65404.68369673622,1.0,141.0,2377.0,84.33,4314.0,2179.0,1032.0,120.0,270.0,510.0,600.0,1.16,93.04876738572536,4.1,4.1,4.8,13.0,92.0,False,1.9798072510325837
93888,37.0,1,3.0,11574.409053691768,2.0,140.0,1359.0,56.56000000000001,3393.0,2163.0,793.0,240.0,0.0,480.0,180.0,0.93,81.18385797765166,3.8,3.6,4.3,8.0,86.0,False,1.5686546463245492
93890,27.0,0,6.0,14834.21083611696,2.0,135.0,2140.0,89.44,4026.0,2126.0,1534.0,360.0,75.0,795.0,600.0,0.97,109.7301744505449,4.4,3.9,4.3,11.0,92.0,False,1.8936970837253058
93891,56.0,1,1.0,29846.70736555324,2.0,136.0,2134.0,110.84000000000005,3130.0,3433.0,1704.0,0.0,0.0,0.0,120.0,0.64,103.65534124798964,4.0,4.0,3.9,16.0,95.0,False,0.9117390037867754
93892,80.0,1,3.0,36342.57429502136,2.0,143.0,1401.0,69.13000000000001,3075.0,2599.0,1331.0,480.0,225.0,1185.0,180.0,0.8,74.43855144368185,4.8,4.2,3.8,19.0,145.0,False,1.1831473643709118
93893,55.0,0,4.0,9117.478052037515,1.0,147.0,2607.0,100.64,4559.0,2506.0,1600.0,1920.0,1800.0,5640.0,240.0,2.4,31.086401234598014,4.2,2.9,3.7,29.0,82.0,True,1.8192338387869114
93894,66.0,1,3.0,23658.07893243066,2.0,144.0,1011.0,51.19,2080.0,1358.0,877.0,0.0,0.0,0.0,480.0,0.7,95.32402149431624,4.3,4.0,4.2,12.0,122.0,False,1.5316642120765833
93895,40.0,0,3.0,124293.63305411083,1.0,144.0,3440.0,99.9,4431.0,2762.0,2086.0,0.0,1260.0,1260.0,180.0,0.84,113.0568638706307,3.9,4.6,4.3,13.0,87.0,False,1.6042722664735698
93899,67.0,0,3.0,26353.92395434301,2.0,141.0,2402.0,80.75,2567.0,3025.0,1463.0,1200.0,720.0,3120.0,300.0,1.1,73.57675415152679,5.1,4.7,4.1,19.0,88.0,False,0.848595041322314
93903,62.0,0,3.0,29226.86889940363,2.0,136.0,2341.0,97.85,6663.0,3864.0,1672.0,0.0,60.0,60.0,480.0,0.89,96.89276058290638,4.1,3.6,4.2,18.0,229.0,False,1.7243788819875776
93906,39.0,0,1.0,38126.03337497553,2.0,136.0,3584.0,119.48000000000005,8040.0,4382.0,1843.0,180.0,0.0,360.0,360.0,0.98,100.59323358832692,4.3,2.9,4.3,20.0,94.0,False,1.834778639890461
93907,41.0,1,4.0,50307.151539356615,1.0,139.0,1819.0,55.65000000000001,2248.0,1802.0,790.0,900.0,1200.0,3000.0,240.0,0.67,112.54135658238424,3.8,2.4,4.2,9.0,70.0,False,1.2475027746947835
93909,41.0,0,6.0,13051.8885076089,2.0,138.0,2947.0,70.15,5000.0,2868.0,1199.0,90.0,90.0,270.0,720.0,0.92,107.17479258271908,4.0,3.9,4.0,14.0,124.0,False,1.7433751743375174
93912,25.0,1,4.0,43609.573685168965,2.0,144.0,2460.0,45.17,2762.0,1087.0,1176.0,360.0,360.0,1080.0,660.0,1.11,70.74141468863223,4.3,3.6,3.3,10.0,80.0,False,2.5409383624655013
93913,40.0,1,6.0,16056.019876456574,2.0,148.0,1649.0,87.27,4603.0,2629.0,1118.0,60.0,0.0,120.0,420.0,0.62,115.38006618419608,3.8,3.3,4.4,9.0,97.0,False,1.7508558387219475
93914,41.0,0,6.0,17311.74767058627,1.0,138.0,1899.0,188.95,5248.0,3778.0,1952.0,0.0,0.0,0.0,600.0,0.96,101.83863388834044,4.0,3.7,4.6,21.0,85.0,False,1.3890947591318157
93915,34.0,0,3.0,77545.67699575984,2.0,139.0,1284.0,8.629999999999999,763.0,357.0,92.0,600.0,600.0,1800.0,240.0,0.87,116.11825744409524,4.3,4.1,3.7,5.0,79.0,False,2.1372549019607843
93916,28.0,0,6.0,15955.887156702443,1.0,139.0,1712.0,116.54999999999998,3304.0,2848.0,1321.0,90.0,0.0,180.0,360.0,1.32,75.34638592631812,3.8,4.3,4.3,18.0,89.0,False,1.1601123595505618
93918,36.0,0,3.0,38143.24437383844,1.0,142.0,2785.0,114.10000000000002,3941.0,3331.0,1927.0,0.0,20.0,20.0,480.0,1.06,93.27731666775207,4.2,3.1,4.3,21.0,103.0,False,1.183128189732813
93920,61.0,1,6.0,12572.643265318242,1.0,148.0,1567.0,70.88,5638.0,2945.0,1216.0,0.0,90.0,90.0,540.0,0.49,107.1614956029541,4.1,4.0,3.9,8.0,97.0,False,1.9144312393887946
93923,52.0,0,3.0,155035.5824522106,2.0,146.0,1714.0,61.33,2843.0,1677.0,654.0,1440.0,0.0,2880.0,240.0,0.99,91.65680776065304,4.2,3.5,4.3,11.0,74.0,False,1.695289206917114
93924,70.0,1,3.0,29350.969108149337,1.0,139.0,879.0,34.7,1281.0,703.0,725.0,0.0,0.0,0.0,300.0,0.85,73.65687048483767,4.0,4.2,4.2,8.0,96.0,False,1.8221906116642959
93926,31.0,0,7.0,125800.8880136289,1.0,145.0,2641.0,107.72,3762.0,2741.0,1417.0,0.0,260.0,260.0,120.0,0.73,124.74261476301707,4.1,3.4,4.2,14.0,97.0,False,1.3724917913170376
93927,54.0,1,3.0,29781.403720736875,2.0,139.0,1315.0,33.620000000000005,1134.0,2509.0,921.0,0.0,0.0,0.0,120.0,0.51,110.85586171453662,4.3,3.5,4.3,13.0,76.0,False,0.4519728975687525
93929,35.0,1,3.0,124429.45537541831,2.0,140.0,3444.0,99.78,3052.0,3237.0,1974.0,0.0,540.0,540.0,180.0,0.69,115.99508513761134,4.1,3.6,2.7,10.0,75.0,False,0.9428483163422923
93930,80.0,0,2.0,13745.249277484274,2.0,141.0,1466.0,52.43,1609.0,1508.0,1036.0,0.0,0.0,0.0,600.0,1.86,36.13126902598929,4.6,3.4,4.0,22.0,149.0,True,1.0669761273209548
93931,24.0,0,7.0,24815.11223872437,1.0,137.0,2394.0,134.36,4516.0,1891.0,1325.0,900.0,900.0,2700.0,240.0,0.87,123.56929979964868,4.0,2.9,4.4,11.0,96.0,False,2.3881544156530934
93932,54.0,1,6.0,14389.583122953729,1.0,137.0,1678.0,60.970000000000006,3423.0,1622.0,872.0,240.0,0.0,480.0,300.0,0.62,105.75883970808276,4.2,3.2,4.1,19.0,105.0,False,2.1103575832305794
93935,39.0,0,1.0,38849.71483085136,2.0,144.0,3146.0,157.01000000000002,5528.0,3183.0,2410.0,0.0,0.0,0.0,120.0,0.97,101.83896539249156,5.1,3.3,4.0,16.0,98.0,False,1.7367263587810242
93937,30.0,0,3.0,65454.83195110323,1.0,145.0,3156.0,90.03,5094.0,1991.0,1417.0,0.0,840.0,840.0,240.0,0.92,114.7634869217382,4.1,5.3,4.1,10.0,82.0,False,2.558513309894525
93938,18.0,1,7.0,97243.9771004468,2.0,137.0,2102.0,54.13,2441.0,2010.0,1059.0,450.0,1200.0,2100.0,120.0,0.66,130.31945630971296,4.5,3.9,3.8,7.0,80.0,False,1.2144278606965173
93939,40.0,1,4.0,14689.14255381783,2.0,144.0,1012.0,27.17,6071.0,619.0,509.0,0.0,0.0,0.0,600.0,1.14,62.410890556471465,3.5,3.2,3.9,15.0,92.0,False,9.807754442649435
93940,50.0,0,3.0,248583.35827546456,1.0,138.0,1339.0,32.94,1990.0,1068.0,612.0,1680.0,1770.0,5130.0,120.0,1.02,89.53828465816017,4.1,3.4,4.3,11.0,91.0,False,1.8632958801498127
93941,42.0,0,7.0,11409.428894486287,2.0,140.0,2982.0,118.74,5899.0,2277.0,1901.0,180.0,0.0,360.0,300.0,1.27,72.33901180898712,4.3,4.0,4.6,23.0,83.0,False,2.590689503732982
93945,66.0,0,4.0,8024.126843565168,2.0,146.0,3369.0,117.0,4884.0,2941.0,1729.0,0.0,0.0,0.0,60.0,1.31,60.03262031709819,4.5,3.9,3.8,8.0,75.0,False,1.6606596395783748
93947,53.0,1,6.0,26195.870816128547,1.0,138.0,1983.0,86.1,4114.0,2506.0,1215.0,0.0,120.0,120.0,60.0,0.63,106.00906640769615,3.4,3.7,4.1,16.0,90.0,False,1.6416600159616919
93949,49.0,1,6.0,6925.672042538447,1.0,147.0,1993.0,128.73000000000002,4148.0,1934.0,1521.0,0.0,0.0,0.0,300.0,0.49,115.46513224652632,3.5,3.3,4.2,15.0,171.0,False,2.144777662874871
93950,30.0,0,2.0,64177.63866662837,2.0,148.0,2204.0,103.28,4129.0,2466.0,1616.0,120.0,3600.0,3840.0,20.0,0.75,124.5004304508747,4.6,2.8,3.8,14.0,106.0,False,1.6743714517437145
93952,34.0,1,3.0,73404.08388199791,1.0,142.0,3770.0,132.0,6215.0,3794.0,3057.0,0.0,3780.0,3780.0,300.0,0.8,99.09329336766932,4.2,3.4,3.7,15.0,110.0,False,1.6381128096995257
93953,26.0,0,7.0,14156.877532617043,2.0,140.0,2098.0,59.63000000000001,2333.0,951.0,671.0,360.0,0.0,720.0,480.0,0.49,145.14569816307696,4.2,2.7,4.2,9.0,207.0,False,2.4532071503680335
93955,66.0,1,1.0,13884.289171384642,2.0,136.0,1232.0,30.04,2503.0,1033.0,572.0,0.0,0.0,0.0,180.0,0.95,66.07720699446986,4.4,4.3,3.4,20.0,118.0,False,2.4230396902226525
93957,41.0,1,3.0,35987.69596624479,2.0,139.0,2030.0,52.05,2289.0,2055.0,1033.0,420.0,1470.0,2310.0,300.0,0.74,104.17586855243808,3.7,4.0,4.0,16.0,118.0,False,1.1138686131386861
93959,61.0,1,4.0,17949.596361280837,1.0,139.0,3622.0,133.05999999999997,5271.0,2886.0,2231.0,0.0,120.0,120.0,600.0,0.95,68.16425862227577,3.7,3.5,3.9,13.0,89.0,False,1.8264033264033264
93960,60.0,0,4.0,8607.920303756411,2.0,145.0,1797.0,87.55000000000001,3587.0,1498.0,1035.0,0.0,210.0,210.0,360.0,1.13,74.40888008573589,4.0,3.4,4.3,13.0,135.0,False,2.3945260347129507
93963,80.0,0,3.0,8485.36911871169,2.0,139.0,2723.0,82.02000000000001,4308.0,2545.0,1269.0,1260.0,600.0,3120.0,240.0,0.93,83.00785858821844,4.2,3.8,4.2,20.0,98.0,False,1.6927308447937133
93964,52.0,0,6.0,12746.197434562871,2.0,138.0,2229.0,93.15,2956.0,3577.0,1621.0,0.0,90.0,90.0,720.0,0.87,103.82032241190744,4.4,3.9,4.4,16.0,102.0,False,0.8263908303047246
93965,30.0,1,2.0,66978.91404893594,2.0,148.0,1635.0,71.47,2564.0,1681.0,1063.0,360.0,360.0,1080.0,30.0,0.79,103.1344525502786,4.0,4.3,4.4,20.0,84.0,False,1.5252825698988697
93968,57.0,0,4.0,14397.502834523224,1.0,145.0,1406.0,34.39,2529.0,1632.0,1154.0,0.0,0.0,0.0,300.0,0.94,94.55151647841768,3.9,9.6,3.8,15.0,89.0,False,1.5496323529411764
93969,33.0,1,3.0,62292.55770136157,2.0,141.0,1286.0,43.42,1833.0,1071.0,869.0,0.0,380.0,380.0,300.0,0.67,118.28242141553028,4.0,3.7,4.2,11.0,91.0,False,1.711484593837535
93970,33.0,0,6.0,14962.076271593549,1.0,148.0,2629.0,168.92000000000002,8299.0,4417.0,1977.0,0.0,0.0,0.0,60.0,0.84,118.08751604051254,3.9,3.9,4.4,14.0,88.0,False,1.8788770658818201
93971,40.0,0,4.0,25729.266257348623,1.0,143.0,3868.0,58.05,7742.0,1206.0,883.0,0.0,0.0,0.0,420.0,0.98,99.9695555400793,3.6,3.1,3.9,9.0,96.0,False,6.419568822553897
93972,35.0,0,3.0,154316.65472809435,1.0,143.0,4343.0,167.9,7101.0,4833.0,2087.0,3000.0,2700.0,8700.0,480.0,0.91,112.71829716307684,4.3,3.1,4.0,17.0,74.0,False,1.4692737430167597
93974,59.0,0,3.0,63655.33828908138,1.0,148.0,3486.0,187.54,8307.0,6043.0,2758.0,180.0,240.0,600.0,720.0,1.08,79.05173412084238,4.5,3.3,4.0,21.0,103.0,False,1.374648353466821
93975,54.0,1,3.0,77479.09474630903,2.0,148.0,2025.0,75.04,5409.0,2705.0,1488.0,0.0,720.0,720.0,600.0,0.66,104.17727330165486,4.1,3.7,4.0,12.0,96.0,False,1.999630314232902
93980,29.0,1,3.0,159563.70433897868,1.0,139.0,2362.0,61.63,3480.0,1276.0,1016.0,180.0,60.0,420.0,720.0,0.68,120.82967753055676,3.9,3.4,4.2,9.0,85.0,False,2.727272727272727
93982,57.0,1,3.0,95031.56174419704,2.0,136.0,2758.0,61.71000000000001,2787.0,3279.0,1523.0,360.0,270.0,990.0,60.0,0.71,99.11036003401374,4.1,3.9,4.0,15.0,84.0,False,0.8499542543458372
93983,75.0,1,6.0,19678.449087988756,1.0,136.0,2759.0,126.82,7365.0,4835.0,2055.0,0.0,1230.0,1230.0,90.0,0.75,82.97311972751723,4.4,4.4,4.3,20.0,94.0,False,1.5232678386763185
93984,32.0,1,3.0,39999.59674404214,2.0,135.0,2093.0,118.06,5586.0,4287.0,2016.0,4260.0,1740.0,10260.0,120.0,0.79,101.85954982701118,3.8,2.9,4.4,17.0,75.0,False,1.3030090972708188
93987,35.0,0,1.0,22831.78569786757,2.0,141.0,2154.0,76.82,3717.0,2088.0,1499.0,1200.0,1200.0,3600.0,240.0,0.8,118.35896001672118,4.2,3.8,3.9,14.0,89.0,False,1.7801724137931034
93988,32.0,1,3.0,104437.39760931925,2.0,135.0,2120.0,58.55,2838.0,2402.0,919.0,180.0,180.0,540.0,180.0,0.71,115.78285213417648,4.0,3.3,3.8,9.0,78.0,False,1.1815154038301416
93989,39.0,1,3.0,19629.854558584502,2.0,145.0,4076.0,84.2,5843.0,5650.0,1997.0,240.0,270.0,750.0,180.0,0.58,117.9809916191132,4.4,4.3,4.5,14.0,84.0,False,1.0341592920353981
93990,64.0,1,3.0,123408.3085386087,1.0,142.0,1925.0,74.72000000000001,3090.0,1913.0,1017.0,480.0,3180.0,4140.0,180.0,0.89,72.35257817155274,4.5,4.0,3.8,17.0,70.0,False,1.615263983272347
93998,24.0,1,3.0,88807.91786533735,1.0,142.0,2044.0,123.36,7243.0,3047.0,2035.0,480.0,1050.0,2010.0,120.0,0.81,103.89156778490124,3.9,4.2,4.3,12.0,78.0,False,2.377092221857565
93999,23.0,1,4.0,34528.91843933032,2.0,144.0,2541.0,63.21,2718.0,2906.0,1106.0,180.0,0.0,360.0,120.0,0.77,111.08987040110704,4.7,3.8,4.2,12.0,89.0,False,0.9353062629043358
94001,18.0,1,1.0,28239.302104428505,2.0,144.0,2034.0,70.75000000000001,4449.0,2277.0,1127.0,0.0,0.0,0.0,240.0,0.79,111.12604518896556,4.6,4.4,4.3,16.0,82.0,False,1.9538866930171277
94003,75.0,1,1.0,17609.222086193073,1.0,136.0,2575.0,44.63999999999999,5042.0,1834.0,870.0,0.0,0.0,0.0,360.0,0.75,82.97311972751723,4.4,3.4,3.6,13.0,92.0,False,2.7491821155943295
94004,25.0,1,6.0,33140.03385962184,1.0,137.0,2017.0,53.57,2698.0,2011.0,945.0,240.0,155.0,635.0,600.0,0.82,101.73835055017416,4.0,3.4,3.9,14.0,87.0,False,1.3416210840377922
94007,79.0,0,4.0,11904.866227818577,1.0,134.0,1372.0,80.35000000000001,2244.0,2683.0,1211.0,0.0,1040.0,1040.0,180.0,1.08,69.80575834528925,4.3,4.1,4.2,22.0,165.0,False,0.8363771897130078
94008,46.0,1,1.0,13626.209945852348,2.0,136.0,1039.0,28.76,912.0,1921.0,679.0,0.0,0.0,0.0,60.0,0.61,111.59035138595584,3.8,3.4,4.0,9.0,88.0,False,0.4747527329515877
94010,71.0,0,3.0,62831.094853959214,2.0,138.0,2817.0,85.07,4186.0,4261.0,1673.0,480.0,840.0,1800.0,180.0,1.28,59.83507685693788,4.3,3.5,4.1,18.0,91.0,True,0.9823984980051631
94012,25.0,1,7.0,125331.60362396875,1.0,135.0,2784.0,70.27999999999999,3051.0,3546.0,1332.0,480.0,1200.0,2160.0,480.0,0.71,120.93480166101288,4.3,3.5,4.5,14.0,95.0,False,0.8604060913705583
94013,56.0,0,3.0,32116.926123173194,2.0,140.0,5449.0,182.47,8466.0,4799.0,3060.0,1800.0,1800.0,5400.0,60.0,0.94,95.14139311573524,4.3,3.0,4.0,20.0,98.0,False,1.7641175244842675
94015,30.0,1,3.0,51552.707848337406,1.0,135.0,944.0,41.870000000000005,1199.0,993.0,559.0,0.0,0.0,0.0,60.0,0.86,93.14469730368116,4.2,3.1,3.8,11.0,89.0,False,1.2074521651560925
94016,70.0,0,7.0,11882.035401982788,1.0,140.0,1541.0,64.49,2097.0,5334.0,1028.0,1080.0,1800.0,3960.0,120.0,0.79,95.56869799603584,4.2,3.3,3.9,14.0,98.0,False,0.3931383577052868
94017,54.0,0,3.0,133063.97831612657,2.0,148.0,2953.0,76.48999999999998,9165.0,3882.0,1342.0,720.0,1100.0,2540.0,600.0,3.01,23.836646237584784,4.2,3.3,4.0,41.0,102.0,True,2.3608964451313756
94019,64.0,1,4.0,36240.17520057706,2.0,144.0,1566.0,40.27,2770.0,1115.0,680.0,0.0,225.0,225.0,300.0,0.71,94.88815463516504,4.2,2.8,4.3,11.0,86.0,False,2.484304932735426
94021,38.0,1,3.0,38278.90807697879,2.0,147.0,1744.0,34.37,1875.0,2575.0,724.0,60.0,300.0,420.0,600.0,0.64,115.93373359731667,4.2,3.1,3.4,12.0,87.0,False,0.7281553398058253
94027,20.0,0,1.0,40566.78449088237,2.0,147.0,749.0,49.620000000000005,920.0,652.0,477.0,120.0,0.0,240.0,120.0,0.78,130.9293043527873,4.1,2.9,4.6,15.0,84.0,False,1.4110429447852761
94028,39.0,1,2.0,55761.57728124232,2.0,136.0,1590.0,67.97,1979.0,2109.0,905.0,210.0,120.0,540.0,360.0,0.79,97.52022605645575,4.0,3.9,4.4,10.0,86.0,False,0.9383594120436226
94029,46.0,1,3.0,84105.09587142657,1.0,147.0,951.0,41.44,1760.0,2516.0,1045.0,1440.0,2160.0,5040.0,180.0,0.7,107.949965463081,4.2,4.4,4.2,18.0,92.0,False,0.699523052464229
94030,45.0,0,3.0,122602.43067307273,2.0,136.0,3639.0,147.45000000000002,5924.0,4815.0,2842.0,360.0,360.0,1080.0,420.0,0.92,104.54147450817814,4.3,2.8,4.3,21.0,106.0,False,1.2303219106957424
94031,67.0,0,4.0,9989.999067925197,2.0,145.0,4153.0,151.83,3700.0,4230.0,2396.0,0.0,40.0,40.0,180.0,0.82,96.27871610704815,4.3,3.6,4.0,10.0,84.0,False,0.8747044917257684
94033,55.0,1,2.0,95567.15987427448,1.0,139.0,2750.0,112.82,3676.0,4946.0,1763.0,0.0,735.0,735.0,240.0,0.62,105.10313490189264,4.3,3.8,4.3,15.0,88.0,False,0.7432268499797816
94037,59.0,0,6.0,9807.453006389398,1.0,141.0,2287.0,77.85,2608.0,3294.0,1613.0,0.0,180.0,180.0,720.0,0.72,105.24360610037972,3.7,4.0,4.3,17.0,180.0,False,0.7917425622343656
94038,59.0,1,1.0,47926.35235615741,2.0,140.0,2201.0,85.42,2354.0,4013.0,1859.0,0.0,0.0,0.0,360.0,0.66,100.98757605827362,4.3,3.7,3.8,20.0,98.0,False,0.5865935708945925
94039,60.0,0,6.0,12271.359639861505,1.0,138.0,1738.0,64.16000000000001,2596.0,2155.0,1320.0,120.0,0.0,240.0,180.0,1.2,69.23112756748166,3.4,3.5,4.4,22.0,95.0,False,1.2046403712296985
94040,28.0,0,7.0,12260.438650272035,2.0,147.0,1235.0,28.69,2520.0,1296.0,696.0,960.0,240.0,2160.0,300.0,1.13,90.7939710026108,3.7,3.6,4.0,9.0,104.0,False,1.9444444444444444
94041,60.0,1,2.0,25217.42334109203,2.0,134.0,1245.0,41.12999999999999,2195.0,1982.0,783.0,0.0,0.0,0.0,180.0,0.73,94.08894899177962,3.9,3.1,4.5,14.0,90.0,False,1.1074672048435923
94042,26.0,0,7.0,81986.06857925707,2.0,144.0,1451.0,66.2,2076.0,1762.0,1228.0,150.0,0.0,300.0,180.0,1.25,81.44438397380328,3.9,3.6,4.2,18.0,82.0,False,1.1782065834279227
94043,64.0,0,6.0,10837.036147850413,2.0,138.0,3297.0,75.58999999999999,4589.0,3029.0,1338.0,0.0,0.0,0.0,480.0,0.83,97.73351365651966,5.0,3.7,3.9,9.0,129.0,False,1.5150214592274678
94044,34.0,1,2.0,49610.52061093343,1.0,134.0,2371.0,134.92000000000002,3924.0,2448.0,2227.0,1500.0,1920.0,4920.0,120.0,0.82,96.200122257178,4.3,4.8,4.1,15.0,94.0,False,1.6029411764705883
94045,62.0,0,2.0,10327.615087886838,1.0,148.0,965.0,42.52000000000001,1819.0,718.0,398.0,0.0,0.0,0.0,120.0,0.95,90.49999573819272,4.1,3.2,4.1,15.0,342.0,False,2.533426183844011
94046,46.0,0,2.0,27451.50854710718,2.0,136.0,2015.0,63.67,2930.0,1286.0,1071.0,1260.0,480.0,3000.0,30.0,1.1,83.84202987764414,3.8,3.6,4.2,22.0,91.0,False,2.2783825816485224
94047,45.0,1,1.0,39119.09736561773,2.0,138.0,5695.0,254.10000000000005,12756.0,5735.0,3861.0,0.0,0.0,0.0,180.0,0.54,115.63391955472184,4.1,3.5,3.6,12.0,126.0,False,2.2242371403661725
94048,80.0,0,3.0,19219.7971621062,2.0,139.0,1765.0,63.02,2765.0,1973.0,1127.0,1440.0,480.0,3360.0,240.0,0.99,77.00811891291687,4.1,3.2,4.0,18.0,87.0,False,1.4014191586416624
94049,66.0,1,4.0,9984.41213147759,1.0,139.0,1259.0,32.300000000000004,2200.0,994.0,399.0,0.0,240.0,240.0,480.0,0.92,68.67119597508798,3.9,3.0,3.8,14.0,105.0,False,2.2132796780684103
94050,55.0,1,3.0,86525.95021538611,2.0,146.0,2198.0,62.95,4441.0,2529.0,1229.0,1500.0,1260.0,4260.0,180.0,0.93,72.58578018138267,3.9,3.2,3.9,18.0,94.0,False,1.7560300514037168
94051,80.0,1,3.0,45657.67421882169,1.0,142.0,1810.0,57.03,2225.0,3110.0,1602.0,0.0,120.0,120.0,420.0,0.93,62.13357742120354,4.1,3.4,4.1,15.0,101.0,False,0.7154340836012861
94057,62.0,1,3.0,35077.37231340944,1.0,135.0,2734.0,193.62,4994.0,2473.0,1495.0,0.0,60.0,60.0,120.0,0.8,83.25609745276236,3.9,3.7,3.2,16.0,93.0,False,2.0194096239385364
94058,61.0,1,3.0,80632.74306650227,1.0,140.0,1020.0,28.180000000000003,607.0,2033.0,472.0,0.0,1440.0,1440.0,600.0,1.01,63.33436102475147,4.0,3.7,3.8,21.0,113.0,False,0.2985735366453517
94060,59.0,0,3.0,27901.400193027945,1.0,140.0,1014.0,66.63999999999999,1449.0,2703.0,954.0,0.0,0.0,0.0,960.0,0.88,99.05499203807824,4.0,3.5,4.2,17.0,89.0,False,0.5360710321864595
94061,36.0,1,1.0,30310.960581591677,1.0,144.0,1445.0,80.81,2348.0,2240.0,1227.0,0.0,0.0,0.0,180.0,0.6,119.2248431977211,3.4,3.4,4.0,10.0,92.0,False,1.0482142857142858
94065,69.0,1,4.0,14084.8121461703,1.0,139.0,1080.0,49.290000000000006,1708.0,806.0,505.0,390.0,0.0,780.0,300.0,0.93,66.53305155011657,3.8,4.0,4.1,18.0,93.0,False,2.119106699751861
94067,44.0,0,1.0,20480.46630748794,2.0,140.0,3118.0,104.81,4195.0,3258.0,1825.0,0.0,1500.0,1500.0,360.0,0.69,117.02881913272002,4.1,3.3,3.8,18.0,100.0,False,1.2875997544505833
94068,69.0,0,3.0,159061.4890637449,1.0,143.0,2261.0,93.22,4478.0,3147.0,1427.0,60.0,0.0,120.0,420.0,1.37,55.83996679695678,3.9,3.6,4.2,22.0,98.0,True,1.42294248490626
94069,61.0,0,3.0,217036.3547876716,2.0,147.0,2145.0,101.24,4354.0,2817.0,1735.0,0.0,0.0,0.0,240.0,0.84,99.21464318423014,4.7,3.2,4.0,19.0,128.0,False,1.5456159034433794
94073,69.0,0,2.0,7488.16689312654,1.0,145.0,1556.0,86.5,3182.0,2931.0,1198.0,0.0,960.0,960.0,120.0,1.46,51.73523248366458,3.9,2.8,3.9,29.0,106.0,True,1.0856363016035482
94074,29.0,0,3.0,169951.02174059837,2.0,142.0,1749.0,64.28,3263.0,2534.0,1060.0,0.0,0.0,0.0,120.0,0.9,118.56571490163182,4.5,3.7,4.1,13.0,94.0,False,1.287687450670876
94078,19.0,1,3.0,68094.33081449968,1.0,146.0,1649.0,37.03,2642.0,2214.0,811.0,90.0,30.0,210.0,480.0,1.0,83.22759797671446,4.3,3.8,4.7,8.0,91.0,False,1.1933152664859983
94080,79.0,1,3.0,88459.79671816471,1.0,142.0,1689.0,84.21000000000001,3152.0,2883.0,1363.0,0.0,200.0,200.0,600.0,0.79,76.04215143362875,4.3,3.6,4.2,22.0,88.0,False,1.0933055844606312
94081,80.0,0,6.0,13779.958483361215,1.0,148.0,2553.0,95.41,3605.0,3947.0,2106.0,120.0,0.0,240.0,360.0,1.03,73.43347475641168,3.8,3.8,4.0,26.0,155.0,False,0.9133519128451989
94082,69.0,1,3.0,195848.9600947353,1.0,148.0,2256.0,88.15999999999998,2082.0,3636.0,1524.0,315.0,135.0,765.0,360.0,0.75,86.12782203418428,3.8,2.6,4.0,18.0,103.0,False,0.5726072607260726
94087,19.0,0,3.0,61809.69660187882,1.0,146.0,3025.0,117.39,4233.0,2781.0,1707.0,2040.0,1920.0,6000.0,180.0,0.88,127.03303409300769,3.4,3.5,4.3,13.0,97.0,False,1.5221143473570657
94092,52.0,0,1.0,28682.529798506974,2.0,136.0,1435.0,68.96,2301.0,1536.0,1052.0,0.0,0.0,0.0,30.0,1.67,48.940364054232816,4.1,2.8,4.0,19.0,78.0,True,1.498046875
94093,36.0,0,3.0,167220.69884342013,2.0,140.0,2775.0,80.08,1791.0,2732.0,1581.0,0.0,210.0,210.0,480.0,0.79,118.07281770048796,4.3,3.8,4.3,16.0,126.0,False,0.6555636896046853
94095,78.0,1,4.0,14322.900524700644,2.0,147.0,655.0,15.96,865.0,275.0,200.0,0.0,0.0,0.0,480.0,2.21,22.2657426134843,4.2,3.7,3.8,25.0,83.0,True,3.1454545454545455
94097,62.0,1,3.0,45319.56318296897,1.0,135.0,1550.0,77.56,1685.0,1939.0,1249.0,120.0,1560.0,1800.0,240.0,0.42,110.52790415094265,3.9,3.8,3.8,18.0,86.0,False,0.8690046415678184
94098,23.0,1,4.0,26241.837093658272,1.0,144.0,2753.0,63.03999999999999,4209.0,2279.0,1564.0,0.0,100.0,100.0,720.0,0.73,118.43386385293564,3.5,3.6,4.1,8.0,86.0,False,1.8468626590609916
94101,64.0,1,6.0,23294.26889538733,2.0,138.0,1098.0,66.43,2832.0,1949.0,1038.0,0.0,720.0,720.0,240.0,0.81,81.01025448406025,4.1,3.7,4.3,18.0,116.0,False,1.453052847614161
94105,46.0,1,1.0,27389.61734297713,2.0,141.0,2385.0,40.830000000000005,4507.0,1532.0,751.0,270.0,180.0,720.0,720.0,0.75,99.3725969693899,4.1,3.2,3.3,9.0,88.0,False,2.941906005221932
94106,19.0,0,1.0,34546.965874096386,2.0,141.0,6356.0,271.06000000000006,11948.0,6618.0,3856.0,810.0,2760.0,4380.0,300.0,0.96,116.77092805476404,4.8,3.2,4.7,13.0,98.0,False,1.8053792686612269
94112,28.0,0,1.0,54130.73476740682,2.0,136.0,1352.0,63.06,3830.0,2060.0,787.0,840.0,540.0,2220.0,240.0,1.08,95.8611504157996,4.1,3.4,4.4,16.0,81.0,False,1.8592233009708738
94113,60.0,1,3.0,72777.30499198157,1.0,141.0,1492.0,90.91,2397.0,3242.0,1119.0,0.0,0.0,0.0,180.0,0.52,106.29680801193322,4.2,3.6,4.0,17.0,213.0,False,0.7393584207279457
94116,60.0,1,3.0,177352.78296625937,2.0,137.0,718.0,34.62,1471.0,2216.0,648.0,0.0,210.0,210.0,360.0,0.75,91.08618933780032,3.5,4.6,4.2,19.0,81.0,False,0.6638086642599278
94117,57.0,1,3.0,26320.959445026365,1.0,135.0,2483.0,124.66,6332.0,3823.0,1801.0,0.0,0.0,0.0,480.0,0.9,74.56552172727258,3.7,3.6,3.7,19.0,179.0,False,1.656290871043683
94118,50.0,1,2.0,19878.633581759383,1.0,148.0,1562.0,47.010000000000005,2150.0,2890.0,971.0,630.0,630.0,1890.0,120.0,0.73,100.12642113060136,4.4,4.0,3.9,14.0,92.0,False,0.7439446366782007
94119,57.0,0,4.0,16695.105564900885,1.0,144.0,1119.0,52.26,1631.0,1211.0,869.0,0.0,0.0,0.0,480.0,1.24,67.81345956339482,3.8,3.7,4.4,14.0,94.0,False,1.346820809248555
94124,55.0,0,2.0,26719.36637154455,1.0,148.0,3179.0,132.02,3287.0,5747.0,1599.0,0.0,1440.0,1440.0,240.0,1.14,75.95180802015436,4.8,4.6,4.1,17.0,81.0,False,0.5719505829128241
94126,62.0,1,4.0,8264.971565020256,1.0,147.0,2619.0,96.19,4080.0,2239.0,1796.0,0.0,750.0,750.0,360.0,0.58,102.25601583822582,4.1,3.4,3.7,13.0,204.0,False,1.8222420723537294
94127,34.0,1,6.0,38208.153975355664,1.0,138.0,1168.0,37.82,1157.0,1841.0,692.0,0.0,0.0,0.0,180.0,0.7,116.3146983724907,3.7,3.3,3.7,10.0,91.0,False,0.6284627919608908
94128,35.0,0,4.0,26210.78613257339,2.0,144.0,2229.0,78.91000000000001,3162.0,1546.0,1225.0,60.0,840.0,960.0,120.0,1.14,86.0118459555663,4.1,4.1,4.2,14.0,94.0,False,2.0452781371280726
94130,27.0,1,4.0,18933.52492764724,1.0,144.0,1126.0,23.67,1039.0,1626.0,466.0,0.0,2220.0,2220.0,720.0,0.87,93.59145453049304,4.2,4.1,3.9,15.0,88.0,False,0.6389913899138991
94131,39.0,1,3.0,50216.95449352429,1.0,146.0,1700.0,54.09,2732.0,2493.0,840.0,0.0,0.0,0.0,300.0,0.85,89.31913283408254,3.9,3.3,3.4,11.0,115.0,False,1.095868431608504
94133,28.0,0,1.0,25580.561615087125,1.0,148.0,2751.0,92.57,3578.0,2825.0,1804.0,720.0,360.0,1800.0,180.0,1.1,93.77345575312144,4.0,3.5,4.3,20.0,93.0,False,1.2665486725663717
94134,61.0,1,2.0,26019.64069468028,2.0,138.0,1192.0,46.61,3583.0,1090.0,665.0,0.0,0.0,0.0,180.0,0.7,98.33483510581422,3.5,4.0,3.9,13.0,89.0,False,3.2871559633027525
94137,49.0,1,4.0,46448.72896887225,1.0,134.0,1002.0,31.44,1516.0,3002.0,506.0,0.0,0.0,0.0,660.0,1.05,65.13433358802786,3.9,2.9,3.9,16.0,88.0,False,0.5049966688874084
94138,72.0,1,6.0,10839.071394855093,1.0,145.0,900.0,38.870000000000005,1080.0,1776.0,909.0,0.0,840.0,840.0,300.0,0.72,88.77996360896097,4.9,3.9,3.9,30.0,105.0,False,0.6081081081081081
94139,49.0,1,2.0,20256.92206174911,2.0,138.0,3180.0,142.26,4930.0,2937.0,1588.0,0.0,0.0,0.0,120.0,0.94,74.38471590270265,4.9,3.7,3.7,18.0,94.0,False,1.6785835886959481
94141,71.0,0,4.0,18649.2722015114,1.0,141.0,2291.0,122.27,3601.0,3174.0,1605.0,0.0,0.0,0.0,240.0,0.94,86.66712549317985,3.5,2.8,4.3,9.0,112.0,False,1.1345305608065532
94144,18.0,0,7.0,19752.30732391188,2.0,140.0,4207.0,232.79,5382.0,5109.0,2444.0,0.0,720.0,720.0,360.0,0.83,130.10376414895478,4.1,3.3,3.9,11.0,107.0,False,1.0534351145038168
94148,18.0,1,1.0,21341.32887205415,1.0,147.0,3300.0,151.42000000000002,4012.0,6160.0,2426.0,0.0,0.0,0.0,22.0,0.71,126.31599570409516,3.9,4.4,4.6,14.0,86.0,False,0.6512987012987013
94150,68.0,0,3.0,17154.297793627025,2.0,146.0,1352.0,28.450000000000003,1225.0,669.0,512.0,240.0,0.0,480.0,120.0,1.42,53.82261895734938,4.8,4.2,4.0,21.0,222.0,True,1.8310911808669657
94151,23.0,0,2.0,98092.69832889164,1.0,139.0,2454.0,84.95,3727.0,4169.0,1802.0,225.0,290.0,740.0,480.0,0.82,126.582778499462,3.8,4.0,4.5,11.0,92.0,False,0.893979371551931
94152,64.0,1,3.0,39623.45608461478,1.0,136.0,2712.0,141.40999999999997,5522.0,3685.0,2030.0,90.0,495.0,675.0,60.0,0.69,96.85239573532772,3.8,3.7,4.1,20.0,82.0,False,1.498507462686567
94154,80.0,1,3.0,53868.28536299992,2.0,143.0,2742.0,98.12,3948.0,4819.0,2109.0,0.0,0.0,0.0,240.0,0.96,59.81091109234333,4.9,3.8,3.9,18.0,91.0,True,0.8192571072836689
94155,56.0,0,6.0,7880.070963878521,1.0,148.0,1636.0,39.88000000000001,1566.0,2461.0,1202.0,240.0,240.0,720.0,600.0,0.98,90.50063778359142,3.8,3.8,4.6,13.0,96.0,False,0.6363266964648517
94156,63.0,1,1.0,19867.28359111357,2.0,141.0,2416.0,61.85,4168.0,2980.0,1117.0,0.0,1680.0,1680.0,240.0,0.82,80.3241990777936,4.4,3.6,4.0,15.0,105.0,False,1.3986577181208053
94157,60.0,1,6.0,15137.159036273146,2.0,140.0,1424.0,50.96,2018.0,1770.0,1118.0,0.0,0.0,0.0,180.0,0.57,103.9707528939343,3.8,3.9,4.2,12.0,96.0,False,1.1401129943502826
94160,22.0,1,3.0,95674.89807631091,1.0,134.0,1451.0,106.37,3034.0,2324.0,1608.0,720.0,1200.0,2640.0,300.0,0.76,113.55023233766674,4.3,3.8,4.2,11.0,91.0,False,1.3055077452667814
94162,64.0,0,2.0,8447.180947181972,2.0,141.0,1189.0,27.440000000000005,462.0,1325.0,919.0,0.0,0.0,0.0,120.0,0.77,99.97350016806786,4.1,2.9,3.8,19.0,88.0,False,0.34867924528301886
94163,35.0,0,3.0,21026.81373569372,2.0,139.0,6642.0,133.72,7273.0,5328.0,3337.0,1200.0,1800.0,4200.0,60.0,0.97,104.40420937362192,4.2,3.3,4.0,17.0,88.0,False,1.3650525525525525
94164,18.0,1,6.0,15950.129220564928,1.0,138.0,3442.0,138.06999999999996,5703.0,3281.0,1851.0,0.0,0.0,0.0,720.0,0.69,128.93081176120924,4.3,4.0,4.6,9.0,90.0,False,1.738189576348674
94166,28.0,0,3.0,126438.51069201196,2.0,136.0,4211.0,134.54000000000002,5635.0,3304.0,1953.0,100.0,60.0,260.0,360.0,1.12,91.76763005409724,4.4,2.7,4.4,15.0,89.0,False,1.7055084745762712
94168,66.0,1,2.0,11360.184347758064,1.0,139.0,1259.0,71.56,1753.0,2842.0,1180.0,0.0,120.0,120.0,180.0,0.66,96.68539928579946,3.9,3.9,4.4,21.0,92.0,False,0.6168191414496833
94173,68.0,1,4.0,12621.34812645429,1.0,145.0,886.0,25.98,1297.0,676.0,311.0,0.0,360.0,360.0,120.0,0.6,97.70898841383196,3.8,3.4,3.7,17.0,81.0,False,1.918639053254438
94174,45.0,1,1.0,22151.152954968264,2.0,136.0,1785.0,77.26999999999998,2575.0,3021.0,1276.0,180.0,540.0,900.0,120.0,0.62,111.84736209831335,4.1,4.1,4.0,16.0,98.0,False,0.8523667659715326
94175,77.0,0,3.0,9942.677907773828,2.0,139.0,7084.0,255.03,14215.0,12250.0,4295.0,1920.0,540.0,4380.0,240.0,0.93,84.57114937736411,4.1,3.6,3.4,23.0,100.0,False,1.160408163265306
94176,24.0,1,3.0,145674.53828034006,1.0,135.0,2274.0,75.36,4642.0,2860.0,1446.0,1260.0,1140.0,3660.0,420.0,0.78,108.70481956451373,3.9,3.3,3.9,11.0,87.0,False,1.623076923076923
94177,59.0,1,1.0,22323.32879967749,2.0,140.0,1563.0,62.56999999999999,2452.0,2253.0,1000.0,0.0,0.0,0.0,240.0,0.48,109.04327798382737,4.2,3.4,3.9,16.0,94.0,False,1.0883266755437195
94179,72.0,0,3.0,9478.713540326507,2.0,139.0,2025.0,78.94999999999997,3312.0,3995.0,1708.0,0.0,0.0,0.0,900.0,1.9,37.01710817191942,4.5,3.1,3.9,34.0,199.0,True,0.8290362953692115
94181,36.0,1,6.0,38208.153975355664,1.0,138.0,3040.0,69.76000000000002,3257.0,1713.0,1431.0,180.0,420.0,780.0,120.0,0.56,121.22380085318144,3.4,2.6,3.6,8.0,102.0,False,1.9013426736719206
94183,49.0,0,3.0,113714.75220995196,1.0,142.0,2519.0,120.79,4191.0,2768.0,1635.0,0.0,0.0,0.0,600.0,1.38,62.6866526716309,4.2,3.8,4.1,17.0,89.0,False,1.5140895953757225
94187,54.0,1,6.0,26451.365294919287,2.0,138.0,719.0,27.710000000000004,1349.0,765.0,502.0,0.0,0.0,0.0,60.0,0.58,107.47239525939187,4.1,3.3,4.2,15.0,95.0,False,1.7633986928104575
94189,21.0,1,1.0,47206.96498490212,2.0,136.0,3148.0,112.98,7817.0,2139.0,1793.0,0.0,0.0,0.0,120.0,0.61,130.36224618381786,4.2,3.2,3.1,9.0,83.0,False,3.654511453950444
94190,43.0,0,6.0,28042.84973471198,1.0,148.0,1592.0,100.76999999999995,2398.0,2623.0,1135.0,60.0,195.0,315.0,180.0,0.99,96.93347804001834,3.6,3.7,4.6,14.0,106.0,False,0.9142203583682806
94192,54.0,1,3.0,252445.41171123483,2.0,142.0,1131.0,48.92999999999999,2863.0,1172.0,834.0,0.0,480.0,480.0,240.0,0.51,110.85586171453662,4.5,4.4,3.8,12.0,123.0,False,2.4428327645051193
94193,58.0,1,4.0,26440.852630056965,2.0,137.0,2252.0,75.68,3727.0,2187.0,1330.0,90.0,0.0,180.0,600.0,0.65,101.99219191981044,4.0,2.9,3.7,10.0,98.0,False,1.7041609510745312
94198,63.0,1,1.0,11353.069314453973,2.0,136.0,2048.0,48.4,3240.0,2904.0,947.0,0.0,0.0,0.0,300.0,0.88,73.79786880992505,4.4,3.9,4.1,16.0,88.0,False,1.115702479338843
94200,26.0,1,2.0,26817.68986627753,2.0,144.0,1904.0,74.7,2041.0,1799.0,949.0,0.0,0.0,0.0,240.0,0.56,129.00245422380314,4.1,3.8,4.2,8.0,80.0,False,1.1345191773207337
94201,77.0,0,6.0,29003.14014525986,1.0,148.0,1952.0,87.9,5417.0,1718.0,1550.0,0.0,0.0,0.0,300.0,0.67,96.1650822409204,4.2,3.4,4.2,12.0,97.0,False,3.153084982537835
94202,70.0,0,3.0,11111.121679951157,2.0,148.0,2323.0,96.02,3435.0,3500.0,1828.0,0.0,600.0,600.0,360.0,0.93,88.33428256148879,4.5,4.4,3.9,18.0,86.0,False,0.9814285714285714
94205,73.0,1,3.0,135133.05493715417,2.0,143.0,2059.0,72.23,2797.0,3579.0,1074.0,0.0,140.0,140.0,300.0,1.21,47.3228079898165,3.9,3.5,4.1,21.0,104.0,True,0.7815032131880414
94206,56.0,0,6.0,13539.706196665971,2.0,134.0,2139.0,141.46,3466.0,3349.0,1784.0,60.0,300.0,420.0,180.0,0.85,101.98320154659235,4.2,4.0,4.3,22.0,83.0,False,1.0349358017318602
94207,62.0,0,4.0,14385.593794407248,2.0,137.0,2793.0,55.28000000000001,2775.0,1968.0,882.0,0.0,360.0,360.0,600.0,1.04,81.18520243716152,4.3,3.7,4.0,12.0,88.0,False,1.4100609756097562
94208,45.0,1,4.0,12386.156692358429,1.0,147.0,2427.0,57.06,4035.0,2481.0,949.0,120.0,120.0,360.0,720.0,0.88,82.53952338250114,4.1,4.0,4.0,8.0,87.0,False,1.626360338573156
94210,80.0,0,4.0,10298.487718187049,2.0,145.0,3013.0,102.62,5191.0,5210.0,1735.0,4200.0,0.0,8400.0,300.0,1.12,66.41055676899744,4.7,2.8,4.1,21.0,91.0,False,0.9963531669865643
94211,23.0,1,3.0,104368.1218467227,2.0,137.0,1697.0,62.29,1754.0,3999.0,1302.0,80.0,30.0,190.0,360.0,0.72,120.41049301762116,4.1,3.7,4.5,13.0,84.0,False,0.4386096524131033
94212,67.0,1,6.0,11393.962022189857,2.0,135.0,1439.0,51.54,2272.0,1436.0,648.0,210.0,0.0,420.0,120.0,0.83,77.21919778113373,3.7,3.4,3.7,10.0,146.0,False,1.5821727019498608
94214,19.0,1,3.0,68386.90939347129,2.0,146.0,1841.0,77.4,2749.0,1602.0,1456.0,0.0,720.0,720.0,480.0,0.71,125.53283653072975,4.0,3.6,3.9,10.0,86.0,False,1.715980024968789
94216,67.0,1,4.0,16603.0330808325,2.0,138.0,499.0,24.98,1091.0,646.0,403.0,0.0,0.0,0.0,420.0,1.29,45.48951892657054,4.4,3.9,4.0,23.0,110.0,True,1.6888544891640866
94219,23.0,1,1.0,53256.07515013636,2.0,137.0,2021.0,99.42000000000002,4632.0,2192.0,1127.0,1080.0,1080.0,3240.0,360.0,0.89,93.36741228922952,4.1,2.8,3.3,16.0,94.0,False,2.113138686131387
94223,43.0,1,2.0,22680.5038146116,2.0,139.0,3133.0,109.71,3364.0,3207.0,1867.0,0.0,50.0,50.0,180.0,0.74,102.888092302775,4.2,3.1,4.1,8.0,113.0,False,1.0489554100405363
94227,80.0,0,3.0,35107.22232065054,2.0,142.0,1378.0,68.77999999999999,1473.0,3066.0,1210.0,0.0,360.0,360.0,180.0,1.2,61.13378048810373,4.1,3.6,4.3,25.0,98.0,False,0.48043052837573386
94229,69.0,1,4.0,16053.278533949682,1.0,139.0,1165.0,56.41000000000001,2087.0,1082.0,656.0,0.0,0.0,0.0,300.0,0.92,67.40181452600241,3.6,2.8,3.4,15.0,112.0,False,1.9288354898336415
94232,70.0,0,3.0,133053.3234790691,1.0,143.0,2021.0,65.92000000000002,3789.0,3361.0,1390.0,0.0,0.0,0.0,600.0,0.8,95.20634106410154,3.5,3.4,4.0,15.0,197.0,False,1.127343052662898
94233,62.0,0,1.0,10685.48018643668,1.0,148.0,1165.0,28.19,977.0,3726.0,798.0,0.0,0.0,0.0,240.0,0.69,104.6344476853122,4.1,3.2,4.5,15.0,88.0,False,0.262211486849168
94235,18.0,1,3.0,49629.79636667722,1.0,146.0,2288.0,97.86,3048.0,1621.0,1565.0,900.0,180.0,1980.0,420.0,0.93,91.36688739516116,4.7,3.0,4.0,17.0,84.0,False,1.8803207896360272
94237,63.0,0,3.0,276067.6585886459,2.0,145.0,2987.0,104.01,4209.0,3436.0,1670.0,0.0,420.0,420.0,600.0,1.21,67.27805586080736,4.0,3.8,4.3,17.0,122.0,False,1.2249708963911525
94241,30.0,1,6.0,30326.99714992055,1.0,136.0,2021.0,102.27,3509.0,1881.0,1361.0,2100.0,600.0,4800.0,480.0,0.81,100.0862124328966,3.6,3.0,4.7,16.0,89.0,False,1.8654970760233918
94242,60.0,0,4.0,8010.824800908851,1.0,139.0,2952.0,156.66,4519.0,3228.0,1790.0,0.0,60.0,60.0,240.0,0.79,101.70112223583632,4.4,4.6,4.1,12.0,111.0,False,1.3999380421313508
94243,80.0,0,7.0,14194.79060173702,1.0,135.0,1348.0,65.94000000000001,2139.0,2229.0,1015.0,0.0,0.0,0.0,600.0,1.05,71.75820881702404,4.4,3.9,4.0,15.0,134.0,False,0.9596231493943472
94245,31.0,1,3.0,50783.90006072839,2.0,136.0,2799.0,85.55,2538.0,3422.0,1798.0,0.0,660.0,660.0,240.0,0.78,104.07388011591678,3.9,3.1,4.2,18.0,86.0,False,0.7416715371127995
94247,27.0,0,3.0,60519.93534792554,2.0,143.0,2824.0,102.25,4433.0,2161.0,1335.0,225.0,0.0,450.0,480.0,0.96,111.10322645915728,4.4,3.3,3.6,14.0,98.0,False,2.051365108745951
94248,38.0,1,4.0,20839.821783490992,2.0,148.0,867.0,6.01,572.0,222.0,225.0,0.0,0.0,0.0,180.0,0.7,113.45680996255834,4.2,3.1,3.4,9.0,88.0,False,2.5765765765765765
94249,66.0,1,4.0,14735.928684554072,1.0,136.0,909.0,31.24,1363.0,1753.0,365.0,0.0,780.0,780.0,180.0,0.83,77.70094363164996,3.6,4.0,3.9,13.0,105.0,False,0.7775242441528808
94251,22.0,1,3.0,86111.37980778937,1.0,145.0,1214.0,29.21,1434.0,1014.0,717.0,0.0,990.0,990.0,360.0,0.95,86.87523883829368,3.7,4.6,3.8,11.0,81.0,False,1.4142011834319526
94253,70.0,1,7.0,15942.046320702895,2.0,148.0,1559.0,71.38000000000001,3206.0,2547.0,1310.0,0.0,0.0,0.0,240.0,0.78,81.65869786268793,4.0,3.5,3.8,7.0,77.0,False,1.2587357675696897
94255,43.0,0,1.0,65890.62186432772,2.0,136.0,2158.0,89.18,3079.0,3038.0,1550.0,60.0,120.0,240.0,240.0,0.84,110.96701697556227,4.1,3.8,4.9,17.0,92.0,False,1.0134957208689928
94258,51.0,0,3.0,17075.401815230143,2.0,139.0,1754.0,74.03999999999998,2875.0,1799.0,1299.0,420.0,720.0,1560.0,120.0,1.09,82.17054568207935,4.9,3.9,4.5,19.0,95.0,False,1.5981100611450807
94259,50.0,1,6.0,22192.80584371877,1.0,138.0,1519.0,52.75999999999999,4298.0,2612.0,701.0,0.0,600.0,600.0,60.0,0.73,100.12642113060136,3.9,3.4,4.3,13.0,96.0,False,1.6454823889739663
94260,48.0,1,6.0,13364.742918862914,2.0,146.0,1027.0,32.0,1444.0,974.0,709.0,0.0,0.0,0.0,120.0,0.64,108.94310436439524,4.6,4.0,3.8,9.0,93.0,False,1.482546201232033
94261,63.0,1,6.0,19910.36795499129,1.0,136.0,598.0,21.77,831.0,688.0,371.0,0.0,0.0,0.0,120.0,0.64,99.23951487740068,3.4,3.4,4.8,13.0,264.0,False,1.2078488372093024
94262,22.0,0,1.0,80781.56437394333,1.0,135.0,5979.0,254.94,11326.0,4950.0,3684.0,2820.0,1260.0,6900.0,300.0,0.84,126.44890441263205,3.8,4.0,4.6,19.0,88.0,False,2.288080808080808
94265,75.0,0,7.0,14826.498261377408,2.0,146.0,2116.0,66.1,3141.0,2811.0,923.0,0.0,0.0,0.0,480.0,0.78,92.99967758664538,5.1,3.3,3.7,14.0,163.0,False,1.1173959445037354
94266,43.0,0,2.0,30934.57248709164,1.0,148.0,4117.0,175.55999999999997,6389.0,6570.0,2778.0,0.0,0.0,0.0,90.0,0.85,110.57112804401125,4.3,4.2,4.3,12.0,75.0,False,0.9724505327245053
94267,80.0,1,6.0,13067.885206915476,2.0,136.0,2596.0,105.98999999999998,4610.0,3972.0,1629.0,0.0,0.0,0.0,120.0,0.56,92.20268385727051,4.1,3.6,4.2,18.0,105.0,False,1.160624370594159
94270,33.0,0,1.0,46352.65022464461,2.0,138.0,1994.0,114.2,2794.0,3921.0,1756.0,120.0,120.0,360.0,60.0,0.8,119.84037399022378,4.4,3.4,4.6,20.0,106.0,False,0.7125733231318541
94271,18.0,0,3.0,20486.47703093832,1.0,145.0,1731.0,114.34,3233.0,3909.0,1722.0,150.0,840.0,1140.0,360.0,0.86,128.71611210172782,3.8,3.1,4.2,18.0,103.0,False,0.8270657457150167
94274,58.0,1,2.0,70663.79397776892,1.0,137.0,1433.0,53.7,2928.0,2294.0,1660.0,150.0,140.0,440.0,360.0,0.83,81.66469676678634,3.9,3.5,4.0,13.0,105.0,False,1.2763731473408892
94275,54.0,0,1.0,19153.854240240013,2.0,140.0,3143.0,173.52000000000004,6072.0,4971.0,2348.0,0.0,0.0,0.0,180.0,0.66,111.458425511124,4.0,2.9,4.2,16.0,85.0,False,1.2214846107423054
94277,41.0,1,2.0,9688.185081131092,2.0,148.0,902.0,39.13,971.0,1160.0,881.0,0.0,0.0,0.0,60.0,0.5,120.76592224979056,3.8,3.6,4.2,8.0,84.0,False,0.8370689655172414
94278,62.0,0,6.0,13989.1355667548,2.0,143.0,2227.0,98.38,4036.0,4319.0,1612.0,0.0,0.0,0.0,240.0,0.96,89.36992746555282,4.8,3.1,4.1,17.0,102.0,False,0.9344755730493169
94279,39.0,0,6.0,19895.521177008373,2.0,138.0,1749.0,86.1,2359.0,3562.0,1360.0,300.0,240.0,840.0,240.0,1.04,93.66989912347192,4.2,3.8,4.2,15.0,93.0,False,0.6622683885457608
94283,60.0,1,4.0,23801.97352245687,1.0,143.0,1823.0,62.07999999999999,3204.0,3085.0,918.0,0.0,1350.0,1350.0,300.0,0.57,103.9707528939343,3.6,3.7,4.0,15.0,283.0,False,1.0385737439222043
94285,43.0,0,2.0,48102.95185185292,2.0,143.0,6354.0,117.84,5223.0,3840.0,2463.0,90.0,90.0,270.0,420.0,0.87,109.79724461822728,4.0,4.1,3.7,12.0,299.0,False,1.36015625
94286,75.0,1,4.0,22635.88747412362,1.0,143.0,1888.0,62.74,2844.0,5054.0,1192.0,0.0,300.0,300.0,180.0,0.6,93.54648291737988,3.3,3.6,4.0,11.0,114.0,False,0.5627225959635932
94287,20.0,0,3.0,231078.4288494223,2.0,142.0,1702.0,126.91000000000004,4003.0,3028.0,2931.0,900.0,0.0,1800.0,360.0,0.96,116.0469483008245,4.6,3.3,4.2,10.0,83.0,False,1.3219947159841479
94290,35.0,1,6.0,20399.71486636103,1.0,144.0,1592.0,53.42,1771.0,2271.0,655.0,0.0,120.0,120.0,480.0,0.72,111.7512123963772,4.2,3.4,4.1,12.0,89.0,False,0.7798326728313518
94291,27.0,1,1.0,43600.51084888297,1.0,135.0,1759.0,117.01,4903.0,4015.0,2087.0,180.0,1710.0,2070.0,420.0,0.76,110.07355406039989,3.7,3.6,4.0,23.0,80.0,False,1.2211706102117061
94293,64.0,0,3.0,147281.12369317314,2.0,135.0,2259.0,103.26,4748.0,2413.0,1616.0,120.0,105.0,345.0,180.0,0.92,92.89010998634176,4.3,3.3,3.9,14.0,89.0,False,1.9676750932449234
94295,48.0,1,6.0,23019.246785070063,1.0,137.0,2105.0,51.82,2496.0,2136.0,1320.0,0.0,150.0,150.0,480.0,0.6,110.65082818956236,4.0,3.6,3.8,10.0,87.0,False,1.1685393258426966
94300,69.0,1,3.0,144636.784292643,2.0,142.0,2495.0,86.46,5016.0,3072.0,1395.0,0.0,0.0,0.0,360.0,0.56,98.7312524522599,4.1,3.5,3.6,17.0,102.0,False,1.6328125
94301,64.0,1,6.0,5573.205152032362,2.0,135.0,1382.0,48.93000000000001,3786.0,1384.0,785.0,0.0,0.0,0.0,720.0,1.0,62.91033808349109,4.2,4.0,3.9,17.0,90.0,False,2.735549132947977
94302,24.0,1,6.0,49547.27917138624,1.0,138.0,2680.0,106.40999999999998,3715.0,3468.0,1981.0,0.0,0.0,0.0,300.0,0.58,129.51711320691763,3.5,2.7,2.7,11.0,70.0,False,1.0712226066897348
94303,65.0,0,2.0,5666.772376106171,2.0,138.0,1216.0,48.31999999999999,2322.0,1842.0,744.0,180.0,840.0,1200.0,120.0,1.05,78.77469012028969,4.6,3.7,4.0,23.0,204.0,False,1.260586319218241
94304,40.0,0,6.0,11824.967075577151,1.0,141.0,2013.0,62.46000000000001,3902.0,2100.0,1076.0,0.0,0.0,0.0,900.0,0.88,111.47962820346706,3.6,4.1,4.6,15.0,93.0,False,1.858095238095238
94305,18.0,1,3.0,74591.86048703776,2.0,146.0,2090.0,70.61999999999999,2652.0,1642.0,1030.0,0.0,1200.0,1200.0,360.0,0.77,114.59864907682773,4.2,3.2,4.1,8.0,91.0,False,1.61510353227771
94306,22.0,1,3.0,118245.91165841748,2.0,145.0,2525.0,84.81,4323.0,3696.0,1830.0,360.0,2520.0,3240.0,60.0,0.92,90.28569491665004,4.2,3.6,4.0,15.0,84.0,False,1.1696428571428572
94314,48.0,0,6.0,27483.774804625045,1.0,137.0,2429.0,124.87000000000003,6254.0,3401.0,1560.0,0.0,0.0,0.0,60.0,0.9,105.35131965218496,3.9,2.8,4.1,13.0,92.0,False,1.8388709203175537
94319,44.0,0,3.0,225034.52706025197,1.0,148.0,2325.0,51.61,2688.0,2894.0,994.0,120.0,480.0,720.0,480.0,1.05,89.76517106293736,3.8,3.3,4.3,15.0,95.0,False,0.9288182446440912
94320,33.0,0,4.0,31203.926229917703,2.0,146.0,3332.0,119.89,6005.0,4519.0,2145.0,4620.0,60.0,9300.0,120.0,1.22,80.28128373003447,3.8,2.7,4.1,16.0,80.0,False,1.3288338127904404
94321,60.0,0,4.0,11928.799307951367,2.0,136.0,1478.0,43.58999999999999,2421.0,1256.0,828.0,0.0,0.0,0.0,300.0,1.14,73.62631739255642,3.8,2.6,3.8,11.0,108.0,False,1.927547770700637
94322,20.0,0,2.0,19407.65306538428,1.0,144.0,2484.0,103.17,3427.0,2139.0,1301.0,720.0,540.0,1980.0,240.0,1.07,101.88228358975918,4.1,3.3,4.0,14.0,75.0,False,1.6021505376344085
94323,60.0,0,6.0,9850.780795236498,1.0,137.0,1639.0,65.49,4737.0,2133.0,852.0,0.0,0.0,0.0,300.0,0.9,97.77501448289098,3.7,4.0,4.2,20.0,88.0,False,2.220815752461322
94324,50.0,1,3.0,124622.59493585477,1.0,141.0,2323.0,90.85000000000002,3212.0,2659.0,1458.0,0.0,560.0,560.0,480.0,0.8,89.70737342385397,3.7,3.6,4.2,16.0,92.0,False,1.2079729221511846
94325,62.0,1,6.0,23407.11354091445,2.0,140.0,1809.0,40.56,3718.0,903.0,540.0,0.0,0.0,0.0,240.0,0.68,98.4102569960086,4.6,3.8,3.4,15.0,95.0,False,4.117386489479513
94326,55.0,0,3.0,213910.43371845505,1.0,140.0,2161.0,100.0,2263.0,2397.0,1467.0,90.0,1440.0,1620.0,240.0,0.84,102.98686079803451,3.8,3.1,4.3,10.0,89.0,False,0.9440967876512307
94330,57.0,1,3.0,337044.2469498807,2.0,147.0,1337.0,82.25,2173.0,1586.0,1251.0,90.0,150.0,330.0,240.0,0.66,102.25156491304004,4.3,3.4,4.2,16.0,170.0,False,1.3701134930643126
94336,74.0,0,2.0,21373.27816374807,2.0,138.0,1250.0,45.97,3020.0,2228.0,1114.0,0.0,0.0,0.0,300.0,0.93,86.16388169328798,4.0,3.4,4.2,18.0,140.0,False,1.355475763016158
94337,44.0,0,7.0,31603.60905468617,2.0,147.0,6237.0,214.6800000000001,11219.0,8112.0,3766.0,60.0,60.0,180.0,480.0,0.87,109.11650170159427,3.6,3.3,3.7,12.0,106.0,False,1.3830128205128205
94339,37.0,0,2.0,74861.29281533619,2.0,146.0,2333.0,128.04999999999998,4333.0,2871.0,1528.0,30.0,60.0,120.0,180.0,0.95,105.7240395565378,3.9,3.0,4.4,13.0,101.0,False,1.5092302333681644
94340,25.0,0,3.0,147426.70600429937,2.0,141.0,2931.0,112.73,5242.0,2668.0,2029.0,780.0,1500.0,3060.0,60.0,1.02,104.600548008964,4.2,3.8,5.1,18.0,87.0,False,1.964767616191904
94342,57.0,1,4.0,29006.3760687888,2.0,135.0,562.0,26.5,1360.0,551.0,462.0,0.0,240.0,240.0,360.0,0.88,76.60372096694083,3.9,3.1,4.2,12.0,76.0,False,2.468239564428312
94343,71.0,0,1.0,24720.77567003207,2.0,141.0,3613.0,83.36000000000001,5935.0,3827.0,1594.0,720.0,960.0,2400.0,120.0,1.17,66.64764108679509,4.6,2.8,4.1,15.0,155.0,False,1.5508230990331853
94345,65.0,0,3.0,30636.433579302306,1.0,145.0,2141.0,81.8,6370.0,2948.0,1413.0,0.0,1200.0,1200.0,300.0,1.88,39.1583553550572,4.4,3.1,3.6,33.0,184.0,True,2.16078697421981
94348,80.0,0,3.0,43600.74470467868,1.0,137.0,1110.0,51.82000000000001,1558.0,1087.0,868.0,0.0,0.0,0.0,240.0,1.62,42.6462384643616,4.1,3.2,4.2,23.0,78.0,True,1.4333026678932843
94350,54.0,0,6.0,29894.09635090209,1.0,136.0,3493.0,84.16000000000001,2988.0,2983.0,1500.0,240.0,210.0,690.0,480.0,1.13,77.23796336492148,4.3,3.8,4.5,13.0,85.0,False,1.0016761649346295
94352,70.0,1,2.0,29468.961172652784,2.0,138.0,1342.0,24.709999999999997,1400.0,1832.0,578.0,0.0,180.0,180.0,600.0,0.68,93.63372588598124,4.6,4.3,4.5,9.0,172.0,False,0.7641921397379913
94356,58.0,0,4.0,18794.242986510835,1.0,144.0,7627.0,354.1800000000001,16031.0,7215.0,4499.0,0.0,0.0,0.0,120.0,1.01,86.20555791652036,3.6,3.4,4.6,13.0,106.0,False,2.221898821898822
94359,36.0,0,1.0,41777.73592046655,1.0,144.0,2685.0,194.62,5262.0,4146.0,2399.0,0.0,0.0,0.0,120.0,0.74,120.42740540213124,3.9,3.6,4.2,12.0,95.0,False,1.2691751085383502
94360,44.0,0,2.0,109985.38579505285,2.0,143.0,1687.0,75.08,2808.0,3361.0,1469.0,120.0,480.0,720.0,480.0,1.26,72.1257542161648,3.9,4.4,4.3,15.0,116.0,False,0.8354656352276109
94364,19.0,1,3.0,29157.810663886856,2.0,143.0,1365.0,65.14,1881.0,1013.0,635.0,480.0,3240.0,4200.0,120.0,0.61,131.99389665697686,3.7,3.8,3.8,8.0,84.0,False,1.8568608094768015
94365,22.0,0,4.0,23489.46430035324,1.0,145.0,722.0,17.490000000000002,1663.0,383.0,293.0,0.0,0.0,0.0,480.0,1.06,101.76305829674232,3.8,3.6,4.2,11.0,87.0,False,4.342036553524804
94366,25.0,0,6.0,19557.05626077201,2.0,138.0,2681.0,162.82,4121.0,5997.0,2134.0,200.0,0.0,400.0,660.0,0.85,123.66872317308405,4.2,3.8,4.8,17.0,99.0,False,0.6871769217942304
94372,68.0,0,4.0,5168.129019122317,1.0,147.0,3102.0,147.62000000000003,5019.0,2686.0,1972.0,120.0,540.0,780.0,360.0,1.17,67.90281915308074,4.1,4.0,3.7,20.0,213.0,False,1.868577810871184
94373,80.0,1,3.0,24954.314506057373,1.0,142.0,1556.0,65.09,2310.0,2063.0,1114.0,0.0,30.0,30.0,600.0,0.73,83.0842044052104,3.9,3.7,3.8,16.0,90.0,False,1.1197285506543868
94374,52.0,1,1.0,34763.90256842662,2.0,136.0,3043.0,160.41000000000005,2606.0,7311.0,2925.0,0.0,0.0,0.0,120.0,0.89,77.95897173653454,4.4,4.0,3.8,26.0,83.0,False,0.3564491861578443
94375,30.0,1,7.0,23621.932414276154,1.0,137.0,1023.0,34.63,1925.0,1042.0,563.0,1800.0,1800.0,5400.0,240.0,0.78,104.72316373104928,3.4,3.2,4.4,18.0,91.0,False,1.8474088291746642
94376,66.0,0,4.0,7003.434507764876,1.0,140.0,4434.0,91.41,5092.0,5181.0,1920.0,0.0,0.0,0.0,540.0,0.99,84.01379857625014,4.7,2.7,3.9,14.0,100.0,False,0.9828218490638873
94377,33.0,0,3.0,38734.496005696805,1.0,138.0,4025.0,114.01,5575.0,3622.0,1918.0,0.0,0.0,0.0,360.0,0.68,125.86895892285506,3.5,3.3,4.4,16.0,92.0,False,1.5392048591938157
94379,24.0,1,3.0,11966.432857917103,2.0,139.0,637.0,22.04,836.0,1000.0,472.0,0.0,1620.0,1620.0,120.0,0.67,125.0919247454359,3.8,4.8,3.9,14.0,89.0,False,0.836
94380,63.0,0,4.0,8615.303614948913,2.0,148.0,1518.0,66.25999999999999,3387.0,2194.0,751.0,180.0,120.0,480.0,120.0,1.18,69.33579008765622,4.5,2.8,3.7,15.0,102.0,False,1.5437556973564266
94382,32.0,1,3.0,92610.22624338044,1.0,136.0,1487.0,55.19,2905.0,1774.0,954.0,0.0,180.0,180.0,360.0,0.99,77.69481349183964,3.8,2.9,4.3,12.0,77.0,False,1.6375422773393462
94386,71.0,1,3.0,30665.651737994674,2.0,141.0,1492.0,77.9,2622.0,2054.0,987.0,0.0,1080.0,1080.0,120.0,0.69,92.72638198636356,4.0,3.8,4.2,15.0,101.0,False,1.2765335929892891
94387,39.0,1,4.0,39705.73003247534,2.0,145.0,3157.0,158.79999999999998,3485.0,2999.0,2652.0,0.0,900.0,900.0,240.0,0.84,90.59663468220572,4.2,3.3,4.0,12.0,108.0,False,1.162054018006002
94388,33.0,1,4.0,15974.63762085954,1.0,139.0,2848.0,143.76,6721.0,2674.0,1924.0,180.0,840.0,1200.0,300.0,0.8,99.71150469678942,3.7,3.4,3.8,13.0,97.0,False,2.513462976813762
94390,72.0,1,6.0,9055.290159520537,2.0,138.0,1590.0,46.23999999999999,2370.0,2548.0,868.0,0.0,0.0,0.0,240.0,0.75,84.53575627811387,4.8,3.3,3.4,11.0,121.0,False,0.9301412872841445
94392,25.0,0,4.0,39919.89546775482,1.0,143.0,3708.0,126.17999999999998,4903.0,2821.0,1612.0,360.0,1440.0,2160.0,240.0,0.87,122.80317014089088,3.6,3.2,4.2,7.0,93.0,False,1.7380361573909962
94393,36.0,0,2.0,61496.31782126533,2.0,146.0,5588.0,296.92,8995.0,7936.0,3959.0,1140.0,900.0,3180.0,60.0,0.94,107.74314742444446,4.8,5.0,3.5,14.0,87.0,False,1.1334425403225807
94398,39.0,1,4.0,29472.800102010813,1.0,134.0,1123.0,61.52,2807.0,1113.0,666.0,0.0,0.0,0.0,180.0,0.74,105.47976297119224,4.0,2.9,3.5,14.0,103.0,False,2.5220125786163523
94399,62.0,1,2.0,16101.416696979562,1.0,136.0,1984.0,82.43,4236.0,1623.0,1509.0,0.0,0.0,0.0,420.0,0.67,98.7622525030171,3.8,3.7,4.1,12.0,200.0,False,2.6099815157116453
94401,57.0,0,3.0,237630.1395836143,1.0,145.0,3335.0,104.76999999999995,6134.0,2653.0,1851.0,2520.0,1080.0,6120.0,180.0,1.0,87.78532534914498,3.9,4.2,3.9,17.0,92.0,False,2.312099509988692
94404,80.0,1,3.0,43280.63094565726,1.0,142.0,1941.0,65.91,2468.0,2353.0,1427.0,0.0,0.0,0.0,180.0,1.03,54.966897914086125,4.0,3.8,3.9,18.0,92.0,True,1.0488737781555462
94405,39.0,1,3.0,54715.96480403169,2.0,146.0,1851.0,44.75999999999999,3799.0,1657.0,740.0,0.0,0.0,0.0,120.0,0.85,89.31913283408254,4.4,3.2,3.8,7.0,92.0,False,2.2926976463488233
94406,34.0,1,4.0,30697.826408030956,1.0,139.0,3243.0,110.31,4967.0,2784.0,1903.0,0.0,0.0,0.0,300.0,0.55,123.27522909151948,4.5,3.8,2.9,6.0,77.0,False,1.7841235632183907
94407,76.0,1,3.0,146291.16321264257,2.0,146.0,1540.0,62.24,3846.0,2275.0,1060.0,0.0,0.0,0.0,300.0,0.59,93.34382061878236,3.8,3.4,3.7,14.0,91.0,False,1.6905494505494505
94408,72.0,0,3.0,38126.21908239892,1.0,146.0,2451.0,120.1,3414.0,3491.0,1690.0,0.0,600.0,600.0,240.0,1.39,53.862815241802856,3.9,3.3,4.2,15.0,106.0,True,0.9779432827270124
94409,23.0,0,2.0,18017.17511788184,1.0,139.0,3476.0,80.51,4370.0,3660.0,1329.0,720.0,780.0,2220.0,240.0,0.9,123.07367525698724,3.8,3.3,4.5,10.0,84.0,False,1.1939890710382515
94410,80.0,1,4.0,13735.40173111069,1.0,138.0,1647.0,103.76,3714.0,3083.0,1237.0,0.0,0.0,0.0,480.0,1.0,56.951595803131525,4.2,4.1,3.5,25.0,88.0,True,1.2046707752189425
94414,32.0,0,4.0,21115.138362597416,1.0,144.0,582.0,25.880000000000003,747.0,593.0,291.0,0.0,0.0,0.0,300.0,1.03,98.97885901986604,3.8,3.4,4.1,8.0,114.0,False,1.2596964586846544
94415,37.0,0,2.0,55655.80707125452,1.0,139.0,2261.0,92.1,2686.0,1653.0,1218.0,720.0,1800.0,3240.0,120.0,0.82,116.02738864576968,3.6,4.0,4.6,9.0,97.0,False,1.6249243799153055
94416,28.0,1,3.0,88807.91786533735,1.0,142.0,2983.0,38.62,2089.0,2069.0,802.0,0.0,1800.0,1800.0,480.0,0.74,112.9484378419438,4.0,5.1,4.3,12.0,91.0,False,1.0096665055582408
94418,76.0,1,3.0,203108.1144237912,1.0,134.0,1894.0,81.80000000000001,3561.0,2303.0,1415.0,0.0,120.0,120.0,240.0,1.2,46.91291645670661,4.2,4.3,4.3,37.0,96.0,True,1.5462440295267044
94420,80.0,1,3.0,25457.67117506868,2.0,139.0,1860.0,50.39,3077.0,2451.0,994.0,0.0,0.0,0.0,540.0,0.94,61.34122904523039,4.4,3.8,3.9,21.0,113.0,False,1.255405956752346
94423,18.0,0,6.0,10011.39661462862,2.0,135.0,1124.0,75.58999999999999,1889.0,1175.0,787.0,60.0,0.0,120.0,360.0,0.61,142.7847532732703,3.8,3.9,4.3,13.0,88.0,False,1.607659574468085
94424,75.0,1,4.0,13916.742732076342,1.0,144.0,1116.0,30.93,789.0,3404.0,690.0,0.0,180.0,180.0,300.0,0.86,70.40650626128217,3.7,3.4,4.2,10.0,89.0,False,0.231786133960047
94425,75.0,1,3.0,72984.86077673147,1.0,134.0,1752.0,134.23000000000005,1651.0,3241.0,2187.0,0.0,0.0,0.0,60.0,1.09,52.97843660250516,3.7,3.7,3.7,30.0,96.0,True,0.5094106757173712
94428,60.0,0,2.0,12551.818614437694,2.0,146.0,2450.0,121.34,4520.0,2719.0,1322.0,0.0,0.0,0.0,120.0,1.02,84.13926117487384,3.5,2.5,4.0,21.0,318.0,False,1.6623758734828982
94429,61.0,0,4.0,18607.51323693704,1.0,141.0,1558.0,74.11000000000001,2492.0,2158.0,1300.0,0.0,210.0,210.0,540.0,1.38,58.178562860798,3.1,3.8,3.9,19.0,95.0,True,1.154772937905468
94430,25.0,1,7.0,25892.354565957183,1.0,146.0,2538.0,66.50000000000001,2056.0,2076.0,1237.0,100.0,300.0,500.0,300.0,0.73,116.96983653888574,4.1,3.0,3.9,9.0,68.0,False,0.9903660886319846
94431,47.0,0,3.0,13185.56463704523,2.0,135.0,1976.0,73.50000000000001,3104.0,2112.0,1115.0,440.0,480.0,1360.0,600.0,0.74,112.46418648860056,4.4,3.9,4.1,23.0,218.0,False,1.4696969696969697
94432,71.0,1,1.0,19083.872990110867,1.0,136.0,2284.0,90.28,3921.0,2971.0,1655.0,0.0,45.0,45.0,600.0,0.61,95.52157075356408,4.2,4.1,4.2,22.0,107.0,False,1.319757657354426
94433,46.0,0,4.0,37751.53514871866,1.0,139.0,2674.0,140.11,6408.0,3096.0,2602.0,0.0,2400.0,2400.0,30.0,0.63,118.80162665661857,3.8,3.8,4.5,12.0,221.0,False,2.0697674418604652
94434,26.0,1,6.0,17837.89497919239,2.0,144.0,1185.0,36.25000000000001,1827.0,1152.0,536.0,0.0,0.0,0.0,240.0,0.63,125.39211125632384,4.3,3.8,4.0,10.0,83.0,False,1.5859375
94436,31.0,1,4.0,25807.40354946034,2.0,140.0,992.0,45.55,1274.0,1368.0,471.0,0.0,0.0,0.0,180.0,0.83,96.59653735004878,4.0,2.7,4.0,16.0,102.0,False,0.9312865497076024
94438,80.0,0,2.0,38606.007127046185,2.0,134.0,1567.0,87.19000000000001,2337.0,2679.0,1434.0,0.0,0.0,0.0,720.0,1.19,61.750772475244354,4.9,3.1,3.7,22.0,102.0,False,0.8723404255319149
94443,32.0,0,1.0,46684.26803257292,2.0,141.0,1518.0,53.58,1749.0,1492.0,942.0,2880.0,2880.0,8640.0,120.0,1.09,92.47733701692528,4.9,3.5,4.1,15.0,92.0,False,1.1722520107238605
94444,78.0,1,4.0,27701.06443558577,2.0,137.0,2649.0,78.14,2560.0,2680.0,1516.0,0.0,0.0,0.0,480.0,0.73,84.1241096338964,3.8,3.1,3.8,21.0,106.0,False,0.9552238805970149
94445,53.0,0,3.0,15800.290640716205,1.0,142.0,2842.0,98.56,5796.0,2077.0,1545.0,240.0,2400.0,2880.0,240.0,1.15,76.1006813230355,4.4,3.1,4.0,28.0,87.0,False,2.7905633124699087
94446,28.0,1,2.0,26412.251203359163,1.0,137.0,1809.0,104.99,1395.0,5962.0,1367.0,0.0,0.0,0.0,120.0,0.63,123.84206914950212,3.7,3.0,3.9,9.0,81.0,False,0.2339818852733982
94448,41.0,0,3.0,140448.62397849342,2.0,139.0,1817.0,80.64999999999999,2693.0,1559.0,1232.0,0.0,0.0,0.0,480.0,0.87,111.17149775805332,4.3,4.2,4.2,14.0,73.0,False,1.7273893521488133
94453,20.0,1,3.0,76619.6945714018,2.0,141.0,1617.0,40.36000000000001,2526.0,1005.0,759.0,0.0,1320.0,1320.0,60.0,0.64,129.66655093689414,4.0,3.2,3.7,10.0,95.0,False,2.5134328358208955
94457,46.0,1,3.0,306375.58107606374,2.0,136.0,2009.0,68.8,3059.0,2940.0,1548.0,0.0,0.0,0.0,480.0,0.57,113.42931128248767,4.3,4.4,4.2,10.0,82.0,False,1.0404761904761906
94459,52.0,1,4.0,32638.660812609654,2.0,145.0,1629.0,38.080000000000005,1910.0,2334.0,1142.0,0.0,0.0,0.0,300.0,0.75,95.732763133183,4.3,4.4,3.8,13.0,98.0,False,0.818337617823479
94460,61.0,1,4.0,7350.023851784536,1.0,147.0,1220.0,24.57,1545.0,1247.0,704.0,90.0,0.0,180.0,300.0,0.81,82.53592430394467,3.8,3.8,3.8,15.0,92.0,False,1.2389735364875702
94461,19.0,1,1.0,48998.1648314626,2.0,145.0,1245.0,69.74000000000001,2398.0,1408.0,959.0,3480.0,300.0,7260.0,180.0,0.64,130.47549903088563,4.2,4.0,4.6,12.0,93.0,False,1.703125
94463,26.0,1,4.0,41051.87568203976,2.0,146.0,1211.0,61.95,1583.0,866.0,805.0,1800.0,0.0,3600.0,120.0,0.8,104.14833303512964,4.1,2.9,4.1,12.0,99.0,False,1.827944572748268
94464,77.0,0,3.0,85415.04172775317,2.0,136.0,1984.0,61.330000000000005,2494.0,1582.0,791.0,0.0,90.0,90.0,420.0,1.92,35.43564129533708,4.2,2.6,4.0,25.0,135.0,True,1.5764854614412136
94465,31.0,0,7.0,26821.111573199592,1.0,146.0,7021.0,213.77,12220.0,4519.0,4390.0,0.0,0.0,0.0,240.0,1.06,96.22348501298936,4.4,4.2,3.9,18.0,89.0,False,2.7041380836468245
94467,18.0,1,6.0,14483.63673452196,1.0,137.0,1967.0,106.12,3642.0,3399.0,1479.0,240.0,0.0,480.0,300.0,0.58,134.44145421191442,3.8,4.9,4.1,15.0,86.0,False,1.0714916151809355
94469,37.0,1,7.0,73794.54171269099,2.0,134.0,840.0,57.92,1111.0,1269.0,743.0,150.0,820.0,1120.0,180.0,0.85,90.43707617747496,4.0,3.5,3.8,15.0,89.0,False,0.8754925137903862
94470,64.0,0,3.0,138200.69609643973,2.0,143.0,1672.0,29.89,2440.0,1460.0,710.0,0.0,0.0,0.0,300.0,1.07,77.49154801589289,5.6,3.7,3.9,10.0,86.0,False,1.6712328767123288
94471,42.0,1,2.0,47197.73167262185,2.0,144.0,2751.0,108.92000000000002,3791.0,2717.0,1578.0,0.0,0.0,0.0,120.0,0.68,111.44498183561716,4.7,3.5,3.9,12.0,82.0,False,1.395288921604711
94473,73.0,1,3.0,132837.61888518292,2.0,143.0,1860.0,65.95,2278.0,2729.0,1944.0,0.0,0.0,0.0,600.0,1.08,54.23809709504568,4.7,3.5,4.0,21.0,86.0,True,0.8347379992671308
94474,55.0,0,3.0,174829.54411919316,2.0,139.0,2129.0,89.51,3158.0,3515.0,1873.0,0.0,1140.0,1140.0,240.0,0.57,115.781709705628,5.2,3.5,3.8,22.0,328.0,False,0.8984352773826458
94475,26.0,1,1.0,47325.278180353016,2.0,136.0,1574.0,57.53,2108.0,2919.0,1309.0,0.0,0.0,0.0,180.0,0.64,124.91710577879152,5.2,5.2,3.9,29.0,120.0,False,0.7221651250428229
94477,58.0,1,4.0,27705.37359598476,1.0,141.0,1582.0,51.46,2312.0,1918.0,1071.0,0.0,0.0,0.0,300.0,0.71,98.49587580180284,3.8,4.0,4.6,11.0,83.0,False,1.205422314911366
94478,37.0,1,4.0,28634.198777705533,2.0,144.0,1106.0,56.59,2230.0,1275.0,546.0,60.0,30.0,150.0,360.0,0.78,100.2618470015166,3.9,3.8,3.9,14.0,87.0,False,1.7490196078431373
94479,64.0,1,3.0,31060.856876873837,1.0,146.0,1289.0,51.190000000000005,2242.0,1676.0,715.0,0.0,0.0,0.0,360.0,0.82,79.82618904351126,4.1,3.8,3.7,9.0,95.0,False,1.337708830548926
94481,31.0,1,7.0,24190.80295462165,1.0,142.0,1933.0,36.39,1492.0,1891.0,926.0,0.0,60.0,60.0,300.0,0.81,99.46567791581263,4.1,3.9,3.8,7.0,87.0,False,0.7890005288207298
94483,74.0,1,7.0,20766.13711248341,1.0,148.0,1369.0,55.34,2260.0,2596.0,983.0,0.0,0.0,0.0,480.0,0.74,84.84648975774358,4.7,3.9,3.7,12.0,99.0,False,0.8705701078582434
94487,29.0,0,4.0,18146.876490736395,1.0,144.0,1507.0,72.94000000000001,1217.0,2050.0,1483.0,135.0,360.0,630.0,480.0,1.11,92.18548842478768,4.3,2.9,4.2,13.0,87.0,False,0.5936585365853658
94488,38.0,1,2.0,50323.407227611504,2.0,144.0,1794.0,89.56,2503.0,2555.0,1653.0,0.0,40.0,40.0,60.0,0.49,123.64083825274062,4.0,3.7,3.7,13.0,98.0,False,0.9796477495107632
94490,64.0,1,3.0,33260.22225157572,2.0,147.0,816.0,32.21,1336.0,1831.0,754.0,45.0,0.0,90.0,120.0,0.82,79.82618904351126,4.2,4.1,4.3,8.0,112.0,False,0.7296559257236482
94491,19.0,1,4.0,16796.48672054356,2.0,140.0,2033.0,47.21,3408.0,1170.0,1078.0,0.0,0.0,0.0,300.0,0.79,110.43706370879396,3.7,3.9,4.1,6.0,82.0,False,2.9128205128205127
94493,63.0,0,1.0,8121.621077838749,2.0,140.0,1618.0,68.04,3461.0,2385.0,1053.0,0.0,0.0,0.0,180.0,0.88,96.62117999495196,3.7,3.8,4.0,19.0,96.0,False,1.4511530398322852
94497,45.0,0,7.0,30299.20395745343,2.0,139.0,3613.0,57.37,1680.0,3506.0,1328.0,3240.0,0.0,6480.0,120.0,0.73,114.34067110368905,4.6,3.1,3.7,7.0,92.0,False,0.4791785510553337
94499,62.0,0,4.0,14247.102428583035,1.0,138.0,3444.0,87.25000000000001,5039.0,1787.0,1979.0,300.0,300.0,900.0,120.0,0.64,107.0386836327024,3.4,3.0,4.1,14.0,97.0,False,2.8198097369893675
94500,60.0,1,4.0,8377.400767637453,2.0,147.0,1392.0,52.09,1629.0,2158.0,1172.0,0.0,180.0,180.0,600.0,1.25,49.34396384996377,4.9,3.7,3.6,18.0,109.0,True,0.7548656163113995
94501,41.0,1,6.0,32278.83157853139,2.0,138.0,1828.0,53.16,2808.0,2112.0,1099.0,1500.0,1860.0,4860.0,360.0,0.8,94.87181502672615,4.2,3.3,3.9,12.0,89.0,False,1.3295454545454546
94503,52.0,1,4.0,52130.98491971875,1.0,139.0,2322.0,79.72,3594.0,2677.0,1555.0,2400.0,600.0,5400.0,480.0,0.52,111.71932009891214,3.7,3.7,4.0,8.0,78.0,False,1.3425476279417259
94504,28.0,0,4.0,74893.19857219695,1.0,144.0,556.0,33.21,1624.0,469.0,457.0,240.0,600.0,1080.0,360.0,1.0,105.13592575999408,3.4,4.8,4.4,18.0,70.0,False,3.462686567164179
94507,34.0,0,4.0,23515.115085872392,2.0,148.0,2197.0,103.37,3428.0,2142.0,1266.0,0.0,0.0,0.0,240.0,0.89,115.32395876581796,4.1,3.4,4.2,13.0,98.0,False,1.600373482726424
94508,34.0,1,4.0,49290.78610569496,1.0,134.0,826.0,24.67,1417.0,541.0,331.0,90.0,1800.0,1980.0,240.0,0.73,110.60246715808066,3.7,3.3,3.9,11.0,85.0,False,2.6192236598890943
94509,53.0,1,3.0,15734.370394050527,2.0,145.0,1221.0,32.04,1061.0,1018.0,703.0,300.0,960.0,1560.0,480.0,1.09,60.74650623993969,4.2,3.2,3.8,17.0,101.0,False,1.0422396856581533
94510,49.0,1,3.0,203543.1968461476,2.0,136.0,3001.0,179.84,6713.0,2962.0,2294.0,45.0,0.0,90.0,240.0,1.06,64.39766116321013,4.0,4.1,3.9,14.0,86.0,False,2.2663740715732614
94512,43.0,1,1.0,13073.889569119256,2.0,140.0,2533.0,106.37999999999998,3753.0,3209.0,1703.0,0.0,0.0,0.0,180.0,0.42,124.39160720056309,4.3,3.3,3.7,11.0,159.0,False,1.1695232159551263
94516,19.0,1,4.0,15090.265725756177,1.0,146.0,1667.0,70.32,2775.0,1614.0,866.0,0.0,0.0,0.0,480.0,0.58,133.60791719580052,3.8,3.6,4.1,20.0,85.0,False,1.7193308550185873
94517,19.0,0,6.0,12129.805286599274,2.0,148.0,3121.0,73.47,3090.0,2376.0,1100.0,480.0,900.0,1860.0,300.0,0.9,126.17380499094324,4.6,4.6,4.5,14.0,82.0,False,1.3005050505050506
94519,59.0,0,3.0,379744.4476947296,1.0,136.0,3488.0,144.14000000000004,5774.0,3404.0,2021.0,0.0,510.0,510.0,300.0,0.71,105.68907892963304,3.9,3.8,4.2,11.0,95.0,False,1.6962397179788484
94522,60.0,0,4.0,14073.419204964732,2.0,142.0,4928.0,131.03,4706.0,3310.0,2320.0,15.0,165.0,195.0,480.0,0.94,92.80373941852558,4.8,3.9,4.1,10.0,94.0,False,1.421752265861027
94523,65.0,1,4.0,22778.675505287043,1.0,144.0,962.0,30.0,1157.0,1350.0,701.0,0.0,0.0,0.0,240.0,0.77,85.55238897078398,3.9,3.8,4.2,11.0,95.0,False,0.857037037037037
94525,66.0,1,3.0,36194.68824820603,2.0,139.0,2723.0,96.58,4523.0,5701.0,2453.0,0.0,0.0,0.0,180.0,0.82,78.83941281807857,4.0,2.2,3.9,18.0,97.0,False,0.793369584283459
94526,37.0,0,4.0,19525.131984900763,2.0,148.0,2917.0,114.73,5993.0,3532.0,1781.0,720.0,960.0,2400.0,360.0,0.81,116.45813360440562,4.3,3.1,4.1,10.0,89.0,False,1.6967723669309174
94528,34.0,0,6.0,26323.963876379414,1.0,137.0,2361.0,87.63999999999999,4162.0,2004.0,1228.0,0.0,1200.0,1200.0,480.0,0.78,120.01146965916602,3.7,3.9,4.0,12.0,80.0,False,2.0768463073852295
94530,22.0,0,4.0,45088.085327991656,2.0,137.0,763.0,9.83,506.0,683.0,291.0,120.0,0.0,240.0,300.0,0.94,117.54489284337252,4.3,3.7,4.4,7.0,89.0,False,0.7408491947291361
94531,34.0,1,1.0,41142.42607352024,1.0,144.0,1381.0,36.94,1339.0,994.0,798.0,90.0,150.0,330.0,120.0,0.65,118.41074334947264,3.9,3.5,4.1,10.0,102.0,False,1.347082494969819
94532,36.0,1,1.0,25523.866737776298,2.0,135.0,2436.0,86.44000000000001,3440.0,3414.0,1930.0,0.0,0.0,0.0,240.0,0.4,131.46336768320964,4.1,4.1,4.5,13.0,91.0,False,1.0076157000585824
94534,80.0,0,3.0,25571.019993805712,1.0,135.0,2737.0,58.27000000000002,2594.0,2698.0,1330.0,0.0,1320.0,1320.0,300.0,1.09,68.60992600459812,4.1,3.2,3.9,20.0,103.0,False,0.9614529280948851
94539,55.0,1,3.0,157436.21830196437,1.0,136.0,886.0,29.74,830.0,943.0,437.0,2880.0,2970.0,8730.0,240.0,0.88,77.56251464548183,4.3,3.6,4.0,13.0,92.0,False,0.88016967126193
94541,79.0,1,4.0,18428.281896215893,2.0,139.0,1078.0,27.34,1508.0,1869.0,505.0,0.0,0.0,0.0,5.397605346934028e-79,0.9,65.03032042629209,4.3,3.5,4.3,18.0,98.0,False,0.806848582129481
94545,18.0,0,6.0,12476.607881566344,2.0,138.0,1814.0,79.80000000000001,2783.0,2044.0,1664.0,720.0,240.0,1680.0,420.0,0.83,130.10376414895478,4.5,4.5,4.3,12.0,96.0,False,1.361545988258317
94546,19.0,1,7.0,13993.367121311234,2.0,140.0,1555.0,43.07,3545.0,1207.0,735.0,360.0,600.0,1320.0,300.0,0.88,97.02600594416572,4.4,3.9,4.2,15.0,97.0,False,2.9370339685169844
94547,67.0,1,4.0,18811.722154446696,2.0,137.0,2073.0,68.94,3521.0,3112.0,1280.0,0.0,0.0,0.0,180.0,0.59,98.71761200488145,4.1,4.2,3.6,12.0,96.0,False,1.131426735218509
94549,80.0,0,3.0,11172.45408280139,1.0,136.0,3374.0,114.47,5716.0,3929.0,1672.0,0.0,0.0,0.0,720.0,1.82,37.08626377462672,5.0,3.0,3.8,32.0,78.0,True,1.4548231102061593
94552,56.0,1,6.0,13544.572396237716,1.0,144.0,1164.0,34.34,1592.0,1090.0,758.0,0.0,0.0,0.0,480.0,0.4,116.08727092215052,4.3,4.1,4.1,9.0,88.0,False,1.4605504587155964
94553,72.0,1,3.0,55771.34818275676,1.0,145.0,1498.0,47.31,2799.0,1907.0,1132.0,0.0,390.0,390.0,300.0,0.78,80.64926896953644,4.3,3.9,3.5,18.0,107.0,False,1.4677503932878868
94554,69.0,0,1.0,5298.306547842243,1.0,137.0,1400.0,65.82,2024.0,1852.0,894.0,0.0,300.0,300.0,360.0,0.92,90.04600283733936,3.6,3.4,4.0,17.0,112.0,False,1.0928725701943844
94555,19.0,0,1.0,17560.156508539825,1.0,147.0,2896.0,286.27,5411.0,6378.0,3834.0,60.0,90.0,210.0,300.0,0.96,116.77092805476404,3.5,3.7,4.9,15.0,84.0,False,0.8483850736908122
94557,35.0,1,4.0,15877.808534202626,1.0,145.0,2223.0,50.620000000000005,3628.0,1813.0,1359.0,3240.0,720.0,7200.0,120.0,0.8,98.47891494878978,3.8,3.5,3.7,9.0,90.0,False,2.001103143960287
94558,62.0,1,1.0,9216.920157170034,2.0,141.0,944.0,51.6,1481.0,2004.0,982.0,0.0,420.0,420.0,20.0,0.51,105.47525924105814,4.7,4.1,4.2,16.0,159.0,False,0.7390219560878244
94559,41.0,0,1.0,65859.40107724674,2.0,144.0,4301.0,113.29,5198.0,2391.0,1534.0,0.0,3120.0,3120.0,180.0,0.92,107.17479258271908,3.7,4.3,4.3,14.0,130.0,False,2.1739857800083646
94560,24.0,1,3.0,65182.08115966714,2.0,143.0,4808.0,157.14,6354.0,2616.0,1806.0,2400.0,2400.0,7200.0,480.0,0.6,128.4632340136613,4.4,3.9,3.8,11.0,105.0,False,2.4288990825688073
94564,80.0,1,2.0,13588.431071623903,2.0,148.0,1410.0,65.69,2318.0,1719.0,983.0,0.0,80.0,80.0,600.0,1.06,53.10542139539293,4.6,3.4,4.0,30.0,97.0,True,1.348458406050029
94565,45.0,1,2.0,52634.062441457805,2.0,145.0,2592.0,76.07999999999998,2359.0,3381.0,1313.0,540.0,330.0,1410.0,45.0,0.66,110.17474512340578,4.1,1.9,3.8,12.0,91.0,False,0.6977225672877847
94568,60.0,1,1.0,8372.367776050272,2.0,142.0,1769.0,69.06000000000002,2749.0,2985.0,1683.0,0.0,2100.0,2100.0,240.0,0.64,101.10849719022887,4.3,3.4,4.3,12.0,100.0,False,0.9209380234505863
94569,27.0,1,3.0,63027.55105438827,1.0,142.0,2069.0,66.31,4301.0,2933.0,1013.0,120.0,2400.0,2640.0,600.0,0.88,92.31666212147044,4.2,3.3,4.5,14.0,77.0,False,1.466416638254347
94570,48.0,0,3.0,19229.686477372023,2.0,139.0,3204.0,84.9,5046.0,3436.0,1454.0,0.0,0.0,0.0,900.0,0.99,93.9655711453896,4.1,3.3,3.9,7.0,112.0,False,1.468568102444703
94571,80.0,1,3.0,27115.086359971683,2.0,141.0,1774.0,47.010000000000005,2841.0,1819.0,613.0,0.0,600.0,600.0,180.0,0.75,80.43265074726986,4.0,3.1,3.8,18.0,89.0,False,1.5618471687740516
94574,18.0,0,4.0,13250.132071034988,1.0,145.0,1216.0,29.54,2931.0,767.0,463.0,600.0,1140.0,2340.0,600.0,0.82,130.58090139139367,4.0,4.3,3.9,11.0,157.0,False,3.821382007822686
94575,80.0,1,3.0,37541.804109391065,1.0,142.0,1797.0,62.580000000000005,1742.0,2650.0,1196.0,0.0,0.0,0.0,240.0,0.62,89.96850007424621,4.5,3.7,4.2,17.0,93.0,False,0.6573584905660378
94576,33.0,1,1.0,33257.79518250213,2.0,144.0,1757.0,73.26,3582.0,1883.0,1142.0,0.0,0.0,0.0,120.0,0.59,121.96322488942296,3.9,3.5,3.9,16.0,85.0,False,1.902283590015932
94577,30.0,1,3.0,112979.11357406822,1.0,138.0,872.0,45.52,1841.0,1006.0,624.0,75.0,190.0,340.0,600.0,0.69,119.65879524682038,4.1,3.4,4.5,15.0,98.0,False,1.8300198807157058
94578,71.0,0,3.0,11716.842740383134,2.0,142.0,2118.0,92.53,2823.0,1834.0,1260.0,0.0,0.0,0.0,180.0,0.92,88.93289377050542,4.2,3.2,4.0,21.0,105.0,False,1.5392584514721919
94579,52.0,0,4.0,29885.437941733984,1.0,139.0,1571.0,52.17,2091.0,1666.0,791.0,0.0,0.0,0.0,60.0,1.08,82.5692717932388,4.5,3.1,3.9,12.0,118.0,False,1.2551020408163265
94583,80.0,0,3.0,15135.033418525212,1.0,145.0,2291.0,132.69000000000003,3801.0,3159.0,2156.0,0.0,0.0,0.0,60.0,1.21,60.527997232506735,4.6,3.9,3.6,13.0,102.0,False,1.2032288698955365
94586,74.0,1,3.0,128916.29724974096,2.0,144.0,1712.0,77.09,4030.0,2981.0,1110.0,60.0,0.0,120.0,240.0,0.6,94.13008947210696,4.4,3.1,4.1,10.0,81.0,False,1.3518953371351896
94587,19.0,1,3.0,37793.41297365377,1.0,146.0,2723.0,56.31,3296.0,1877.0,1487.0,0.0,0.0,0.0,420.0,0.59,133.05861712006032,3.8,3.7,4.5,8.0,94.0,False,1.7559936068193926
94589,33.0,0,3.0,94067.0601299042,1.0,135.0,3034.0,139.15,5335.0,3737.0,2607.0,120.0,240.0,480.0,300.0,0.84,118.08751604051254,4.0,3.6,4.4,12.0,91.0,False,1.4276157345464275
94590,65.0,1,2.0,20280.08470409473,1.0,143.0,649.0,18.290000000000003,365.0,928.0,527.0,0.0,3420.0,3420.0,90.0,0.72,92.7303749442914,3.9,4.3,4.2,15.0,93.0,False,0.3933189655172414
94596,45.0,0,3.0,58858.01540905257,1.0,146.0,2561.0,117.27,4897.0,3662.0,1708.0,180.0,160.0,520.0,780.0,1.29,69.6829233180049,4.4,3.2,4.6,18.0,101.0,False,1.3372474057891863
94605,42.0,0,4.0,24724.82643174692,1.0,146.0,2529.0,148.73,4990.0,2682.0,2274.0,1080.0,2580.0,4740.0,420.0,1.4,64.35516292007354,4.3,3.0,3.4,15.0,86.0,False,1.86055182699478
94606,57.0,1,3.0,12720.943917442875,2.0,139.0,2836.0,104.09999999999998,4717.0,2801.0,1803.0,0.0,0.0,0.0,180.0,0.69,101.16200329105924,4.6,3.6,3.6,18.0,339.0,False,1.6840414137807926
94607,38.0,0,3.0,95111.43105726372,2.0,141.0,1139.0,77.26,3291.0,1575.0,984.0,180.0,1200.0,1560.0,300.0,0.9,112.11147229501812,4.5,3.7,4.6,10.0,83.0,False,2.0895238095238096
94608,24.0,0,1.0,35642.01692062388,1.0,148.0,2028.0,64.54,3555.0,2770.0,830.0,1920.0,660.0,4500.0,120.0,0.89,122.72403279627704,4.3,3.0,4.6,11.0,91.0,False,1.2833935018050542
94609,70.0,1,6.0,14218.046980700508,2.0,134.0,1239.0,70.88000000000001,2189.0,1759.0,1054.0,0.0,0.0,0.0,120.0,0.99,61.3414079595562,4.4,4.2,4.0,22.0,142.0,False,1.244457077885162
94615,47.0,1,2.0,52103.45605185761,1.0,136.0,1296.0,29.19,2511.0,1119.0,380.0,0.0,210.0,210.0,300.0,0.84,86.19935276025228,4.3,3.9,3.9,13.0,101.0,False,2.2439678284182305
94616,62.0,0,1.0,9199.676750054705,2.0,135.0,1556.0,47.05,924.0,1607.0,808.0,0.0,0.0,0.0,180.0,1.01,84.08746047665593,3.8,3.3,3.8,13.0,79.0,False,0.5749844430616055
94618,49.0,0,3.0,197704.92841778623,2.0,136.0,3227.0,112.33,6533.0,1590.0,2188.0,180.0,160.0,520.0,720.0,1.13,79.67752799698384,4.1,3.2,3.9,13.0,94.0,False,4.108805031446541
94623,48.0,1,3.0,180878.01805128655,2.0,145.0,2660.0,74.62,4062.0,3769.0,1616.0,0.0,3120.0,3120.0,180.0,0.74,99.73786717214946,3.9,3.3,4.2,19.0,88.0,False,1.0777394534359246
94624,38.0,0,6.0,18559.12365455731,2.0,140.0,1834.0,73.86,2710.0,2036.0,918.0,0.0,900.0,900.0,180.0,0.96,103.75656552812156,4.2,3.1,4.3,15.0,102.0,False,1.331041257367387
94625,22.0,0,4.0,32362.46579130165,1.0,146.0,1262.0,38.03,1993.0,1691.0,620.0,0.0,2880.0,2880.0,120.0,1.06,101.76305829674232,4.1,4.0,3.9,14.0,84.0,False,1.1785925487876996
94627,59.0,0,2.0,51137.33798897342,2.0,134.0,1591.0,54.91000000000001,3718.0,3463.0,1233.0,0.0,0.0,0.0,600.0,0.89,98.71754636500404,4.2,4.4,4.1,20.0,212.0,False,1.0736355760900953
94631,21.0,1,4.0,66671.89869363021,2.0,142.0,2138.0,48.42,3486.0,1239.0,811.0,0.0,2550.0,2550.0,780.0,0.68,126.9935539359673,4.2,3.4,4.0,10.0,83.0,False,2.8135593220338984
94632,70.0,1,3.0,56442.25440337611,2.0,141.0,1115.0,65.69,2356.0,1936.0,925.0,0.0,20.0,20.0,360.0,1.06,56.51307453139604,4.3,3.9,4.0,27.0,104.0,True,1.2169421487603307
94633,68.0,1,3.0,100348.65382642974,2.0,140.0,3888.0,170.51,3422.0,5358.0,2716.0,0.0,120.0,120.0,420.0,0.65,95.84221661718756,4.8,3.4,3.9,18.0,80.0,False,0.6386711459499813
94634,80.0,1,3.0,27437.33226461505,2.0,141.0,773.0,13.409999999999998,767.0,497.0,310.0,0.0,900.0,900.0,480.0,1.19,46.222086289963485,4.1,4.2,4.1,13.0,99.0,True,1.5432595573440644
94640,55.0,1,6.0,12571.055462938484,1.0,141.0,2588.0,66.13999999999999,3595.0,3029.0,1419.0,0.0,0.0,0.0,600.0,0.63,104.69862897275344,3.9,3.2,3.5,8.0,96.0,False,1.1868603499504786
94642,62.0,1,3.0,33804.84496001585,2.0,143.0,1963.0,75.37,3080.0,2435.0,901.0,60.0,225.0,345.0,45.0,0.64,99.85863843570202,4.4,3.5,3.7,15.0,151.0,False,1.264887063655031
94644,24.0,0,3.0,57498.65618399874,1.0,140.0,2538.0,95.53,3252.0,1508.0,1426.0,0.0,75.0,75.0,420.0,0.86,124.00147975457094,3.4,4.2,4.7,18.0,89.0,False,2.156498673740053
94647,38.0,1,6.0,18357.907881786963,1.0,141.0,1255.0,55.61,3569.0,2228.0,1025.0,30.0,60.0,120.0,60.0,0.56,119.7252855655068,3.8,3.6,4.3,11.0,89.0,False,1.6018850987432676
94649,67.0,0,3.0,90351.31396361878,1.0,140.0,3939.0,223.35000000000005,7863.0,8226.0,3001.0,461.0,1680.0,2602.0,360.0,0.91,92.3766431235236,4.5,4.0,4.1,21.0,129.0,False,0.9558716265499635
94650,65.0,1,4.0,14084.8121461703,1.0,139.0,822.0,26.7,1877.0,1091.0,352.0,180.0,300.0,660.0,540.0,0.69,96.25191088176868,3.2,3.8,4.4,15.0,86.0,False,1.7204399633363887
94651,57.0,1,3.0,47931.74741415846,1.0,145.0,2305.0,120.86,4914.0,2572.0,1495.0,0.0,1440.0,1440.0,720.0,0.94,70.77431064144807,3.9,2.9,3.8,13.0,115.0,False,1.9105754276827371
94652,74.0,1,3.0,63486.73681247059,2.0,138.0,1966.0,61.05,2778.0,2069.0,1319.0,0.0,90.0,90.0,120.0,0.9,67.08430609360083,4.0,3.5,3.9,21.0,93.0,False,1.3426776220396326
94654,61.0,1,3.0,181104.4085864448,1.0,143.0,1411.0,65.7,2464.0,2272.0,910.0,90.0,1680.0,1860.0,180.0,0.97,66.48121696247952,4.2,4.3,4.0,18.0,95.0,False,1.0845070422535212
94659,18.0,0,6.0,8723.439813888777,2.0,134.0,1868.0,70.16000000000001,2856.0,1842.0,1210.0,360.0,0.0,720.0,720.0,0.84,129.63405353227293,4.2,3.8,4.1,19.0,94.0,False,1.5504885993485342
94660,40.0,1,1.0,29733.4460988385,2.0,144.0,1061.0,45.18,1860.0,1438.0,721.0,0.0,0.0,0.0,600.0,0.85,88.76535421051122,3.9,4.1,3.9,13.0,67.0,False,1.2934631432545203
94663,30.0,1,7.0,32913.68798391762,2.0,140.0,2237.0,78.32,4035.0,2202.0,1089.0,60.0,1260.0,1380.0,300.0,0.7,119.2445747588726,3.9,3.9,3.9,12.0,82.0,False,1.832425068119891
94664,41.0,0,6.0,9814.572175138012,1.0,148.0,3550.0,185.49000000000004,5396.0,3783.0,2346.0,0.0,90.0,90.0,600.0,1.01,95.8191680907782,4.2,4.1,3.7,16.0,95.0,False,1.4263811789584986
94666,38.0,1,4.0,17868.53548114413,1.0,145.0,1937.0,70.91,3307.0,2135.0,816.0,0.0,60.0,60.0,480.0,0.87,87.40275322638875,3.8,4.1,4.2,9.0,84.0,False,1.5489461358313816
94669,38.0,0,3.0,322377.07968472847,1.0,136.0,1998.0,70.4,3345.0,1953.0,1389.0,120.0,90.0,330.0,120.0,0.95,105.06855051128726,4.0,3.5,4.6,14.0,93.0,False,1.7127496159754225
94670,60.0,0,4.0,7847.451396767999,1.0,145.0,2040.0,48.71,2234.0,2722.0,857.0,0.0,0.0,0.0,180.0,1.62,48.29485681772927,4.3,3.0,4.3,19.0,136.0,True,0.8207200587803086
94672,29.0,1,3.0,144629.71393818565,1.0,139.0,1054.0,46.48,1902.0,1401.0,625.0,60.0,60.0,180.0,600.0,0.57,126.07890380714096,3.8,4.1,4.1,11.0,109.0,False,1.3576017130620985
94673,23.0,1,4.0,30837.768137405765,2.0,142.0,2852.0,68.92,4437.0,2073.0,1507.0,0.0,3360.0,3360.0,300.0,0.61,128.7507654558818,3.9,4.1,4.0,12.0,87.0,False,2.1403762662807524
94676,67.0,0,4.0,5168.129019122317,1.0,147.0,2641.0,61.96999999999999,3772.0,1890.0,1395.0,360.0,60.0,780.0,240.0,0.94,88.85020267956338,3.9,4.1,3.8,14.0,94.0,False,1.9957671957671959
94677,25.0,1,3.0,97289.06720707985,1.0,147.0,1694.0,42.96,2337.0,2150.0,779.0,660.0,3000.0,4320.0,120.0,0.77,109.71662630275152,4.0,3.3,4.0,12.0,87.0,False,1.0869767441860465
94678,58.0,1,3.0,227337.6812928,1.0,134.0,1816.0,82.32,2347.0,3033.0,1393.0,360.0,330.0,1050.0,300.0,0.67,101.24999649000505,3.9,3.8,4.0,15.0,90.0,False,0.773821299043851
94679,63.0,0,1.0,16971.205332058995,1.0,136.0,2040.0,79.73,1813.0,2992.0,1463.0,960.0,760.0,2680.0,240.0,0.86,97.2943389688813,4.7,2.8,4.6,13.0,90.0,False,0.6059491978609626
94681,60.0,0,3.0,42686.77980946129,1.0,145.0,744.0,33.22,1452.0,760.0,638.0,0.0,240.0,240.0,180.0,0.51,116.07078820418296,3.7,3.5,4.2,11.0,92.0,False,1.9105263157894736
94684,38.0,1,3.0,43703.17766005538,2.0,139.0,1670.0,43.24999999999999,2012.0,1601.0,756.0,0.0,480.0,480.0,300.0,0.64,115.93373359731667,3.8,3.2,4.3,9.0,87.0,False,1.2567145534041224
94685,47.0,1,4.0,15307.72808701908,2.0,146.0,3155.0,114.86,5236.0,3332.0,2239.0,0.0,0.0,0.0,180.0,0.7,107.28067567720989,3.9,3.3,3.8,14.0,94.0,False,1.5714285714285714
94686,33.0,1,3.0,151447.5516961899,1.0,137.0,2513.0,89.85999999999999,5531.0,2980.0,1747.0,0.0,90.0,90.0,180.0,0.6,121.4702101109062,3.7,3.2,3.8,10.0,105.0,False,1.856040268456376
94688,61.0,0,3.0,220143.51149914527,2.0,143.0,3122.0,117.2,3993.0,3350.0,1840.0,0.0,30.0,30.0,540.0,1.02,83.61759775558961,3.9,3.5,3.8,18.0,100.0,False,1.1919402985074627
94689,22.0,0,2.0,25723.86438875693,1.0,139.0,2367.0,102.03,4959.0,3031.0,1759.0,1080.0,1080.0,3240.0,180.0,0.82,127.37248792459448,4.3,4.0,4.3,11.0,79.0,False,1.6360936984493566
94693,59.0,0,3.0,24993.092898927884,2.0,143.0,2809.0,120.93999999999996,5558.0,2838.0,2813.0,0.0,0.0,0.0,360.0,1.02,84.6641790852021,4.6,3.7,4.3,16.0,104.0,False,1.9584214235377027
94695,56.0,1,3.0,213676.0416043046,2.0,142.0,2440.0,94.48999999999998,4220.0,2667.0,1602.0,360.0,60.0,780.0,180.0,0.75,93.38057929023518,4.0,3.0,4.0,17.0,92.0,False,1.582302212223472
94696,43.0,1,3.0,33201.976389499054,2.0,142.0,2598.0,100.6,5749.0,2323.0,1519.0,600.0,900.0,2100.0,360.0,0.93,78.2102439006049,4.6,3.5,3.9,14.0,88.0,False,2.4748170469220834
94697,23.0,1,3.0,104368.1218467227,2.0,137.0,1873.0,113.04,3378.0,2564.0,1421.0,80.0,150.0,310.0,180.0,0.67,125.87233321134626,4.2,3.9,4.7,12.0,79.0,False,1.3174726989079564
94698,59.0,1,4.0,26663.39144010257,2.0,146.0,3061.0,80.0,3247.0,4453.0,1252.0,1200.0,1200.0,3600.0,180.0,0.63,102.12615101026228,4.2,4.5,4.2,9.0,88.0,False,0.7291713451605659
94704,80.0,1,4.0,21226.987871902373,1.0,144.0,767.0,25.84,991.0,1164.0,324.0,0.0,0.0,0.0,120.0,1.34,40.08483863320319,4.4,3.8,3.8,19.0,144.0,True,0.8513745704467354
94705,62.0,1,7.0,23972.780745761105,1.0,141.0,1364.0,37.21000000000001,2713.0,1427.0,828.0,0.0,0.0,0.0,420.0,0.8,83.25609745276236,4.0,4.0,3.9,18.0,91.0,False,1.9011913104414857
94706,43.0,1,6.0,20413.50790756158,2.0,138.0,1936.0,59.61999999999999,3363.0,2772.0,1309.0,2400.0,2700.0,7500.0,300.0,0.65,111.964936773423,4.4,3.5,4.0,9.0,88.0,False,1.2132034632034632
94708,41.0,0,3.0,91845.59624997697,2.0,142.0,2479.0,145.37,4339.0,2335.0,1793.0,0.0,1200.0,1200.0,360.0,1.16,81.1499875303906,4.5,4.0,4.1,18.0,93.0,False,1.8582441113490364
94710,35.0,0,4.0,21008.130901723114,2.0,143.0,852.0,30.74,950.0,541.0,314.0,360.0,280.0,1000.0,60.0,1.24,77.75674422836532,4.6,3.2,3.6,7.0,91.0,False,1.756007393715342
94711,64.0,1,3.0,34694.108236062384,1.0,142.0,1433.0,48.45,1826.0,1832.0,787.0,720.0,1080.0,2520.0,240.0,0.9,71.38895221126222,3.9,3.6,4.0,20.0,149.0,False,0.9967248908296943
94716,76.0,1,3.0,53591.5220911925,2.0,147.0,1918.0,129.6,5034.0,4242.0,1946.0,0.0,300.0,300.0,600.0,0.84,71.97385833857227,4.1,3.1,4.3,19.0,83.0,False,1.1867043847241867
94719,56.0,1,1.0,18431.56321369246,2.0,141.0,1596.0,58.55,3788.0,1797.0,1315.0,0.0,1200.0,1200.0,20.0,0.74,94.89689794863784,4.3,2.6,3.6,14.0,97.0,False,2.107957707289928
94720,22.0,0,4.0,19024.25796500163,1.0,145.0,3709.0,95.73999999999998,5420.0,2624.0,1919.0,1920.0,360.0,4200.0,540.0,0.72,132.47471727389953,4.1,5.3,4.0,11.0,86.0,False,2.0655487804878048
94721,30.0,0,2.0,69056.72523981654,2.0,148.0,3588.0,181.07,6716.0,3880.0,2395.0,1920.0,1500.0,5340.0,480.0,0.84,120.31146361944003,3.9,4.6,3.9,14.0,95.0,False,1.7309278350515465
94723,18.0,1,3.0,30954.608455848567,1.0,146.0,2334.0,80.56,2847.0,2043.0,1354.0,0.0,0.0,0.0,420.0,0.79,111.12604518896556,4.1,3.7,4.2,10.0,101.0,False,1.3935389133627019
94724,80.0,1,3.0,72154.65070712932,2.0,137.0,1337.0,61.06999999999999,2845.0,1906.0,775.0,0.0,0.0,0.0,720.0,1.22,44.86153204183479,4.0,3.6,3.7,27.0,83.0,True,1.4926547743966423
94725,56.0,0,3.0,339593.35132358084,2.0,140.0,1696.0,89.18999999999998,7834.0,1977.0,1059.0,150.0,30.0,330.0,960.0,1.18,72.42100075875773,4.2,3.1,4.4,21.0,100.0,False,3.9625695498229643
94726,46.0,1,3.0,121762.76609411884,2.0,141.0,2506.0,81.57,3701.0,4000.0,1919.0,1710.0,180.0,3600.0,120.0,0.73,102.6485274596228,4.8,3.7,3.9,12.0,184.0,False,0.92525
94729,37.0,0,4.0,22266.99421448657,2.0,145.0,1313.0,27.89,1463.0,538.0,531.0,0.0,2700.0,2700.0,540.0,1.87,46.90640478259751,4.1,3.8,4.0,18.0,85.0,True,2.7193308550185873
94730,62.0,1,1.0,7723.434969669536,2.0,142.0,2159.0,63.33,2248.0,2623.0,1280.0,0.0,0.0,0.0,60.0,0.55,103.57325039823276,4.2,3.5,4.0,9.0,143.0,False,0.857033930613801
94731,44.0,1,4.0,24654.882561184582,1.0,141.0,2018.0,96.32,5576.0,2696.0,1650.0,0.0,0.0,0.0,240.0,0.77,97.48848036188426,3.8,2.5,3.9,7.0,94.0,False,2.0682492581602374
94735,45.0,1,2.0,52989.638101772114,2.0,143.0,1278.0,53.81,2572.0,1363.0,893.0,0.0,0.0,0.0,180.0,1.04,67.54623648388788,3.6,3.0,3.9,18.0,93.0,False,1.8870139398385914
94736,51.0,0,6.0,13595.943930200396,2.0,138.0,1012.0,64.66000000000001,1523.0,1321.0,624.0,20.0,60.0,100.0,480.0,1.04,86.93365943250865,4.6,3.2,4.2,16.0,181.0,False,1.1529144587433762
94740,46.0,1,6.0,9216.900653609457,1.0,144.0,2458.0,95.74,6521.0,4442.0,1939.0,0.0,0.0,0.0,120.0,0.61,111.59035138595584,3.6,2.8,4.3,14.0,90.0,False,1.4680324178298063
94744,43.0,0,4.0,46536.400985290624,1.0,143.0,745.0,38.98,2178.0,1287.0,712.0,0.0,0.0,0.0,360.0,1.03,92.43391752955696,3.9,3.3,4.2,17.0,179.0,False,1.6923076923076923
94745,19.0,0,3.0,39314.92097113175,1.0,139.0,2978.0,109.26000000000002,4505.0,2160.0,1679.0,0.0,180.0,180.0,240.0,1.0,111.18858707676178,3.8,2.3,4.1,9.0,93.0,False,2.0856481481481484
94747,59.0,1,3.0,134179.8962121209,1.0,140.0,459.0,21.540000000000003,978.0,1339.0,363.0,600.0,600.0,1800.0,60.0,0.78,87.44068151079223,4.1,3.4,4.5,10.0,87.0,False,0.7303958177744585
94748,51.0,1,4.0,12829.505355157817,2.0,145.0,1200.0,38.69,1914.0,767.0,433.0,0.0,300.0,300.0,300.0,2.12,27.684206795545396,4.1,3.7,2.5,15.0,90.0,True,2.4954367666232073
94750,80.0,0,3.0,12238.205967231212,2.0,147.0,1041.0,59.720000000000006,2064.0,1510.0,994.0,0.0,0.0,0.0,180.0,1.34,53.55166650457506,5.6,3.8,3.7,46.0,264.0,True,1.366887417218543
94752,73.0,0,3.0,70988.50132075677,1.0,134.0,2456.0,105.75999999999998,4203.0,2778.0,1686.0,0.0,0.0,0.0,180.0,0.74,95.67270403474748,4.0,3.7,3.9,29.0,114.0,False,1.5129589632829374
94753,74.0,1,6.0,11805.007161875028,1.0,148.0,1794.0,70.48,2428.0,2239.0,1074.0,0.0,0.0,0.0,600.0,0.86,70.8457499107287,4.0,3.8,4.1,15.0,72.0,False,1.0844126842340331
94754,65.0,1,3.0,72178.64325701728,2.0,139.0,2172.0,91.63,4526.0,2619.0,1406.0,0.0,0.0,0.0,480.0,0.7,95.91871754308336,4.0,3.4,3.8,20.0,122.0,False,1.7281405116456663
94755,74.0,1,2.0,14987.45478215508,1.0,145.0,1392.0,76.61000000000001,2316.0,1173.0,804.0,0.0,0.0,0.0,240.0,0.87,69.86969381258811,3.8,3.0,4.1,23.0,99.0,False,1.9744245524296675
94757,19.0,0,2.0,22723.697986728348,1.0,146.0,3070.0,82.52000000000001,3774.0,2670.0,1521.0,0.0,0.0,0.0,240.0,0.84,128.83032240037284,4.3,3.7,4.7,9.0,96.0,False,1.4134831460674158
94760,74.0,1,4.0,12914.220262542316,2.0,145.0,1944.0,68.86,3696.0,2152.0,1825.0,0.0,0.0,0.0,240.0,1.15,49.98900986960036,4.5,4.2,4.1,24.0,82.0,True,1.7174721189591078
94761,24.0,0,6.0,12368.799829349216,2.0,135.0,2262.0,81.15,6310.0,2142.0,1138.0,120.0,240.0,480.0,480.0,0.89,122.72403279627704,4.3,4.1,4.4,17.0,83.0,False,2.9458450046685343
94763,43.0,0,4.0,53958.086136776816,1.0,136.0,1309.0,63.95,2066.0,1990.0,1183.0,60.0,0.0,120.0,480.0,0.91,107.24729780281116,3.8,3.9,4.3,10.0,72.0,False,1.0381909547738692
94764,43.0,1,4.0,20744.367397026184,2.0,147.0,1919.0,60.13,2540.0,2165.0,855.0,600.0,1200.0,2400.0,240.0,0.8,93.69905139296438,4.1,2.7,3.2,8.0,103.0,False,1.1732101616628174
94765,55.0,0,3.0,37869.66567738116,1.0,135.0,891.0,38.62,1278.0,2457.0,607.0,0.0,630.0,630.0,120.0,1.0,88.88407112743099,3.4,3.6,4.1,20.0,106.0,False,0.5201465201465202
94766,42.0,0,4.0,21248.5013246952,2.0,134.0,2100.0,96.11,2682.0,1849.0,1174.0,210.0,210.0,630.0,240.0,1.04,91.93841868838255,4.3,3.8,3.8,13.0,91.0,False,1.4505137912385073
94768,80.0,0,3.0,64933.15386849376,2.0,145.0,1735.0,83.77,4457.0,2851.0,1471.0,0.0,135.0,135.0,480.0,1.07,70.15170248970922,4.0,3.1,4.1,22.0,94.0,False,1.5633111189056472
94771,42.0,1,3.0,45632.187946109625,1.0,140.0,1712.0,44.13000000000001,2368.0,2031.0,1054.0,2100.0,840.0,5040.0,180.0,0.65,112.66345016444254,4.4,3.8,4.4,10.0,91.0,False,1.1659281142294435
94773,32.0,0,1.0,90562.99782960028,1.0,147.0,2632.0,119.50999999999998,6891.0,3838.0,1836.0,180.0,90.0,450.0,420.0,0.97,106.37045861360632,3.8,3.6,4.4,14.0,89.0,False,1.7954663887441376
94775,26.0,1,4.0,32046.95781866735,1.0,136.0,1593.0,37.900000000000006,2736.0,988.0,774.0,120.0,0.0,240.0,1020.0,0.84,98.22570719380788,4.1,2.5,4.0,9.0,88.0,False,2.769230769230769
94776,72.0,0,2.0,14536.25662616123,1.0,140.0,945.0,51.66,2272.0,2345.0,803.0,0.0,0.0,0.0,180.0,0.9,90.74355678402048,4.9,3.9,4.1,21.0,183.0,False,0.9688699360341151
94777,80.0,1,3.0,23923.696288613228,1.0,144.0,1251.0,44.81,2092.0,1195.0,815.0,60.0,60.0,180.0,240.0,0.84,70.20543819527104,4.2,4.4,4.0,18.0,90.0,False,1.7506276150627615
94779,80.0,0,3.0,22968.744834556222,2.0,145.0,1767.0,93.58,3296.0,3514.0,1382.0,0.0,0.0,0.0,300.0,1.1,67.86213616987371,4.2,3.5,4.1,28.0,187.0,False,0.9379624359704041
94780,74.0,0,1.0,31849.733455753903,1.0,148.0,1694.0,67.94999999999999,2999.0,1592.0,963.0,0.0,0.0,0.0,840.0,1.2,63.45813419391165,3.8,3.8,3.6,20.0,103.0,False,1.8837939698492463
94783,28.0,1,6.0,14431.368191739277,1.0,138.0,2045.0,63.07000000000001,2531.0,2835.0,1069.0,0.0,0.0,0.0,360.0,0.62,124.32053626735592,3.5,4.2,4.1,10.0,79.0,False,0.8927689594356261
94786,24.0,1,3.0,78004.62289737903,2.0,143.0,1460.0,65.13000000000001,2805.0,2167.0,1344.0,0.0,2280.0,2280.0,240.0,0.64,126.48060334588791,4.1,3.6,4.1,11.0,94.0,False,1.2944162436548223
94787,19.0,0,1.0,15979.473175885309,2.0,135.0,3117.0,122.94,4333.0,1856.0,1765.0,120.0,210.0,450.0,180.0,0.78,131.74613036102568,4.2,4.3,4.3,11.0,76.0,False,2.3345905172413794
94788,53.0,1,6.0,21032.52436435445,2.0,146.0,856.0,37.370000000000005,1780.0,787.0,405.0,30.0,0.0,60.0,210.0,0.58,108.14288112235046,3.9,3.6,4.0,10.0,95.0,False,2.261753494282084
94793,40.0,0,1.0,39271.712886605375,1.0,137.0,4486.0,158.83999999999995,5866.0,5426.0,3468.0,1800.0,900.0,4500.0,300.0,0.95,103.76973932002896,4.3,4.4,4.2,17.0,88.0,False,1.081091043125691
94795,27.0,1,1.0,31550.706069675907,2.0,135.0,1148.0,48.38000000000001,1194.0,2105.0,627.0,360.0,360.0,1080.0,600.0,0.84,97.61670780920628,4.1,3.9,4.1,15.0,79.0,False,0.5672209026128266
94797,66.0,1,6.0,12306.957619842822,1.0,137.0,1992.0,109.46,3567.0,4150.0,1644.0,0.0,0.0,0.0,120.0,0.43,107.20254255291243,3.6,3.9,4.2,16.0,83.0,False,0.8595180722891567
94801,45.0,0,4.0,37570.08607231361,2.0,144.0,3213.0,240.24,7605.0,6936.0,2707.0,180.0,0.0,360.0,420.0,1.18,77.54889347718691,3.8,4.5,3.9,15.0,82.0,False,1.096453287197232
94809,79.0,1,1.0,14155.892919445065,2.0,141.0,1242.0,59.05,2860.0,2243.0,1357.0,0.0,0.0,0.0,240.0,0.69,88.22572868255082,4.6,4.9,3.7,20.0,75.0,False,1.275078020508248
94811,68.0,0,4.0,9235.46671192966,1.0,138.0,2837.0,98.43,4842.0,2426.0,1465.0,0.0,0.0,0.0,120.0,1.33,58.22223467015253,4.5,3.8,4.3,14.0,88.0,True,1.9958779884583677
94812,46.0,0,6.0,14949.226658310676,2.0,138.0,1816.0,86.77,2362.0,2260.0,1215.0,30.0,30.0,90.0,420.0,0.9,106.66992634691798,4.0,3.6,3.7,12.0,99.0,False,1.045132743362832
94813,62.0,1,6.0,8365.86816664375,2.0,140.0,1470.0,32.65,1122.0,3735.0,607.0,0.0,0.0,0.0,120.0,0.62,100.6256310015295,4.1,3.4,4.8,7.0,95.0,False,0.3004016064257028
94819,32.0,1,1.0,15599.154804683252,1.0,148.0,2423.0,105.63,4646.0,3175.0,1765.0,1420.0,540.0,3380.0,120.0,0.59,122.72411439869488,4.0,3.5,4.1,17.0,84.0,False,1.4633070866141733
94826,66.0,1,4.0,5564.549279698351,2.0,135.0,1079.0,57.29,1761.0,2243.0,1113.0,450.0,135.0,1035.0,300.0,1.39,41.85065347255205,4.4,4.0,4.0,32.0,80.0,True,0.785109228711547
94829,80.0,1,3.0,59103.09430136407,2.0,136.0,1423.0,41.56,2398.0,2600.0,898.0,0.0,30.0,30.0,480.0,0.84,70.20543819527104,4.4,4.0,4.2,12.0,94.0,False,0.9223076923076923
94831,64.0,1,3.0,28959.669084765148,1.0,145.0,2114.0,71.53,3342.0,1342.0,1308.0,0.0,0.0,0.0,180.0,0.84,77.55090599096587,3.8,3.0,4.1,8.0,87.0,False,2.4903129657228016
94832,71.0,1,3.0,129915.4196575998,1.0,141.0,1312.0,94.90000000000002,3450.0,2325.0,1320.0,80.0,45.0,205.0,540.0,0.94,64.87263547439534,4.0,4.0,4.0,22.0,95.0,False,1.4838709677419355
94834,62.0,1,3.0,66507.84106756627,1.0,135.0,2607.0,85.45,6069.0,4088.0,1578.0,0.0,45.0,45.0,600.0,1.18,52.223458009736326,4.0,3.2,4.3,31.0,123.0,True,1.4845890410958904
94835,59.0,1,3.0,75340.20662684646,2.0,135.0,911.0,12.18,1526.0,1436.0,309.0,0.0,30.0,30.0,720.0,0.88,75.65677947398473,4.3,3.3,3.8,8.0,95.0,False,1.0626740947075208
94836,71.0,1,3.0,11417.316144112654,2.0,139.0,1499.0,50.92999999999999,2181.0,3040.0,895.0,120.0,1680.0,1920.0,240.0,0.73,87.86735104516885,3.9,3.9,4.1,14.0,104.0,False,0.7174342105263158
94847,80.0,1,4.0,16667.38853818682,2.0,148.0,1204.0,71.66,3207.0,1673.0,1408.0,0.0,0.0,0.0,360.0,2.16,22.602755973903864,4.4,4.0,3.8,54.0,111.0,True,1.9169157202630005
94848,32.0,1,2.0,32320.73593403508,2.0,141.0,958.0,77.74,1171.0,1646.0,1173.0,120.0,120.0,360.0,480.0,0.62,121.26594192385134,3.9,4.0,3.7,14.0,87.0,False,0.7114216281895505
94850,46.0,0,3.0,39772.13960065667,1.0,143.0,1476.0,58.26,2180.0,1453.0,1051.0,60.0,0.0,120.0,240.0,0.68,116.09286830446273,3.9,3.8,3.9,7.0,97.0,False,1.5003441156228492
94852,33.0,0,1.0,32631.116817989307,1.0,137.0,2372.0,44.22,3468.0,1480.0,967.0,2400.0,2550.0,7350.0,240.0,0.75,122.19905016218944,3.9,3.9,4.1,14.0,92.0,False,2.343243243243243
94855,54.0,0,4.0,17770.344640434778,1.0,147.0,3.0,0.01,85.0,6.0,16.0,0.0,230.0,230.0,600.0,1.33,63.51890119233775,4.5,4.0,4.0,8.0,98.0,False,14.166666666666666
94856,77.0,1,3.0,142038.87090281092,2.0,137.0,1969.0,53.0,2585.0,2577.0,1018.0,0.0,0.0,0.0,360.0,0.78,78.17995159579445,4.0,3.8,3.9,22.0,107.0,False,1.003104384943733
94858,44.0,1,3.0,57107.2137607394,1.0,142.0,1559.0,55.79999999999999,2827.0,3408.0,1101.0,0.0,135.0,135.0,360.0,0.72,105.66792401079428,3.7,4.2,3.9,23.0,94.0,False,0.829518779342723
94860,33.0,1,4.0,12668.92961850628,2.0,148.0,2487.0,76.41,4280.0,1912.0,1590.0,0.0,0.0,0.0,240.0,0.66,118.71186982155832,3.9,4.0,3.9,14.0,105.0,False,2.2384937238493725
94861,56.0,1,4.0,18139.85402371957,2.0,140.0,1423.0,42.58,1313.0,1056.0,524.0,0.0,1200.0,1200.0,120.0,0.76,91.90809597841358,3.6,3.4,3.6,12.0,92.0,False,1.2433712121212122
94862,53.0,1,6.0,20614.630792830503,1.0,136.0,991.0,51.53999999999999,2656.0,1887.0,865.0,120.0,120.0,360.0,480.0,0.67,104.44798229481503,3.6,4.8,4.3,14.0,93.0,False,1.4075251722310547
94863,51.0,0,2.0,23257.908125500577,1.0,138.0,1944.0,58.14,2302.0,3968.0,1290.0,0.0,0.0,0.0,180.0,1.44,58.82920480733888,4.1,3.8,3.9,34.0,133.0,True,0.5801411290322581
94867,55.0,0,3.0,144703.8256641279,1.0,147.0,3910.0,131.59,6422.0,3795.0,1946.0,60.0,420.0,540.0,540.0,1.01,87.82907112305413,4.1,3.8,4.4,15.0,96.0,False,1.6922266139657445
94868,59.0,0,2.0,31862.13380162143,1.0,148.0,3681.0,150.69,9281.0,2718.0,1662.0,120.0,240.0,480.0,600.0,0.73,104.80611692547292,3.9,2.9,3.8,13.0,91.0,False,3.4146431199411333
94872,80.0,0,3.0,11959.15221054154,2.0,137.0,1369.0,54.31000000000001,1574.0,1751.0,1059.0,0.0,360.0,360.0,180.0,1.19,61.750772475244354,4.6,3.3,4.0,23.0,93.0,False,0.8989149057681325
94873,21.0,0,1.0,38188.30702153896,2.0,146.0,1461.0,44.5,778.0,1198.0,477.0,1800.0,180.0,3780.0,240.0,0.74,132.20273609021248,4.4,3.4,4.2,17.0,90.0,False,0.6494156928213689
94874,18.0,0,3.0,56018.08161770592,2.0,139.0,3105.0,70.7,4046.0,4092.0,1265.0,1680.0,0.0,3360.0,240.0,0.86,128.71611210172782,4.1,3.9,4.8,12.0,89.0,False,0.9887585532746823
94877,71.0,0,1.0,15285.04776656646,2.0,135.0,1457.0,52.79,2953.0,1312.0,971.0,0.0,90.0,90.0,240.0,0.84,93.23214988002417,4.3,3.4,4.1,15.0,97.0,False,2.2507621951219514
94878,37.0,1,4.0,37300.04157519461,2.0,145.0,1711.0,79.57000000000002,3202.0,2042.0,1443.0,240.0,1680.0,2160.0,240.0,0.82,94.42187085411044,4.1,3.3,3.9,10.0,92.0,False,1.5680705190989226
94879,48.0,1,7.0,8414.717475605308,2.0,148.0,1993.0,62.32,3135.0,2382.0,1205.0,0.0,40.0,40.0,660.0,1.02,67.8606373821521,3.8,3.3,3.9,12.0,83.0,False,1.3161209068010076
94882,55.0,1,6.0,22192.80584371877,1.0,138.0,1589.0,54.54999999999999,2042.0,1905.0,1123.0,0.0,0.0,0.0,15.0,0.71,100.35085312598174,3.9,4.1,4.7,18.0,145.0,False,1.0719160104986876
94883,59.0,0,4.0,11076.824884900409,1.0,147.0,2258.0,60.99,3023.0,1590.0,1116.0,1200.0,1200.0,3600.0,180.0,1.13,74.87309326397252,3.7,3.3,4.1,14.0,104.0,False,1.90125786163522
94885,64.0,0,4.0,10498.76260136408,1.0,144.0,1673.0,106.55,3257.0,1980.0,1326.0,90.0,90.0,270.0,300.0,1.56,49.2907415484986,3.7,3.9,4.1,21.0,118.0,True,1.644949494949495
94886,19.0,0,1.0,28521.496928577235,2.0,137.0,4282.0,163.86,7178.0,4468.0,2979.0,540.0,0.0,1080.0,360.0,0.82,129.77129980276703,4.3,4.0,4.1,13.0,84.0,False,1.6065353625783347
94889,41.0,1,1.0,25124.33911416733,2.0,136.0,2864.0,135.98000000000002,7535.0,3643.0,2205.0,1155.0,1365.0,3675.0,60.0,1.24,56.07111231051014,4.1,3.7,3.9,19.0,86.0,True,2.0683502607740873
94890,57.0,0,3.0,242401.01781456848,1.0,141.0,2034.0,61.430000000000014,2385.0,2438.0,1432.0,0.0,0.0,0.0,120.0,0.76,104.83503504467606,4.0,3.4,4.3,14.0,97.0,False,0.9782608695652174
94891,40.0,1,4.0,30352.06105734256,1.0,147.0,2310.0,67.30000000000001,4232.0,2832.0,1112.0,0.0,0.0,0.0,540.0,0.78,98.40851494827916,3.1,3.5,4.2,15.0,93.0,False,1.4943502824858756
94892,61.0,0,3.0,44385.27374951202,1.0,142.0,3301.0,141.35,6369.0,5640.0,3036.0,0.0,360.0,360.0,420.0,0.8,100.68735750547624,4.1,3.7,4.6,14.0,85.0,False,1.129255319148936
94894,50.0,0,3.0,268265.4505677305,2.0,134.0,3579.0,109.46,9385.0,3778.0,1837.0,20.0,80.0,120.0,600.0,0.98,93.94154215971132,4.1,2.6,3.6,14.0,102.0,False,2.484118581259926
94896,50.0,1,4.0,34106.36719265908,2.0,144.0,890.0,36.19,1310.0,799.0,539.0,240.0,0.0,480.0,180.0,0.55,111.59884422240982,3.6,3.1,3.4,5.0,98.0,False,1.639549436795995
94898,74.0,1,3.0,57450.32300562594,1.0,142.0,1447.0,70.97,2707.0,2025.0,904.0,0.0,480.0,480.0,360.0,0.56,95.70830134400173,3.6,3.9,3.9,20.0,122.0,False,1.33679012345679
94899,32.0,1,4.0,27145.192846449736,1.0,147.0,1064.0,27.52,1198.0,1052.0,406.0,0.0,360.0,360.0,300.0,0.68,118.59615080980583,3.8,2.8,4.2,13.0,95.0,False,1.138783269961977
94902,67.0,1,6.0,11904.33546529368,2.0,137.0,1037.0,20.96,2264.0,1333.0,343.0,0.0,0.0,0.0,120.0,0.57,99.54148965606014,4.0,3.4,3.8,12.0,122.0,False,1.6984246061515378
94905,19.0,1,3.0,73904.8557994244,2.0,142.0,2038.0,48.31,3906.0,2286.0,945.0,135.0,0.0,270.0,360.0,0.88,97.02600594416572,4.1,4.3,4.1,11.0,82.0,False,1.7086614173228347
94906,46.0,0,3.0,33297.891412600206,1.0,140.0,2568.0,102.93,4268.0,2740.0,1499.0,1200.0,1350.0,3750.0,720.0,1.06,87.6528351951641,4.5,3.0,4.3,13.0,92.0,False,1.5576642335766424
94907,80.0,1,3.0,62568.65821442198,1.0,139.0,821.0,26.07,1932.0,1049.0,439.0,0.0,600.0,600.0,480.0,0.98,58.34915980544514,4.0,2.9,3.6,17.0,168.0,True,1.8417540514775976
94908,56.0,1,4.0,15704.314338136008,1.0,145.0,1182.0,30.55,2104.0,934.0,446.0,0.0,0.0,0.0,180.0,1.06,61.654253183023,4.1,4.2,3.7,16.0,89.0,False,2.252676659528908
94909,59.0,0,3.0,83451.2105173788,1.0,142.0,1543.0,55.8,3007.0,2096.0,893.0,0.0,5040.0,5040.0,120.0,1.12,75.67601953940945,3.7,2.6,4.3,14.0,107.0,False,1.4346374045801527
94910,18.0,0,3.0,41852.504284366456,2.0,139.0,1763.0,72.46000000000001,3810.0,1587.0,1275.0,780.0,630.0,2190.0,180.0,0.64,140.72948341030562,3.9,3.2,4.4,13.0,84.0,False,2.4007561436672966
94916,26.0,1,4.0,29700.774660392515,1.0,145.0,1528.0,49.63,1779.0,2139.0,684.0,720.0,870.0,2310.0,120.0,0.9,90.4209980163618,3.9,3.8,3.9,9.0,69.0,False,0.8316970546984572
94918,71.0,0,2.0,27430.29816481121,1.0,139.0,2814.0,79.42999999999999,2272.0,2685.0,1340.0,0.0,620.0,620.0,180.0,0.84,93.23214988002417,4.1,3.1,4.4,13.0,106.0,False,0.8461824953445065
94920,58.0,1,4.0,32724.009070647517,1.0,136.0,2546.0,123.2,3901.0,2930.0,1478.0,0.0,225.0,225.0,300.0,1.03,63.02652968378214,3.3,3.3,4.2,12.0,83.0,False,1.3313993174061434
94921,61.0,1,6.0,9746.420956373908,2.0,138.0,2233.0,86.66,2802.0,6042.0,1819.0,2280.0,180.0,4740.0,480.0,0.63,100.86371246697986,4.2,4.4,4.1,12.0,98.0,False,0.4637537239324727
94922,66.0,0,4.0,10173.01350519615,1.0,139.0,2528.0,88.52999999999997,5025.0,2338.0,1113.0,0.0,210.0,210.0,180.0,0.96,87.17408047910948,3.7,4.0,4.3,9.0,89.0,False,2.1492728828058167
94926,37.0,0,3.0,90967.3796258704,2.0,142.0,2652.0,73.06,4894.0,2339.0,1349.0,2520.0,1680.0,6720.0,240.0,0.91,111.32492316959764,3.9,3.3,4.0,7.0,89.0,False,2.09234715690466
94927,28.0,1,6.0,14165.974149756295,2.0,148.0,3385.0,113.98,5828.0,3443.0,1863.0,480.0,1140.0,2100.0,240.0,0.67,122.01837714647948,4.3,4.1,4.2,11.0,87.0,False,1.6927098460644787
94929,78.0,0,3.0,71292.71825665611,1.0,144.0,2315.0,95.21,4245.0,2785.0,1778.0,270.0,210.0,750.0,240.0,0.86,88.62830792202715,3.8,3.7,4.1,18.0,78.0,False,1.5242369838420107
94930,50.0,1,4.0,15792.479433175971,2.0,143.0,2167.0,94.91,4546.0,2457.0,1630.0,1500.0,1500.0,4500.0,480.0,1.01,67.81885868872382,3.8,4.2,3.4,16.0,88.0,False,1.8502238502238502
94933,54.0,1,1.0,32580.512250886182,1.0,136.0,1327.0,38.38,2124.0,1476.0,863.0,0.0,180.0,180.0,120.0,0.71,100.97690996778198,4.0,3.1,3.8,13.0,83.0,False,1.4390243902439024
94935,41.0,1,7.0,55436.04617135303,2.0,141.0,2067.0,76.63000000000001,2470.0,2598.0,1596.0,0.0,315.0,315.0,60.0,0.79,96.31472393084532,4.1,3.4,4.0,14.0,93.0,False,0.9507313317936874
94936,25.0,1,4.0,19517.986980740057,1.0,144.0,1477.0,55.71000000000001,2405.0,1346.0,999.0,0.0,840.0,840.0,360.0,0.6,127.6667619627766,3.7,3.6,3.8,12.0,100.0,False,1.786775631500743
94938,61.0,0,4.0,12019.538225367256,1.0,142.0,2797.0,79.60000000000002,4733.0,1980.0,1909.0,0.0,300.0,300.0,600.0,1.11,75.54927797626316,4.2,3.1,4.2,11.0,80.0,False,2.3904040404040403
94939,31.0,0,7.0,25849.133904984858,2.0,145.0,2846.0,125.48,3165.0,2703.0,1571.0,2100.0,2100.0,6300.0,480.0,1.44,66.62130413320224,4.2,3.1,3.8,12.0,70.0,False,1.1709211986681465
94940,80.0,1,7.0,27181.359102612,2.0,147.0,1158.0,73.76,2232.0,1924.0,1090.0,0.0,2520.0,2520.0,240.0,1.39,38.36084254984073,5.1,4.4,3.7,35.0,90.0,True,1.16008316008316
94941,28.0,0,4.0,17617.925622667728,1.0,144.0,1806.0,47.71,1812.0,1511.0,1018.0,270.0,270.0,810.0,180.0,1.03,101.47205915579929,3.9,4.8,3.9,14.0,91.0,False,1.199205823957644
94945,29.0,0,1.0,36195.72058056196,2.0,143.0,3009.0,139.91,5496.0,2319.0,2189.0,0.0,0.0,0.0,40.0,0.91,117.00393416493604,4.5,3.4,3.9,18.0,97.0,False,2.369987063389392
94946,23.0,0,3.0,58965.5377711878,2.0,141.0,3681.0,100.82000000000002,6208.0,3030.0,1696.0,420.0,360.0,1200.0,300.0,0.74,130.56850403586915,4.1,3.7,4.0,15.0,210.0,False,2.048844884488449
94950,80.0,1,3.0,49199.08024896176,2.0,137.0,886.0,22.250000000000004,2552.0,1476.0,447.0,0.0,0.0,0.0,360.0,0.82,72.26521095589915,5.0,3.6,3.6,15.0,92.0,False,1.7289972899728998
94952,63.0,1,3.0,58343.68054669584,1.0,145.0,1990.0,65.09000000000002,2561.0,1811.0,1341.0,0.0,0.0,0.0,480.0,0.91,70.88810321894239,4.2,4.0,4.1,21.0,97.0,False,1.41413583655439
94953,59.0,1,3.0,26231.81312904537,2.0,139.0,1076.0,18.770000000000003,1306.0,949.0,524.0,0.0,0.0,0.0,480.0,1.3,47.36908919840124,4.6,4.3,3.3,17.0,88.0,True,1.3761854583772393
94957,43.0,0,3.0,198606.01049903757,2.0,146.0,932.0,59.58000000000001,1615.0,2039.0,1516.0,0.0,120.0,120.0,600.0,1.03,92.43391752955696,4.3,3.9,4.6,13.0,95.0,False,0.7920549288867091
94958,58.0,1,6.0,17117.282774410338,2.0,138.0,2294.0,85.14999999999999,2559.0,2991.0,1909.0,0.0,100.0,100.0,300.0,0.74,93.72382425083184,4.2,3.9,4.4,15.0,90.0,False,0.8555667001003009
94959,48.0,0,4.0,38805.30170575049,1.0,139.0,1595.0,37.71,2141.0,1936.0,579.0,0.0,0.0,0.0,300.0,1.52,56.1718446176838,4.0,3.4,4.8,20.0,95.0,True,1.1058884297520661
94960,26.0,0,3.0,82650.29354015067,2.0,136.0,4036.0,107.96,5486.0,5464.0,2169.0,600.0,420.0,1620.0,720.0,0.84,123.34201540009968,3.7,2.4,4.8,10.0,85.0,False,1.00402635431918
94962,57.0,1,6.0,23774.77277664668,2.0,138.0,1151.0,60.96,3921.0,2459.0,866.0,0.0,225.0,225.0,360.0,0.71,99.11036003401374,3.8,3.4,3.9,18.0,81.0,False,1.5945506303375356
94964,48.0,0,1.0,49541.43725412124,2.0,143.0,1750.0,74.05,2988.0,2222.0,1687.0,480.0,0.0,960.0,120.0,0.61,118.48179025024814,4.0,3.6,4.1,13.0,89.0,False,1.3447344734473448
94966,44.0,0,7.0,25975.562179479264,1.0,141.0,1472.0,58.77000000000001,2929.0,2089.0,1253.0,0.0,100.0,100.0,60.0,1.33,67.59476345189829,3.8,3.6,4.8,26.0,156.0,False,1.402106270943035
94967,40.0,1,4.0,22273.11066932272,2.0,134.0,1660.0,81.33,2093.0,2430.0,1682.0,300.0,0.0,600.0,300.0,0.92,80.7236532975235,3.6,3.7,3.8,18.0,92.0,False,0.8613168724279835
94969,80.0,0,3.0,10205.607217547971,1.0,142.0,1321.0,55.58,1965.0,1926.0,1275.0,0.0,0.0,0.0,480.0,2.17,30.02942855376962,4.3,3.1,3.9,32.0,88.0,True,1.0202492211838006
94970,55.0,0,1.0,21315.30044301792,2.0,144.0,2048.0,71.55,2530.0,3689.0,1304.0,0.0,0.0,0.0,300.0,0.71,108.35130426303613,4.0,2.8,3.9,11.0,107.0,False,0.6858227161832475
94972,39.0,1,3.0,43991.217650535546,2.0,142.0,1294.0,26.96,4150.0,702.0,577.0,150.0,1590.0,1890.0,180.0,0.65,114.7852460631798,3.6,2.2,3.3,6.0,91.0,False,5.911680911680912
94975,56.0,0,4.0,25077.464689340348,1.0,141.0,2436.0,84.58999999999997,3412.0,2654.0,1331.0,360.0,4270.0,4990.0,300.0,1.09,79.65464989461398,4.0,3.8,4.3,17.0,99.0,False,1.2856066314996233
94977,75.0,1,3.0,43324.17069389078,2.0,146.0,985.0,67.67999999999999,1652.0,2068.0,830.0,1920.0,0.0,3840.0,480.0,0.89,67.56828993571055,4.5,3.4,4.0,16.0,102.0,False,0.7988394584139265
94979,66.0,0,4.0,8683.816645025221,2.0,145.0,2370.0,94.68,3304.0,3127.0,1387.0,900.0,690.0,2490.0,240.0,0.7,101.62100208565452,3.4,3.2,4.1,13.0,101.0,False,1.0566037735849056
94982,32.0,1,4.0,26004.164352312742,2.0,145.0,3935.0,149.57999999999998,8491.0,3048.0,3149.0,540.0,180.0,1260.0,180.0,0.62,121.26594192385134,4.2,3.6,4.0,14.0,89.0,False,2.785761154855643
94983,18.0,1,6.0,20517.181803035157,1.0,137.0,3792.0,167.72000000000003,7552.0,5083.0,2404.0,0.0,0.0,0.0,240.0,0.54,136.77680407114525,3.7,3.8,4.4,9.0,93.0,False,1.4857367696242376
94986,62.0,0,3.0,127771.01075197046,1.0,142.0,1595.0,95.85,3270.0,3229.0,1572.0,0.0,300.0,300.0,480.0,1.28,63.27977430416974,4.8,4.2,4.2,22.0,95.0,False,1.0126974295447506
94987,63.0,1,3.0,42096.440811125714,2.0,134.0,2057.0,74.39,4113.0,2579.0,1538.0,0.0,0.0,0.0,480.0,1.47,39.86963180708466,4.7,3.8,3.4,37.0,155.0,True,1.5948041876696395
94989,35.0,0,7.0,29523.66172089001,2.0,146.0,1661.0,63.6,2849.0,2390.0,953.0,540.0,360.0,1440.0,600.0,0.88,115.00071739733562,4.4,3.8,4.0,12.0,88.0,False,1.192050209205021
94990,56.0,0,4.0,38279.77259108641,2.0,142.0,2731.0,72.43,3842.0,2479.0,1273.0,600.0,480.0,1680.0,180.0,1.15,74.69396644407405,4.5,3.3,4.0,13.0,103.0,False,1.5498184751916095
94993,80.0,1,3.0,24998.52304978566,1.0,145.0,2107.0,82.36,3581.0,3846.0,1629.0,0.0,0.0,0.0,600.0,0.77,77.93221633987184,4.2,3.6,4.1,21.0,88.0,False,0.9310972438897556
94994,18.0,1,2.0,25381.112264168427,2.0,134.0,1397.0,49.32,1922.0,2223.0,1061.0,0.0,0.0,0.0,420.0,0.61,132.8173643157344,4.2,3.3,3.8,9.0,86.0,False,0.8645973909131804
94995,58.0,0,7.0,14978.415257699233,2.0,136.0,2884.0,111.36,4339.0,3596.0,2073.0,780.0,360.0,1920.0,180.0,1.06,81.34931065854836,4.0,2.9,4.4,15.0,107.0,False,1.2066184649610678
94997,44.0,1,2.0,24638.00740446675,2.0,140.0,3097.0,139.49,5359.0,6868.0,2714.0,0.0,1800.0,1800.0,120.0,0.65,111.27075416542776,3.9,4.3,4.2,16.0,75.0,False,0.7802853814793244
94998,45.0,0,3.0,30137.291655497524,2.0,139.0,1871.0,69.55,3627.0,1338.0,1191.0,0.0,0.0,0.0,900.0,0.88,108.06634763368162,3.9,2.8,4.1,17.0,88.0,False,2.710762331838565
95001,80.0,1,3.0,23927.35330625708,2.0,141.0,2121.0,118.34999999999997,3148.0,2475.0,1249.0,0.0,0.0,0.0,600.0,1.11,50.24794709318196,4.2,4.0,3.5,27.0,145.0,True,1.271919191919192
95002,26.0,0,1.0,18291.266223085728,2.0,141.0,1484.0,80.26,1726.0,1021.0,1160.0,1200.0,1200.0,3600.0,120.0,0.7,130.3238126307663,4.3,3.6,4.4,11.0,91.0,False,1.6904995102840352
95007,79.0,0,3.0,15366.73930819021,2.0,143.0,1483.0,65.68,1680.0,3340.0,1107.0,720.0,1500.0,2940.0,240.0,0.99,77.4885479099586,4.6,3.0,3.9,17.0,92.0,False,0.5029940119760479
95011,65.0,1,3.0,19886.784565051552,2.0,146.0,1359.0,43.19,2241.0,1560.0,777.0,0.0,480.0,480.0,600.0,0.96,65.6591916769494,4.6,3.9,4.0,13.0,92.0,False,1.4365384615384615
95013,56.0,0,3.0,146482.39689477024,1.0,142.0,1566.0,43.60000000000001,2048.0,2422.0,771.0,0.0,480.0,480.0,360.0,0.86,101.62361151982608,3.7,3.9,4.2,13.0,93.0,False,0.8455821635012386
95014,35.0,0,1.0,56941.48884821805,2.0,135.0,2479.0,68.05000000000001,3520.0,1933.0,1227.0,2700.0,600.0,6000.0,120.0,0.74,121.1787134253685,4.4,3.2,4.3,10.0,92.0,False,1.8210036213140197
95016,73.0,0,3.0,16879.447275361526,2.0,147.0,786.0,38.7,784.0,1405.0,871.0,0.0,960.0,960.0,360.0,1.28,59.09542196426624,4.4,2.3,4.1,15.0,129.0,True,0.5580071174377225
95019,40.0,0,3.0,25342.68997992128,2.0,139.0,3733.0,60.24,1952.0,3342.0,1404.0,360.0,960.0,1680.0,60.0,1.05,92.02628559701444,4.1,3.6,4.7,13.0,81.0,False,0.5840813883901855
95020,80.0,1,4.0,20973.07413637755,2.0,145.0,1180.0,44.05,2724.0,1725.0,852.0,0.0,0.0,0.0,180.0,1.03,54.966897914086125,4.3,3.4,3.9,16.0,96.0,True,1.5791304347826087
95024,19.0,0,3.0,196926.55999536425,2.0,134.0,3480.0,248.54,5524.0,5017.0,3067.0,780.0,80.0,1640.0,300.0,0.9,126.17380499094324,4.2,3.4,4.2,19.0,92.0,False,1.1010564082120788
95025,57.0,0,3.0,227609.24286163363,2.0,142.0,3103.0,119.87,7432.0,1944.0,2466.0,900.0,0.0,1800.0,540.0,0.77,104.42198642828,3.5,3.6,3.9,14.0,101.0,False,3.8230452674897117
95026,20.0,0,4.0,25940.84846708411,1.0,146.0,4428.0,185.87,8047.0,3647.0,2855.0,360.0,240.0,960.0,600.0,1.05,104.21543485222844,3.9,4.6,4.5,11.0,87.0,False,2.2064710721140663
95027,76.0,1,6.0,11049.899910394995,1.0,134.0,1249.0,50.77,2076.0,1834.0,873.0,0.0,240.0,240.0,300.0,0.77,79.89526798843805,4.5,3.7,4.0,22.0,95.0,False,1.1319520174482007
95028,30.0,0,3.0,41053.96420277171,2.0,141.0,2023.0,61.190000000000005,3873.0,1684.0,713.0,0.0,0.0,0.0,120.0,0.83,120.7473951530977,4.5,4.0,4.3,9.0,79.0,False,2.2998812351543942
95029,43.0,1,4.0,18373.42864731554,2.0,140.0,1885.0,39.43000000000001,1365.0,1542.0,953.0,0.0,110.0,110.0,16.0,0.69,110.36504057027986,4.0,3.3,3.6,10.0,84.0,False,0.8852140077821011
95030,63.0,0,7.0,9488.778521060018,1.0,145.0,2964.0,76.76,4571.0,2493.0,1485.0,0.0,120.0,120.0,480.0,0.91,94.7035385987119,3.8,3.3,4.0,13.0,108.0,False,1.833533894905736
95031,54.0,1,3.0,104165.34070729453,1.0,142.0,4198.0,116.05999999999996,6305.0,2857.0,1976.0,0.0,720.0,720.0,240.0,0.66,104.17727330165486,3.8,2.8,3.2,13.0,113.0,False,2.206860343017151
95034,61.0,1,3.0,303381.14736537816,1.0,143.0,1663.0,83.63000000000001,2327.0,2240.0,1771.0,0.0,150.0,150.0,300.0,0.83,80.1551315167714,4.2,4.0,4.3,16.0,83.0,False,1.0388392857142856
95035,42.0,0,7.0,22188.997515243784,2.0,143.0,1917.0,73.04,3951.0,1213.0,1321.0,0.0,0.0,0.0,840.0,0.8,113.31674404844895,4.5,4.0,4.3,16.0,80.0,False,3.2572135201978565
95036,80.0,0,3.0,26752.204591624457,1.0,142.0,959.0,54.81,1912.0,1191.0,660.0,0.0,720.0,720.0,360.0,1.13,65.70593750756211,3.7,3.1,3.9,20.0,107.0,False,1.6053736356003359
95037,20.0,1,1.0,62210.83453316743,2.0,141.0,1858.0,57.06,1732.0,2243.0,1352.0,0.0,240.0,240.0,300.0,0.49,138.28659315730297,3.8,2.9,2.6,6.0,81.0,False,0.7721801159161836
95040,26.0,1,3.0,16801.717789771028,2.0,147.0,1313.0,38.97,1783.0,1551.0,700.0,0.0,450.0,450.0,300.0,0.55,129.56386025811875,4.0,3.4,2.8,9.0,81.0,False,1.1495809155383623
95041,60.0,1,2.0,7590.272297778684,2.0,135.0,827.0,54.42,1674.0,2111.0,732.0,0.0,690.0,690.0,180.0,0.57,103.9707528939343,4.2,3.3,3.8,26.0,371.0,False,0.7929891046897205
95042,65.0,1,2.0,9382.88056623304,2.0,146.0,963.0,35.440000000000005,1675.0,1123.0,870.0,0.0,0.0,0.0,30.0,0.63,98.3854595988943,4.2,3.6,4.2,13.0,101.0,False,1.491540516473731
95044,67.0,1,3.0,7390.2729862275,2.0,139.0,2137.0,108.08,4498.0,2923.0,1874.0,0.0,150.0,150.0,420.0,0.71,93.1341548464394,4.5,2.6,4.0,18.0,111.0,False,1.538829969209716
95045,69.0,1,3.0,120778.0737772868,1.0,145.0,1412.0,51.13000000000001,2161.0,3181.0,948.0,120.0,180.0,420.0,180.0,0.76,84.76970472978522,3.7,3.2,4.0,12.0,113.0,False,0.6793461175730903
95046,63.0,1,4.0,8062.108464813608,2.0,148.0,1700.0,58.63999999999999,3600.0,859.0,752.0,0.0,0.0,0.0,360.0,0.83,79.16428904921895,3.8,3.4,4.2,15.0,87.0,False,4.190919674039581
95047,74.0,0,3.0,6983.649044934972,2.0,139.0,1846.0,84.79,3233.0,2641.0,1341.0,60.0,105.0,225.0,300.0,1.95,35.43751502561894,5.1,3.2,4.3,46.0,138.0,True,1.2241575160923892
95048,23.0,0,3.0,268835.6461828625,1.0,143.0,2507.0,88.15,3652.0,2895.0,1303.0,0.0,0.0,0.0,720.0,0.99,109.77259921058008,3.7,3.7,4.6,19.0,106.0,False,1.2614853195164075
95051,52.0,0,4.0,19430.230283813773,2.0,143.0,3214.0,61.82,4349.0,2431.0,1912.0,0.0,720.0,720.0,720.0,1.01,89.48316002790122,4.2,3.3,4.1,10.0,220.0,False,1.7889757301522007
95052,40.0,1,6.0,24855.46492859503,1.0,137.0,938.0,21.72,1804.0,1271.0,342.0,0.0,0.0,0.0,120.0,0.42,126.734280016017,3.5,2.6,3.0,4.0,57.0,False,1.4193548387096775
95055,40.0,0,1.0,48172.00760521521,2.0,135.0,1744.0,42.23000000000001,2234.0,2167.0,734.0,840.0,840.0,2520.0,540.0,0.83,113.46650939047532,4.0,4.0,4.2,14.0,99.0,False,1.0309183202584218
95056,34.0,1,7.0,26788.20832184867,1.0,139.0,1969.0,80.34,4006.0,1542.0,1277.0,720.0,750.0,2190.0,120.0,0.93,82.71279728005386,4.0,3.1,3.7,14.0,98.0,False,2.5979247730220494
95057,71.0,0,3.0,54035.30366788874,2.0,139.0,1374.0,49.92,1746.0,1971.0,917.0,120.0,120.0,360.0,300.0,0.93,87.78661000960756,4.3,4.3,4.6,13.0,93.0,False,0.8858447488584474
95058,36.0,1,3.0,99961.08030909588,2.0,146.0,1741.0,34.080000000000005,2500.0,1489.0,473.0,240.0,60.0,540.0,360.0,0.69,115.27591560975816,4.2,2.7,3.4,14.0,114.0,False,1.6789791806581598
95059,53.0,0,3.0,25233.26108600871,2.0,146.0,1783.0,87.16,6664.0,2015.0,1901.0,1680.0,1260.0,4620.0,360.0,0.73,108.79092670366852,2.9,2.8,3.8,7.0,99.0,False,3.307196029776675
95060,44.0,1,6.0,21633.3342589134,1.0,140.0,1810.0,112.51,4122.0,2702.0,1710.0,0.0,0.0,0.0,120.0,0.64,111.68729605643917,3.9,3.7,4.2,13.0,104.0,False,1.5255366395262768
95061,45.0,0,1.0,52623.53892477433,2.0,141.0,3665.0,108.62999999999998,5604.0,2927.0,1654.0,600.0,1500.0,2700.0,480.0,0.84,109.59529153719784,3.6,4.0,4.7,11.0,91.0,False,1.9145883156815853
95062,61.0,0,4.0,7147.76197074884,2.0,145.0,660.0,23.31,1059.0,1018.0,937.0,0.0,0.0,0.0,600.0,1.11,75.54927797626316,4.2,4.0,4.3,16.0,99.0,False,1.0402750491159136
95063,46.0,1,3.0,40222.97537395921,1.0,145.0,729.0,39.81,1628.0,918.0,835.0,0.0,0.0,0.0,120.0,0.9,79.84526091763327,4.1,4.0,4.2,14.0,89.0,False,1.7734204793028323
95064,27.0,0,4.0,15372.122503710629,1.0,147.0,5147.0,184.11,10126.0,3356.0,3336.0,1575.0,720.0,3870.0,120.0,0.87,121.28513138500404,4.1,3.6,4.0,9.0,85.0,False,3.0172824791418353
95066,73.0,1,2.0,19249.13922031262,1.0,139.0,1662.0,40.36,1820.0,2419.0,764.0,0.0,0.0,0.0,300.0,0.53,97.59182642029091,3.7,3.6,4.3,10.0,90.0,False,0.7523770152955767
95067,55.0,1,4.0,22527.34273448437,1.0,144.0,3256.0,99.54,5403.0,2431.0,1216.0,90.0,0.0,180.0,840.0,0.83,83.20269172804909,3.8,2.7,3.5,13.0,95.0,False,2.2225421637186344
95069,26.0,0,3.0,124334.32274920758,1.0,142.0,3107.0,130.51,5082.0,2305.0,1887.0,3280.0,0.0,6560.0,480.0,1.04,101.55776885587588,3.9,4.5,4.4,11.0,75.0,False,2.2047722342733187
95070,61.0,0,2.0,11649.518831189403,2.0,146.0,1804.0,58.07,2422.0,2357.0,1002.0,0.0,0.0,0.0,240.0,1.11,75.54927797626316,4.6,3.7,3.7,16.0,108.0,False,1.027577428935087
95073,71.0,1,1.0,22191.412843483413,2.0,135.0,1012.0,25.92,1480.0,1962.0,592.0,150.0,260.0,560.0,600.0,1.17,49.88752195077974,4.1,3.5,4.1,19.0,103.0,True,0.7543323139653415
95077,47.0,0,6.0,28042.84973471198,1.0,148.0,2392.0,148.56000000000003,5921.0,2590.0,1721.0,120.0,80.0,320.0,480.0,1.11,82.42224212302202,4.4,4.1,4.5,16.0,98.0,False,2.286100386100386
95080,28.0,0,2.0,54330.801151062165,1.0,134.0,2938.0,90.85,2743.0,3679.0,1301.0,120.0,90.0,330.0,420.0,0.91,117.7338842472691,4.0,4.1,4.5,14.0,96.0,False,0.7455830388692579
95083,37.0,0,3.0,80666.8649325279,1.0,145.0,2766.0,89.17000000000002,4525.0,2638.0,1296.0,1800.0,1800.0,5400.0,180.0,0.93,108.45823598683084,4.0,3.0,4.2,16.0,105.0,False,1.7153146322971948
95088,50.0,1,1.0,21002.990326377527,1.0,135.0,1425.0,84.76000000000003,2590.0,2178.0,1411.0,360.0,630.0,1350.0,120.0,0.54,112.09344299245797,4.0,4.0,3.9,18.0,100.0,False,1.1891643709825528
95089,31.0,1,4.0,33024.96855598543,2.0,146.0,1775.0,36.77,2842.0,680.0,889.0,1440.0,960.0,3840.0,60.0,0.69,118.9169107162901,3.9,3.2,3.8,10.0,87.0,False,4.179411764705883
95090,18.0,0,6.0,7242.61113534125,2.0,146.0,1758.0,42.71,2838.0,1989.0,952.0,60.0,0.0,120.0,480.0,0.64,140.72948341030562,4.0,4.3,4.1,6.0,98.0,False,1.4268476621417798
95091,62.0,0,4.0,12576.05219803636,1.0,146.0,2979.0,105.75999999999998,4272.0,2304.0,1409.0,15.0,70.0,100.0,720.0,1.37,58.32465848674824,3.4,3.4,2.8,17.0,84.0,True,1.8541666666666667
95093,51.0,1,1.0,14791.655684001798,2.0,148.0,1912.0,64.78999999999999,3782.0,3064.0,1454.0,2400.0,2400.0,7200.0,240.0,0.61,108.17368069643727,4.3,4.3,4.0,17.0,81.0,False,1.2343342036553524
95094,37.0,1,2.0,30420.029447597422,2.0,141.0,1277.0,83.60000000000001,2303.0,2526.0,1168.0,0.0,0.0,0.0,300.0,0.46,126.32100326069832,4.1,2.6,3.7,10.0,114.0,False,0.9117181314330958
95095,80.0,1,3.0,34655.14112919696,2.0,139.0,1744.0,79.36,3748.0,1977.0,1648.0,270.0,0.0,540.0,300.0,0.87,67.31049657491492,4.2,3.1,4.0,19.0,89.0,False,1.8958017197774406
95097,66.0,1,3.0,272498.88866307226,2.0,147.0,2793.0,90.02999999999999,3747.0,2947.0,1510.0,0.0,45.0,45.0,120.0,0.77,85.02196415916512,4.4,3.0,3.8,15.0,108.0,False,1.2714625042416017
95098,68.0,0,2.0,10067.387675604108,1.0,140.0,2674.0,92.07,5465.0,3951.0,1855.0,240.0,250.0,730.0,180.0,1.05,77.31854640710264,3.6,3.1,4.1,18.0,97.0,False,1.3831941280688433
95099,70.0,1,6.0,23014.641684617527,1.0,148.0,1253.0,112.1,3647.0,2690.0,1564.0,0.0,300.0,300.0,180.0,0.72,89.89115855895703,3.7,4.2,4.2,18.0,103.0,False,1.3557620817843865
95102,61.0,1,6.0,17354.471239967217,1.0,138.0,1269.0,27.840000000000003,1544.0,1033.0,529.0,0.0,270.0,270.0,120.0,0.7,98.33483510581422,4.3,2.9,4.2,8.0,98.0,False,1.494675701839303
95103,39.0,0,2.0,91837.28681255238,2.0,137.0,4138.0,151.91,7085.0,2841.0,2491.0,90.0,60.0,240.0,600.0,1.19,79.68630805669623,3.9,3.5,4.4,16.0,88.0,False,2.4938401971136925
95105,67.0,0,3.0,84299.95492392457,2.0,139.0,3310.0,144.17000000000004,8392.0,3640.0,2301.0,0.0,150.0,150.0,240.0,1.16,69.03387631053069,5.0,3.0,4.2,21.0,101.0,False,2.3054945054945053
95110,67.0,1,1.0,14819.666926824935,1.0,148.0,1342.0,58.75999999999999,2615.0,1393.0,899.0,0.0,0.0,0.0,300.0,0.81,79.51278654619192,3.9,3.3,3.6,16.0,97.0,False,1.8772433596554199
95113,20.0,1,1.0,74951.39885671798,1.0,135.0,1247.0,99.45,2411.0,1170.0,1888.0,720.0,150.0,1590.0,240.0,0.59,132.23365369391593,4.0,3.7,4.1,10.0,79.0,False,2.0606837606837605
95114,34.0,0,1.0,43145.5905135033,2.0,148.0,1207.0,58.89000000000001,1917.0,1657.0,622.0,0.0,120.0,120.0,180.0,0.81,118.65139494955136,4.3,2.8,4.1,16.0,101.0,False,1.1569100784550392
95115,33.0,1,4.0,26218.10193377446,1.0,144.0,707.0,23.65,1871.0,1694.0,359.0,0.0,0.0,0.0,240.0,0.46,129.50293065023902,3.3,3.3,4.5,8.0,87.0,False,1.104486422668241
95118,57.0,0,6.0,10809.396355114128,2.0,138.0,1135.0,44.19,2036.0,1065.0,496.0,0.0,0.0,0.0,480.0,0.88,100.29479212866424,3.9,3.5,4.8,17.0,100.0,False,1.911737089201878
95121,66.0,1,1.0,9601.39087222624,2.0,142.0,1022.0,39.34,1705.0,1441.0,933.0,120.0,120.0,360.0,150.0,0.7,95.32402149431624,3.7,4.0,4.3,16.0,80.0,False,1.183206106870229
95123,50.0,1,2.0,29730.406761139508,1.0,143.0,2686.0,131.23000000000002,5017.0,2192.0,2227.0,90.0,180.0,360.0,480.0,0.9,77.88343795839066,3.6,3.6,3.9,19.0,96.0,False,2.2887773722627736
95124,58.0,0,4.0,35594.15796462809,2.0,146.0,3084.0,121.71,4223.0,3856.0,1854.0,0.0,840.0,840.0,120.0,0.84,101.08315708732574,5.1,4.2,4.1,12.0,80.0,False,1.095176348547718
95126,59.0,1,6.0,26352.203416465974,1.0,138.0,3256.0,93.23,3530.0,5243.0,2624.0,0.0,0.0,0.0,300.0,0.8,84.82406333577323,4.1,3.6,3.3,15.0,175.0,False,0.6732786572572954
95128,33.0,1,4.0,26004.164352312742,2.0,145.0,383.0,21.25,1588.0,486.0,271.0,540.0,270.0,1350.0,360.0,0.79,101.2280206180837,3.9,3.0,3.9,12.0,92.0,False,3.2674897119341564
95129,60.0,0,1.0,6964.950346832928,2.0,137.0,1838.0,103.72,2965.0,2375.0,1372.0,0.0,20.0,20.0,180.0,0.87,98.78120337095568,4.3,4.0,4.0,24.0,100.0,False,1.2484210526315789
95131,60.0,0,3.0,26440.8522078181,2.0,139.0,1526.0,50.25000000000001,2774.0,2296.0,1025.0,0.0,0.0,0.0,180.0,0.96,90.4885065688136,4.4,3.3,4.3,17.0,94.0,False,1.2081881533101044
95134,37.0,0,1.0,58268.56579748185,2.0,137.0,1378.0,58.84,3659.0,1830.0,778.0,1200.0,2940.0,5340.0,30.0,0.93,108.45823598683084,4.1,2.7,4.3,17.0,89.0,False,1.9994535519125682
95135,78.0,0,3.0,8137.145905730223,2.0,137.0,1257.0,52.540000000000006,1964.0,972.0,1092.0,0.0,2760.0,2760.0,240.0,1.43,50.15306956441707,4.5,4.1,3.6,28.0,99.0,True,2.0205761316872426
95137,53.0,1,3.0,114410.98965908765,2.0,139.0,1262.0,32.59,1571.0,1470.0,580.0,0.0,0.0,0.0,300.0,1.15,56.96337256750147,4.3,3.8,4.4,17.0,92.0,True,1.0687074829931973
95138,71.0,1,3.0,169435.34266015037,1.0,141.0,1835.0,108.88,2742.0,4203.0,2061.0,120.0,480.0,720.0,240.0,0.6,95.90284574309077,3.0,4.6,3.9,15.0,96.0,False,0.6523911491791577
95140,42.0,1,1.0,34102.39216497976,2.0,136.0,2387.0,65.34000000000002,4046.0,2940.0,990.0,0.0,120.0,120.0,360.0,0.64,113.08520561070824,3.7,3.0,4.2,12.0,84.0,False,1.3761904761904762
95143,51.0,1,1.0,31974.41524202826,2.0,142.0,1407.0,77.27000000000001,2051.0,2644.0,1043.0,0.0,190.0,190.0,420.0,0.58,109.4964277841904,3.9,4.2,4.5,11.0,85.0,False,0.7757186081694403
95148,56.0,1,4.0,39035.52165060789,2.0,142.0,1730.0,92.67,3372.0,1721.0,875.0,0.0,0.0,0.0,300.0,0.45,112.83838031220492,3.8,3.4,3.7,10.0,149.0,False,1.959325973271354
95149,48.0,1,3.0,221220.8279413378,1.0,146.0,3503.0,68.36,3517.0,1798.0,1228.0,0.0,600.0,600.0,480.0,0.67,107.74697662863548,3.4,3.9,3.3,10.0,98.0,False,1.9560622914349277
95151,80.0,1,3.0,24756.21442969308,1.0,140.0,1469.0,73.57000000000001,2648.0,2256.0,1177.0,0.0,105.0,105.0,720.0,1.06,53.10542139539293,4.4,4.1,3.5,25.0,92.0,True,1.173758865248227
95152,59.0,0,4.0,20336.37913355701,2.0,147.0,2333.0,76.83999999999999,4510.0,2566.0,1420.0,360.0,240.0,960.0,240.0,1.05,81.7697648799898,4.3,3.8,3.9,15.0,103.0,False,1.7575993764614186
95153,23.0,1,3.0,76480.18264151609,2.0,139.0,1826.0,68.51,3654.0,1271.0,1140.0,0.0,0.0,0.0,240.0,0.58,130.3251290067595,4.2,3.1,4.0,14.0,84.0,False,2.874901652242329
95155,62.0,0,1.0,12772.02371665756,2.0,140.0,2857.0,196.11,5381.0,3973.0,2757.0,120.0,1020.0,1260.0,240.0,4.11,15.606542480928123,5.2,3.6,3.8,55.0,90.0,True,1.3543921469921973
95163,68.0,0,6.0,21756.869760460853,1.0,138.0,2736.0,94.65,4627.0,3027.0,1608.0,0.0,140.0,140.0,240.0,1.36,56.68447772373141,4.3,3.5,3.6,26.0,100.0,True,1.5285761480013214
95168,59.0,1,4.0,13694.806153344316,1.0,144.0,2657.0,95.46999999999998,4720.0,2033.0,1693.0,0.0,0.0,0.0,180.0,0.86,77.77301144441587,3.9,3.8,3.7,17.0,104.0,False,2.3216920806689623
95170,67.0,1,6.0,21447.12823769287,2.0,138.0,1053.0,45.17,1993.0,1829.0,969.0,0.0,0.0,0.0,720.0,0.87,72.97866141308232,4.5,3.3,3.9,17.0,100.0,False,1.0896664844177146
95171,41.0,1,3.0,41313.03301907458,2.0,141.0,2550.0,86.79,3410.0,1834.0,1341.0,0.0,0.0,0.0,360.0,1.04,69.24767341346097,4.5,3.1,4.1,15.0,108.0,False,1.8593238822246456
95172,71.0,1,1.0,36636.67535737191,2.0,136.0,1736.0,72.37000000000002,3806.0,1895.0,1185.0,0.0,0.0,0.0,120.0,1.31,43.56015447411928,5.5,3.9,3.9,28.0,196.0,True,2.0084432717678102
95173,80.0,0,4.0,9139.886578489686,2.0,142.0,724.0,32.29,1585.0,1047.0,562.0,0.0,0.0,0.0,600.0,1.26,57.65727253502486,4.1,4.5,4.0,20.0,138.0,True,1.5138490926456543
95179,31.0,1,3.0,47635.6532100871,1.0,138.0,889.0,47.56,1870.0,2101.0,854.0,0.0,1800.0,1800.0,360.0,0.82,98.01186355007624,3.7,3.1,4.1,15.0,86.0,False,0.8900523560209425
95181,39.0,0,3.0,25109.44466055254,2.0,145.0,2880.0,96.75,3754.0,4677.0,1721.0,225.0,60.0,510.0,240.0,1.14,83.89850807898857,4.3,4.2,3.8,19.0,94.0,False,0.8026512721830233
95182,56.0,0,2.0,41396.89265774038,2.0,134.0,1689.0,55.67999999999999,2591.0,1526.0,960.0,60.0,0.0,120.0,300.0,1.19,71.69132002719124,3.3,2.4,3.5,11.0,130.0,False,1.697903014416776
95184,21.0,1,3.0,67035.08943007753,2.0,134.0,2071.0,100.77,2552.0,2215.0,1864.0,240.0,240.0,720.0,360.0,0.73,119.91621534388196,4.3,3.1,3.6,9.0,84.0,False,1.1521444695259593
95186,28.0,1,6.0,20179.89766540112,2.0,138.0,2171.0,59.17999999999999,3104.0,2773.0,1153.0,0.0,150.0,150.0,300.0,0.59,125.81543896770916,4.9,3.7,4.1,10.0,98.0,False,1.119365308330328
95189,66.0,0,4.0,6561.03057299,2.0,143.0,1461.0,42.83,2198.0,1116.0,923.0,600.0,720.0,1920.0,300.0,1.2,66.69531982647538,4.1,3.2,3.5,17.0,95.0,False,1.9695340501792116
95190,28.0,1,1.0,46807.06156451596,1.0,144.0,3649.0,117.38000000000002,4187.0,6254.0,2178.0,540.0,960.0,2040.0,360.0,0.69,121.15647832299882,3.6,2.8,4.5,10.0,87.0,False,0.6694915254237288
95191,54.0,1,1.0,29349.132949251398,2.0,144.0,807.0,50.64,1873.0,1401.0,714.0,0.0,0.0,0.0,120.0,0.58,107.47239525939187,4.6,2.9,3.8,15.0,98.0,False,1.3369022127052106
95194,19.0,0,1.0,31753.00529025595,2.0,144.0,1998.0,66.61999999999999,3403.0,2231.0,1336.0,1860.0,1860.0,5580.0,180.0,0.67,137.93543460879707,4.3,3.2,4.4,17.0,92.0,False,1.525324966382788
95195,19.0,1,2.0,33638.06961827421,1.0,136.0,742.0,56.24,2082.0,1021.0,578.0,840.0,0.0,1680.0,10.0,0.78,112.13826629965574,3.9,3.9,4.3,14.0,83.0,False,2.039177277179236
95197,34.0,0,3.0,48681.17536943223,1.0,136.0,2346.0,51.38999999999999,2147.0,1969.0,890.0,2940.0,2100.0,7980.0,360.0,0.73,122.43675771710151,4.0,4.1,4.5,13.0,77.0,False,1.090401218892839
95198,19.0,1,4.0,15090.265725756177,1.0,146.0,1597.0,63.1,3417.0,1069.0,825.0,120.0,1200.0,1440.0,360.0,0.8,108.78258538952257,4.2,4.0,4.1,11.0,86.0,False,3.19644527595884
95199,61.0,1,4.0,10996.145755127594,1.0,147.0,2227.0,90.06,1794.0,2466.0,1329.0,0.0,0.0,0.0,120.0,1.76,32.5244409596561,2.9,4.1,3.8,32.0,93.0,True,0.7274939172749392
95200,23.0,1,1.0,24357.020496101704,1.0,147.0,3010.0,95.25,4337.0,2215.0,1215.0,90.0,2100.0,2280.0,120.0,0.6,129.26467499865294,3.4,3.9,4.3,18.0,83.0,False,1.9580135440180586
95202,23.0,1,3.0,78396.56015769759,1.0,135.0,2873.0,84.17999999999999,3982.0,3619.0,1583.0,150.0,0.0,300.0,300.0,0.77,111.08987040110704,4.1,3.7,4.6,8.0,85.0,False,1.1003039513677813
95203,54.0,0,4.0,15166.597085332942,1.0,144.0,2182.0,71.83999999999999,4095.0,2081.0,1604.0,120.0,120.0,360.0,240.0,1.2,71.8633486837604,3.7,3.2,3.8,10.0,101.0,False,1.9678039404132628
95206,47.0,0,4.0,21248.5013246952,2.0,134.0,2431.0,81.86000000000003,4272.0,2674.0,1286.0,0.0,0.0,0.0,60.0,0.87,107.09949207940323,4.6,3.5,3.6,16.0,105.0,False,1.5976065818997756
95208,78.0,0,1.0,20822.98732595015,2.0,140.0,2459.0,81.17,3478.0,3535.0,1526.0,0.0,90.0,90.0,120.0,0.92,85.14425912036191,4.1,3.1,3.7,12.0,79.0,False,0.9838755304101838
95210,44.0,1,3.0,113858.3130327132,1.0,135.0,1458.0,83.83,1965.0,2251.0,848.0,0.0,0.0,0.0,360.0,0.76,99.02979047617372,4.0,3.9,3.9,15.0,102.0,False,0.8729453576188361
95211,22.0,1,1.0,53810.533274723326,2.0,142.0,1256.0,79.47999999999999,2031.0,2870.0,983.0,720.0,1020.0,2460.0,420.0,0.77,111.78292453321292,4.0,3.7,3.8,10.0,87.0,False,0.7076655052264809
95213,25.0,0,1.0,45185.57403097385,1.0,148.0,2988.0,115.57,3814.0,2606.0,2006.0,930.0,2730.0,4590.0,300.0,0.76,127.92006976770332,3.6,3.2,4.5,10.0,99.0,False,1.4635456638526478
95214,70.0,0,4.0,8893.301593054883,1.0,143.0,2192.0,72.36999999999999,3833.0,3377.0,1492.0,0.0,0.0,0.0,120.0,1.04,77.24472248159451,3.7,2.8,3.9,14.0,96.0,False,1.1350310926858158
95215,52.0,1,3.0,63253.289632633925,2.0,145.0,2779.0,51.00999999999999,2389.0,2448.0,876.0,0.0,0.0,0.0,180.0,0.75,95.732763133183,4.2,4.1,4.2,14.0,123.0,False,0.9758986928104575
95216,50.0,0,6.0,20924.05365315533,2.0,134.0,1555.0,58.60000000000001,5530.0,2312.0,933.0,70.0,70.0,210.0,360.0,1.14,78.35074937638528,4.1,3.3,4.4,16.0,95.0,False,2.391868512110727
95220,61.0,1,1.0,8415.597701687035,2.0,142.0,1677.0,62.48,3000.0,1878.0,1279.0,0.0,0.0,0.0,180.0,0.73,93.50559750803058,4.5,3.1,4.3,21.0,85.0,False,1.597444089456869
95221,35.0,1,7.0,37536.914431376536,2.0,146.0,918.0,17.150000000000002,726.0,1448.0,320.0,3360.0,3360.0,10080.0,180.0,0.59,120.45556916715888,4.0,3.3,3.9,8.0,79.0,False,0.5013812154696132
95224,73.0,0,7.0,14834.114345798767,2.0,136.0,3648.0,79.75,3806.0,2909.0,1585.0,30.0,420.0,480.0,240.0,0.81,93.09654257514391,4.0,3.3,4.1,17.0,92.0,False,1.3083533860433139
95227,22.0,0,6.0,35816.92118668393,2.0,134.0,1855.0,50.52,2514.0,2923.0,1210.0,0.0,195.0,195.0,360.0,0.9,123.84149251055264,4.5,3.8,4.4,12.0,92.0,False,0.8600752651385563
95228,46.0,0,3.0,250520.34289287488,2.0,146.0,2115.0,54.37,4544.0,2928.0,1133.0,150.0,105.0,405.0,240.0,1.03,90.725284113286,3.8,3.6,4.6,15.0,93.0,False,1.5519125683060109
95232,23.0,1,4.0,23047.058254656986,1.0,144.0,635.0,28.69,1341.0,425.0,317.0,0.0,3360.0,3360.0,240.0,0.48,136.40653331301522,3.6,3.6,3.4,12.0,88.0,False,3.155294117647059
95233,21.0,1,1.0,24515.76997096758,2.0,140.0,1811.0,92.2,2664.0,1670.0,1122.0,300.0,0.0,600.0,240.0,0.57,132.5105586479009,4.4,3.1,3.8,16.0,111.0,False,1.5952095808383233
95236,76.0,1,1.0,19940.111047513503,1.0,148.0,971.0,29.11,1539.0,1194.0,646.0,0.0,0.0,0.0,120.0,0.84,71.97385833857227,4.6,4.4,4.0,19.0,110.0,False,1.2889447236180904
95237,29.0,0,3.0,116873.9878932861,2.0,147.0,3886.0,143.31,6345.0,3092.0,2487.0,120.0,160.0,400.0,660.0,1.07,96.33622015860897,4.5,3.7,4.3,16.0,87.0,False,2.0520698576972833
95238,78.0,0,4.0,10105.216455892938,1.0,134.0,781.0,32.93,1702.0,993.0,563.0,0.0,0.0,0.0,120.0,1.13,66.5283314687125,4.8,2.9,4.0,19.0,103.0,False,1.7139979859013093
95239,23.0,1,1.0,44042.215116210944,2.0,136.0,3384.0,133.14999999999998,6349.0,3176.0,1846.0,0.0,480.0,480.0,240.0,0.4,142.53379616206809,4.0,3.2,3.8,7.0,113.0,False,1.9990554156171285
95242,58.0,1,4.0,60147.43706078312,1.0,136.0,2436.0,59.59,2352.0,3863.0,1191.0,140.0,140.0,420.0,360.0,0.81,84.09032713317622,3.6,2.8,4.1,11.0,86.0,False,0.6088532228837691
95244,48.0,1,4.0,10707.855852098555,2.0,146.0,3027.0,94.4,6331.0,3749.0,1665.0,0.0,0.0,0.0,120.0,0.86,83.27986242545401,3.7,2.9,3.7,11.0,96.0,False,1.6887169911976527
95247,64.0,1,6.0,24007.34565337438,2.0,136.0,2081.0,91.82,2516.0,3302.0,1560.0,0.0,0.0,0.0,480.0,1.01,62.16363053385288,4.2,3.9,4.3,24.0,166.0,False,0.761962447001817
95252,70.0,0,3.0,19696.934175390423,1.0,143.0,1119.0,27.630000000000003,986.0,1081.0,526.0,0.0,0.0,0.0,300.0,0.96,85.03218613786362,4.0,3.2,4.4,26.0,168.0,False,0.9121184088806661
95256,66.0,1,3.0,30882.04281017148,2.0,139.0,1915.0,62.44,3105.0,2165.0,1043.0,0.0,840.0,840.0,600.0,0.82,78.83941281807857,4.3,3.8,3.7,16.0,90.0,False,1.4341801385681294
95257,39.0,1,4.0,21482.091852977377,1.0,141.0,1129.0,30.809999999999995,1825.0,1618.0,660.0,2400.0,0.0,4800.0,30.0,0.86,88.07427307171558,4.2,3.8,3.6,12.0,85.0,False,1.1279357231149567
95258,62.0,0,2.0,9228.076311487906,1.0,140.0,989.0,40.5,2932.0,1387.0,675.0,0.0,0.0,0.0,600.0,1.05,80.25825745448341,3.7,3.1,4.7,16.0,229.0,False,2.113914924297044
95259,80.0,0,3.0,36792.17048544074,2.0,141.0,2706.0,78.02,2460.0,3530.0,1612.0,0.0,20.0,20.0,240.0,0.79,89.8060496862363,4.3,3.2,3.9,15.0,102.0,False,0.6968838526912181
95260,26.0,0,3.0,145376.50064836614,1.0,144.0,4084.0,179.4,5996.0,6655.0,3417.0,240.0,1260.0,1740.0,240.0,1.18,87.27598311353913,3.8,4.1,4.6,22.0,91.0,False,0.900976709241172
95262,24.0,1,7.0,46895.65465848457,1.0,137.0,4070.0,76.92999999999999,6270.0,2200.0,1898.0,0.0,0.0,0.0,360.0,0.6,128.4632340136613,3.8,3.2,3.5,8.0,97.0,False,2.85
95265,46.0,1,1.0,40358.8573630234,1.0,135.0,1535.0,63.58,3710.0,2005.0,1082.0,0.0,180.0,180.0,540.0,0.43,121.40183119352962,3.9,3.7,3.8,10.0,183.0,False,1.8503740648379052
95266,58.0,1,3.0,142475.97004235472,2.0,139.0,2342.0,114.64,4549.0,2833.0,1748.0,0.0,300.0,300.0,240.0,0.76,90.77196853549066,4.4,4.5,3.7,20.0,80.0,False,1.6057183198023297
95268,70.0,0,3.0,47352.31282812457,2.0,138.0,2274.0,72.63000000000001,3119.0,2323.0,1122.0,0.0,0.0,0.0,300.0,0.92,89.48771761974785,4.4,2.5,4.1,13.0,86.0,False,1.3426603529918208
95272,80.0,1,3.0,24296.736205435413,2.0,139.0,1847.0,52.06,3788.0,1991.0,1198.0,0.0,0.0,0.0,300.0,0.71,85.90053708048798,4.3,4.2,4.2,17.0,81.0,False,1.902561526870919
95273,62.0,0,1.0,23568.294163249346,1.0,136.0,2445.0,86.94000000000001,2870.0,3611.0,1848.0,90.0,180.0,360.0,180.0,0.98,87.18576735000006,4.2,3.3,4.2,15.0,87.0,False,0.794793685959568
95274,48.0,1,3.0,189007.85930350987,2.0,142.0,1676.0,35.21,1996.0,681.0,826.0,0.0,600.0,600.0,360.0,0.58,111.55857900590225,3.6,3.5,3.6,4.0,119.0,False,2.930983847283407
95275,41.0,1,7.0,27772.219146152645,2.0,147.0,1718.0,68.22000000000001,3142.0,1743.0,915.0,0.0,120.0,120.0,1020.0,0.95,77.19281298397524,4.2,3.2,3.2,12.0,89.0,False,1.8026391279403327
95276,33.0,0,3.0,217665.4682725732,2.0,147.0,2242.0,51.580000000000005,3281.0,5157.0,1280.0,60.0,2310.0,2430.0,240.0,0.92,112.6420932389534,4.6,3.6,4.3,11.0,113.0,False,0.6362226100445996
95278,43.0,1,2.0,19525.912178622573,2.0,146.0,1390.0,40.92,2516.0,804.0,522.0,0.0,0.0,0.0,480.0,0.63,112.81142515181276,3.6,2.8,3.4,14.0,131.0,False,3.129353233830846
95279,36.0,0,6.0,27649.193763474523,1.0,137.0,2197.0,61.91,2754.0,4339.0,1273.0,0.0,2880.0,2880.0,180.0,0.77,118.99072481469516,3.9,2.8,4.4,13.0,90.0,False,0.6347084581700853
95280,42.0,1,3.0,74577.20697540173,2.0,146.0,3114.0,61.28000000000001,2774.0,2474.0,1369.0,240.0,1110.0,1590.0,30.0,0.59,115.32403544773312,3.9,3.0,3.8,8.0,81.0,False,1.1212611156022636
95281,61.0,1,4.0,9717.62938395216,1.0,147.0,1508.0,104.64,3188.0,1772.0,1298.0,330.0,360.0,1020.0,180.0,2.59,20.45810131241119,4.2,3.7,3.8,50.0,138.0,True,1.799097065462754
95283,18.0,0,1.0,22723.697986728348,1.0,146.0,2868.0,188.21000000000004,8513.0,3626.0,2235.0,300.0,160.0,760.0,300.0,0.86,128.71611210172782,4.0,3.8,4.4,15.0,87.0,False,2.347766133480419
95284,41.0,1,2.0,7793.255840673924,2.0,144.0,2248.0,91.22,4103.0,1536.0,1741.0,0.0,0.0,0.0,120.0,0.58,116.52256251235404,4.1,3.7,3.7,24.0,109.0,False,2.6712239583333335
95287,56.0,1,6.0,32044.146534291274,1.0,141.0,1372.0,55.44,2798.0,2298.0,716.0,0.0,0.0,0.0,480.0,0.85,80.35767615188594,3.5,3.9,4.1,15.0,128.0,False,1.2175805047867712
95288,34.0,0,3.0,69316.32719412161,2.0,140.0,1893.0,38.91,2374.0,3017.0,881.0,0.0,0.0,0.0,300.0,0.75,121.44141605118388,3.8,3.1,4.6,11.0,102.0,False,0.7868743785217103
95289,56.0,1,1.0,35094.21970856047,2.0,143.0,1423.0,54.76,2434.0,1432.0,781.0,0.0,2460.0,2460.0,120.0,0.7,101.44074540397182,3.7,3.9,3.9,12.0,90.0,False,1.6997206703910615
95296,40.0,0,6.0,23902.014116112627,1.0,136.0,1725.0,86.95999999999998,3204.0,4331.0,1816.0,360.0,150.0,870.0,300.0,0.82,113.8826318428415,3.6,3.2,4.7,17.0,99.0,False,0.7397829600554144
95298,60.0,0,4.0,8746.924103100386,1.0,145.0,1429.0,69.96,2032.0,1700.0,966.0,0.0,1440.0,1440.0,180.0,1.33,61.19232170413368,3.8,3.4,4.5,19.0,99.0,False,1.1952941176470588
95302,45.0,1,1.0,16859.3225532476,2.0,136.0,1557.0,80.04000000000002,1825.0,2115.0,1396.0,90.0,720.0,900.0,150.0,0.69,109.00075649936792,4.2,3.4,3.7,14.0,81.0,False,0.8628841607565012
95307,19.0,0,1.0,22723.697986728348,1.0,146.0,519.0,24.4,1012.0,995.0,505.0,120.0,40.0,280.0,240.0,0.85,128.3707038571647,4.3,3.6,4.4,8.0,90.0,False,1.0170854271356784
95308,64.0,1,4.0,9430.03970862812,2.0,143.0,1862.0,56.85,3417.0,1951.0,1019.0,0.0,270.0,270.0,600.0,0.64,98.6242298851608,4.0,2.9,4.3,8.0,92.0,False,1.7514095335725268
95312,25.0,0,6.0,29149.023326021448,2.0,137.0,1892.0,57.97000000000002,3058.0,4227.0,1359.0,240.0,2640.0,3120.0,480.0,0.82,125.0180178880742,4.1,3.5,3.9,17.0,94.0,False,0.7234445233025787
95313,54.0,1,3.0,300980.75719794474,1.0,134.0,1134.0,49.72,2162.0,1300.0,1098.0,240.0,120.0,600.0,720.0,0.82,84.94845257671989,3.9,4.2,3.8,15.0,82.0,False,1.6630769230769231
95315,63.0,1,7.0,60414.0468155249,2.0,142.0,1573.0,19.11,1249.0,1490.0,401.0,0.0,0.0,0.0,1080.0,0.87,74.81693688278443,4.0,3.6,3.6,9.0,84.0,False,0.838255033557047
95316,43.0,0,3.0,16182.254033331064,2.0,143.0,3905.0,115.18,8368.0,2135.0,2417.0,0.0,150.0,150.0,600.0,1.17,79.32553233382177,4.5,3.1,4.0,17.0,102.0,False,3.9194379391100704
95318,60.0,1,3.0,239893.12382842024,1.0,134.0,1976.0,130.65,4304.0,2673.0,2414.0,0.0,1260.0,1260.0,540.0,0.57,103.9707528939343,4.1,4.1,4.0,20.0,94.0,False,1.6101758323980546
95319,55.0,1,1.0,12916.799727356522,2.0,136.0,2089.0,74.30000000000003,4383.0,2193.0,1283.0,0.0,0.0,0.0,180.0,0.61,105.51581962945464,4.2,4.1,4.3,17.0,93.0,False,1.9986320109439124
95321,65.0,0,4.0,9545.0964977354,2.0,143.0,2875.0,67.8,2452.0,4227.0,1650.0,0.0,180.0,180.0,900.0,0.8,98.21343773378835,3.5,3.7,4.0,11.0,101.0,False,0.5800804352969009
95323,21.0,0,6.0,36967.8108819838,1.0,137.0,2835.0,134.19,4608.0,3255.0,2188.0,300.0,660.0,1260.0,240.0,0.93,119.80602470660556,4.1,3.8,4.8,9.0,85.0,False,1.415668202764977
95325,68.0,0,2.0,12538.906376499232,1.0,134.0,4833.0,137.03,8091.0,3914.0,2400.0,0.0,0.0,0.0,60.0,0.79,96.76486265159532,4.1,3.9,4.2,30.0,158.0,False,2.067194685743485
95326,72.0,0,3.0,96526.61158103724,1.0,135.0,2490.0,87.3,3665.0,2921.0,1286.0,0.0,20.0,20.0,480.0,0.82,93.330856697504,3.8,3.5,4.2,15.0,202.0,False,1.2547072920232798
95329,47.0,0,6.0,12551.05975654854,2.0,134.0,2054.0,90.17,5786.0,2541.0,1217.0,180.0,240.0,600.0,360.0,0.78,110.69032318528816,4.1,4.7,4.4,18.0,90.0,False,2.277056277056277
95330,77.0,1,4.0,20781.46503844929,2.0,145.0,2631.0,106.17,5293.0,3669.0,1376.0,0.0,0.0,0.0,300.0,1.47,36.54501283414326,3.9,3.2,3.8,19.0,354.0,True,1.4426274189152357
95334,60.0,1,2.0,10338.607726007333,2.0,148.0,1389.0,75.80000000000001,2137.0,3193.0,1339.0,0.0,0.0,0.0,420.0,0.74,92.56525157392576,4.0,4.1,3.9,16.0,98.0,False,0.66927654243658
95338,72.0,0,2.0,9181.346235892675,2.0,141.0,1972.0,93.62,3930.0,3014.0,1542.0,100.0,100.0,300.0,180.0,1.0,79.96626451789557,4.3,3.2,4.3,19.0,146.0,False,1.3039150630391507
95342,31.0,1,3.0,50783.90006072839,2.0,136.0,1932.0,56.56999999999999,2095.0,1262.0,1349.0,540.0,810.0,1890.0,480.0,0.57,124.52037187299476,4.1,3.5,4.3,13.0,88.0,False,1.6600633914421552
95346,61.0,1,4.0,20467.400975893943,2.0,140.0,1880.0,75.40000000000002,2788.0,1173.0,825.0,0.0,0.0,0.0,120.0,1.1,57.168108050188096,4.2,3.4,4.0,13.0,85.0,True,2.3768115942028984
95348,39.0,1,2.0,54064.3608507968,2.0,138.0,1451.0,28.47,1560.0,1833.0,674.0,0.0,100.0,100.0,420.0,0.62,116.09988547413572,4.2,3.5,4.2,7.0,112.0,False,0.851063829787234
95351,25.0,1,6.0,22948.268319710893,2.0,140.0,2245.0,108.56,6790.0,2041.0,1244.0,0.0,420.0,420.0,420.0,0.88,93.47212338299676,4.0,3.7,4.1,14.0,82.0,False,3.3268005879470848
95352,50.0,1,3.0,23938.5088723769,2.0,139.0,1817.0,64.00000000000001,3579.0,2026.0,1046.0,180.0,210.0,570.0,120.0,0.72,101.79750402635226,3.6,4.1,4.2,12.0,109.0,False,1.7665350444225074
95353,39.0,1,1.0,28570.607461953736,2.0,137.0,2212.0,70.8,4381.0,1592.0,1246.0,0.0,90.0,90.0,240.0,0.63,115.65305682254028,4.1,4.2,3.7,14.0,122.0,False,2.7518844221105527
95356,61.0,0,6.0,11260.357872375822,2.0,138.0,3390.0,76.48000000000003,3481.0,4442.0,1469.0,0.0,0.0,0.0,360.0,1.04,81.69169092087093,3.8,3.4,3.9,22.0,86.0,False,0.7836560108059433
95357,56.0,1,4.0,41356.02727738206,2.0,146.0,818.0,43.83,1455.0,1137.0,735.0,0.0,300.0,300.0,240.0,1.37,45.317443217105456,4.2,3.5,4.4,17.0,77.0,True,1.279683377308707
95358,70.0,1,6.0,15017.153294908434,1.0,136.0,1176.0,59.77000000000001,1690.0,1445.0,878.0,0.0,240.0,240.0,240.0,1.08,55.2595656529818,4.4,3.9,3.8,31.0,353.0,True,1.1695501730103806
95360,69.0,0,3.0,265875.4336674994,1.0,135.0,2501.0,106.04,3820.0,2601.0,1473.0,0.0,180.0,180.0,360.0,1.1,72.66723069047742,4.4,3.6,3.9,20.0,85.0,False,1.4686658977316416
95362,42.0,1,1.0,27806.42408809305,2.0,141.0,1527.0,68.11999999999998,2010.0,1364.0,742.0,0.0,1680.0,1680.0,120.0,0.65,112.66345016444254,3.5,3.4,4.3,14.0,86.0,False,1.4736070381231672
95366,44.0,1,1.0,8715.790653814121,2.0,136.0,1916.0,51.96000000000001,1933.0,2217.0,1182.0,480.0,720.0,1680.0,360.0,0.55,115.84191875601756,4.1,3.0,3.6,7.0,97.0,False,0.8718989625620207
95367,55.0,1,1.0,42065.95707259848,1.0,135.0,1685.0,77.95000000000002,3431.0,2188.0,1105.0,600.0,460.0,1660.0,120.0,0.74,95.48892931036208,4.0,3.7,4.0,13.0,84.0,False,1.5680987202925045
95372,80.0,0,3.0,21646.96493939944,2.0,141.0,1512.0,57.38,4677.0,2352.0,958.0,840.0,1140.0,2820.0,360.0,1.07,70.15170248970922,5.2,3.4,4.2,30.0,128.0,False,1.9885204081632653
95374,27.0,0,1.0,33867.63036212483,2.0,142.0,1141.0,32.01,1579.0,734.0,571.0,0.0,0.0,0.0,120.0,0.74,127.36039517596112,3.9,4.2,4.2,11.0,83.0,False,2.1512261580381473
95375,56.0,0,7.0,19822.959867443435,2.0,144.0,4108.0,193.48999999999995,8653.0,7105.0,3078.0,1020.0,300.0,2340.0,60.0,1.02,86.25866343385943,4.1,3.4,4.3,21.0,109.0,False,1.2178747361013371
95377,63.0,0,3.0,36499.192737426645,2.0,141.0,3583.0,137.82,4871.0,4261.0,2759.0,1680.0,1260.0,4620.0,360.0,1.01,83.56611822170068,5.3,2.5,3.4,12.0,98.0,False,1.1431588828913402
95380,62.0,0,3.0,16970.815822591434,1.0,146.0,3376.0,167.13,5141.0,6201.0,2322.0,600.0,280.0,1480.0,180.0,1.59,48.77983600594895,4.3,3.5,3.8,32.0,90.0,True,0.8290598290598291
95382,60.0,0,4.0,15334.667452372769,1.0,136.0,3679.0,91.93,3985.0,3237.0,2112.0,1800.0,1890.0,5490.0,240.0,1.53,51.72365226371903,3.4,2.4,3.6,19.0,95.0,True,1.231078158789002
95385,28.0,1,6.0,33140.03385962184,1.0,137.0,1299.0,25.75,1750.0,1472.0,581.0,240.0,50.0,530.0,540.0,0.75,111.14368102228602,3.9,2.8,4.0,12.0,90.0,False,1.1888586956521738
95389,20.0,0,3.0,51743.92472339771,1.0,142.0,2065.0,104.38,6664.0,2193.0,1708.0,1230.0,1480.0,3940.0,20.0,0.99,111.83995158136916,4.0,3.3,4.5,15.0,91.0,False,3.0387596899224807
95391,44.0,1,1.0,13626.209945852348,2.0,136.0,1901.0,78.24999999999999,2251.0,4492.0,1803.0,30.0,40.0,100.0,30.0,0.61,112.98704755351142,3.7,3.0,3.9,13.0,106.0,False,0.501113089937667
95392,21.0,0,3.0,70245.50052937641,2.0,146.0,1672.0,43.72,2429.0,1569.0,822.0,1050.0,720.0,2820.0,240.0,0.89,125.03530010686949,3.7,3.3,4.4,8.0,86.0,False,1.5481198215423837
95393,28.0,1,6.0,25437.66362205054,2.0,134.0,2328.0,146.44,4583.0,4291.0,2257.0,20.0,40.0,80.0,720.0,0.67,122.01837714647948,4.3,3.3,3.8,11.0,91.0,False,1.0680494057329293
95394,47.0,0,1.0,42100.74269794284,1.0,137.0,3479.0,128.48,6872.0,4164.0,2585.0,0.0,0.0,0.0,360.0,0.93,101.91836798194,4.1,3.4,4.1,13.0,97.0,False,1.6503362151777137
95397,68.0,0,3.0,27776.073994517283,1.0,146.0,386.0,24.13,1034.0,477.0,322.0,0.0,0.0,0.0,300.0,2.24,31.146784463999477,4.1,3.8,4.3,27.0,98.0,True,2.1677148846960166
95401,80.0,1,3.0,25310.419638141568,1.0,140.0,936.0,33.160000000000004,2462.0,724.0,702.0,0.0,0.0,0.0,480.0,0.87,67.31049657491492,3.9,3.4,3.5,22.0,106.0,False,3.4005524861878453
95402,28.0,0,4.0,41520.10458620278,2.0,146.0,2861.0,102.91,2596.0,3033.0,1752.0,1440.0,1280.0,4160.0,300.0,1.08,95.8611504157996,3.7,3.3,4.4,12.0,81.0,False,0.8559182327728322
95405,53.0,0,6.0,14703.210725071844,2.0,145.0,1727.0,36.61,2051.0,2832.0,740.0,0.0,80.0,80.0,240.0,1.16,75.3141131242185,4.7,3.8,4.5,16.0,90.0,False,0.724223163841808
95406,80.0,0,3.0,34730.59204275586,1.0,144.0,2156.0,124.92000000000002,4307.0,3828.0,1701.0,0.0,45.0,45.0,360.0,0.79,89.8060496862363,4.4,4.1,4.3,12.0,100.0,False,1.1251306165099269
95410,76.0,0,4.0,9841.094537490932,1.0,138.0,2087.0,76.06,3744.0,1767.0,699.0,0.0,0.0,0.0,360.0,1.03,75.28320661892981,4.0,3.0,3.9,16.0,108.0,False,2.1188455008488964
95411,71.0,0,4.0,11968.579672726464,2.0,138.0,1721.0,102.87,2455.0,2177.0,1108.0,0.0,0.0,0.0,780.0,2.5,26.79660696652065,5.6,3.7,3.3,79.0,147.0,True,1.127698667891594
95412,60.0,0,4.0,11548.258906951263,1.0,134.0,2418.0,73.46,4212.0,2430.0,1001.0,0.0,0.0,0.0,360.0,0.94,92.80373941852558,4.0,3.1,3.8,12.0,101.0,False,1.7333333333333334
95413,51.0,1,3.0,30497.283077756518,2.0,139.0,2405.0,94.32,3490.0,2569.0,1367.0,0.0,2200.0,2200.0,300.0,0.42,118.35402128465704,3.6,3.5,4.2,17.0,101.0,False,1.3585052549630205
95414,27.0,0,1.0,18318.616410487248,2.0,136.0,6069.0,174.27000000000004,10371.0,6075.0,3678.0,2160.0,2160.0,6480.0,180.0,1.05,99.77574790602591,3.9,3.5,4.7,11.0,93.0,False,1.7071604938271605
95415,36.0,1,3.0,271806.5667266507,2.0,137.0,1511.0,49.15,1856.0,2518.0,936.0,300.0,60.0,660.0,660.0,0.74,107.46626816116635,4.1,4.2,4.6,17.0,87.0,False,0.7370929308975377
95416,36.0,1,6.0,20562.141099343684,1.0,148.0,1960.0,118.26,3990.0,2891.0,1182.0,190.0,30.0,410.0,240.0,0.73,109.23524812415802,4.0,3.2,4.0,13.0,78.0,False,1.3801452784503632
95417,63.0,0,1.0,14932.750754646995,2.0,135.0,1808.0,55.330000000000005,4401.0,1623.0,1288.0,0.0,0.0,0.0,180.0,0.74,101.81180210359712,4.6,2.9,4.2,13.0,149.0,False,2.711645101663586
95418,59.0,0,4.0,38960.83097757653,2.0,142.0,2704.0,77.49000000000001,4017.0,2072.0,1234.0,0.0,0.0,0.0,240.0,1.43,56.4438544011447,4.4,2.9,3.6,22.0,90.0,True,1.9387065637065637
95419,68.0,0,6.0,11855.67286860757,1.0,138.0,1503.0,55.16,3179.0,2513.0,1124.0,0.0,0.0,0.0,240.0,0.79,96.76486265159532,3.9,2.9,4.2,15.0,94.0,False,1.2650218861918026
95420,18.0,1,1.0,13314.025491366328,2.0,141.0,2977.0,129.98,4010.0,2891.0,1583.0,0.0,840.0,840.0,720.0,0.68,129.38522933303804,4.0,4.1,4.0,12.0,87.0,False,1.3870632998962298
95421,78.0,0,3.0,14747.986843933286,1.0,134.0,2488.0,106.92,8004.0,3548.0,1685.0,2100.0,0.0,4200.0,420.0,0.92,85.14425912036191,4.1,2.5,3.8,12.0,94.0,False,2.2559188275084554
95422,39.0,1,3.0,113649.28671129246,1.0,141.0,2136.0,105.81,3476.0,3506.0,1316.0,0.0,120.0,120.0,360.0,0.73,107.21604348404416,4.0,4.2,3.8,13.0,91.0,False,0.9914432401597262
95423,33.0,1,6.0,11579.983425442815,1.0,137.0,865.0,28.620000000000005,1260.0,2047.0,577.0,0.0,1200.0,1200.0,300.0,0.63,120.05027566075354,4.5,3.5,4.0,11.0,92.0,False,0.6155349291646312
95424,40.0,0,3.0,373049.1014399557,2.0,147.0,2600.0,188.96,4723.0,2821.0,3079.0,240.0,120.0,600.0,780.0,1.2,78.40099182476698,4.3,3.7,4.3,16.0,87.0,False,1.674228996809642
95425,22.0,0,1.0,15717.713418069729,1.0,144.0,3579.0,89.06,4443.0,2287.0,1682.0,120.0,120.0,360.0,360.0,1.11,96.28743422001548,3.9,4.4,4.7,14.0,88.0,False,1.9427197201574116
95427,62.0,0,4.0,8328.953949461555,2.0,145.0,2299.0,130.76,3672.0,4173.0,1824.0,0.0,0.0,0.0,60.0,1.86,40.41116325853843,4.7,2.5,4.0,22.0,81.0,True,0.879942487419123
95431,66.0,1,3.0,32304.869767537133,2.0,143.0,2619.0,47.85,1850.0,2403.0,951.0,840.0,420.0,2100.0,480.0,1.15,52.53909594747756,5.6,3.9,3.3,35.0,269.0,True,0.7698709945900957
95434,78.0,1,2.0,27937.17528014867,1.0,140.0,1025.0,32.35,1524.0,2271.0,596.0,0.0,0.0,0.0,660.0,1.25,44.11800821633197,4.0,3.5,4.5,36.0,84.0,True,0.6710700132100397
95436,43.0,1,1.0,19837.27328917808,1.0,137.0,2594.0,155.44,5741.0,3959.0,1967.0,600.0,150.0,1350.0,60.0,0.82,90.9633729291884,4.3,3.4,3.7,16.0,83.0,False,1.4501136650669362
95442,33.0,1,3.0,68219.20883088326,1.0,146.0,2722.0,91.46,4774.0,2044.0,1699.0,0.0,0.0,0.0,240.0,0.73,111.29248053741262,3.5,3.4,4.4,13.0,85.0,False,2.335616438356164
95444,37.0,1,3.0,40615.686155185846,2.0,139.0,1189.0,15.850000000000003,875.0,906.0,223.0,420.0,560.0,1400.0,180.0,0.74,106.79997729856711,3.9,2.8,4.2,6.0,95.0,False,0.9657836644591612
95445,24.0,1,2.0,31059.56251997747,2.0,143.0,2558.0,113.93,4309.0,3121.0,1416.0,720.0,1500.0,2940.0,180.0,0.66,125.54609643930227,4.2,3.6,3.9,13.0,94.0,False,1.3806472284524192
95446,42.0,0,1.0,42497.49216488327,1.0,144.0,3157.0,87.55000000000001,6003.0,3092.0,1751.0,0.0,120.0,120.0,600.0,0.95,102.48698346124004,3.9,3.8,4.7,14.0,101.0,False,1.9414618369987064
95447,70.0,1,1.0,14108.308115811124,2.0,142.0,1338.0,55.330000000000005,2565.0,1972.0,1166.0,0.0,0.0,0.0,120.0,0.51,100.3558146579234,4.1,2.3,3.8,9.0,117.0,False,1.300709939148073
95448,80.0,0,3.0,54197.2644935803,1.0,140.0,1810.0,82.07,4538.0,2236.0,1480.0,0.0,480.0,480.0,360.0,1.56,44.62202040277025,4.6,4.2,4.1,27.0,104.0,True,2.0295169946332736
95449,55.0,0,2.0,33447.76811106086,1.0,136.0,1872.0,79.58000000000001,2816.0,2816.0,1316.0,0.0,120.0,120.0,300.0,0.89,101.20416423930008,4.3,3.7,3.9,14.0,92.0,False,1.0
95450,38.0,0,4.0,33006.733372200724,2.0,144.0,2081.0,99.76999999999998,3161.0,2319.0,1509.0,0.0,2400.0,2400.0,780.0,0.99,99.99512641067724,4.1,3.8,4.3,10.0,91.0,False,1.363087537731781
95452,38.0,0,3.0,16474.493244853424,2.0,139.0,6492.0,147.35,5551.0,6713.0,3143.0,1200.0,600.0,3000.0,240.0,1.75,50.47721772647667,3.6,3.8,4.3,25.0,97.0,True,0.8269030239833159
95453,39.0,0,1.0,11352.4567809409,2.0,136.0,1920.0,102.8,1866.0,2171.0,1802.0,210.0,0.0,420.0,240.0,0.85,113.35632838072446,3.7,3.8,5.0,15.0,102.0,False,0.8595117457392907
95454,60.0,0,1.0,16434.459767432225,1.0,148.0,3030.0,90.49,4035.0,3211.0,1758.0,240.0,120.0,600.0,240.0,0.92,95.2299392906816,4.0,4.1,4.6,9.0,91.0,False,1.2566178760510744
95455,47.0,0,2.0,27419.046709021597,2.0,141.0,3615.0,156.2,4123.0,3542.0,2447.0,0.0,0.0,0.0,240.0,0.93,101.91836798194,4.2,2.7,3.6,19.0,103.0,False,1.1640316205533596
95459,63.0,0,1.0,13627.950222766642,2.0,140.0,2110.0,113.41,3631.0,3356.0,1955.0,0.0,3400.0,3400.0,120.0,0.94,91.08826987484112,5.2,2.8,4.2,18.0,95.0,False,1.081942789034565
95463,19.0,0,1.0,20947.393643525284,2.0,141.0,1571.0,29.03,1151.0,1418.0,763.0,0.0,60.0,60.0,240.0,0.61,141.89948780297604,4.0,3.4,4.5,10.0,99.0,False,0.811706629055007
95465,56.0,1,1.0,21495.362862208,1.0,137.0,960.0,36.45000000000001,1942.0,687.0,521.0,0.0,0.0,0.0,360.0,0.65,103.26875482875136,3.9,3.0,4.2,12.0,95.0,False,2.826783114992722
95466,52.0,0,3.0,38663.98536713161,2.0,139.0,1841.0,66.96,2148.0,1949.0,1064.0,450.0,300.0,1200.0,480.0,1.0,90.55802889550912,4.2,4.1,4.3,11.0,78.0,False,1.1021036428937916
95467,80.0,1,3.0,15043.683512114314,2.0,143.0,1632.0,52.0,3318.0,1281.0,935.0,0.0,0.0,0.0,300.0,0.77,77.93221633987184,4.4,3.2,3.7,12.0,81.0,False,2.5901639344262297
95468,63.0,0,3.0,76660.2102879816,1.0,142.0,1956.0,63.13,3388.0,1758.0,1083.0,0.0,0.0,0.0,300.0,1.5,51.98838981195481,4.1,3.5,3.7,20.0,62.0,True,1.9271899886234358
95469,28.0,0,3.0,419762.836487576,2.0,147.0,1818.0,48.49999999999999,2867.0,3046.0,1260.0,30.0,720.0,780.0,540.0,0.88,120.1178645452954,3.8,3.4,4.8,9.0,93.0,False,0.9412344057780696
95471,80.0,0,3.0,96300.88509613687,1.0,136.0,2417.0,71.54,2665.0,2735.0,1465.0,0.0,960.0,960.0,480.0,1.16,63.67209818567728,4.6,4.0,4.0,21.0,111.0,False,0.9744058500914077
95472,34.0,0,3.0,192201.585066586,1.0,144.0,3137.0,136.45,5187.0,3419.0,2309.0,360.0,180.0,900.0,720.0,1.03,97.75532591536044,4.2,3.7,4.8,27.0,88.0,False,1.5171102661596958
95473,36.0,0,3.0,121002.21868963106,2.0,141.0,4439.0,76.84,4080.0,2768.0,1765.0,2400.0,0.0,4800.0,360.0,1.02,97.68387435408252,4.4,3.7,4.1,13.0,76.0,False,1.4739884393063585
95474,34.0,1,4.0,13334.36689511311,1.0,147.0,2623.0,84.43,3872.0,2135.0,1689.0,0.0,0.0,0.0,300.0,0.69,116.7187413338814,3.5,4.4,4.0,8.0,98.0,False,1.813583138173302
95479,57.0,1,3.0,110610.03149050704,1.0,140.0,1916.0,58.01000000000001,3253.0,3137.0,1382.0,0.0,2860.0,2860.0,180.0,0.7,100.8118127824672,4.5,3.9,3.8,20.0,85.0,False,1.0369780044628627
95480,71.0,0,3.0,128366.14412592843,1.0,148.0,4125.0,220.05,4195.0,8082.0,4384.0,840.0,840.0,2520.0,300.0,0.9,91.30967678005683,4.9,3.8,4.2,23.0,100.0,False,0.5190546894333086
95484,80.0,0,4.0,13064.30458034532,2.0,137.0,1877.0,38.13,2008.0,2800.0,953.0,0.0,90.0,90.0,300.0,1.46,48.31425882377261,4.8,3.0,4.2,17.0,95.0,True,0.7171428571428572
95485,18.0,0,3.0,74791.15034037232,2.0,146.0,2131.0,58.7,3703.0,1286.0,1305.0,360.0,600.0,1320.0,300.0,1.01,110.5542825505086,4.6,3.7,4.1,15.0,85.0,False,2.8794712286158632
95486,36.0,1,4.0,52626.09179226726,2.0,145.0,2754.0,70.74000000000001,3536.0,1314.0,1289.0,0.0,5460.0,5460.0,120.0,0.88,87.29131280814585,3.5,3.2,4.1,15.0,102.0,False,2.6910197869101977
95488,21.0,1,3.0,93137.87592147235,1.0,146.0,1211.0,62.48,2150.0,2130.0,934.0,0.0,330.0,330.0,360.0,0.41,143.46151594038255,4.0,4.1,3.3,7.0,82.0,False,1.0093896713615023
95492,80.0,1,3.0,99298.3835163364,2.0,145.0,1478.0,38.82,1429.0,1982.0,786.0,0.0,0.0,0.0,360.0,0.74,81.73872027478696,4.8,3.4,3.8,13.0,120.0,False,0.7209889001009082
95493,25.0,0,3.0,116802.70835233714,2.0,147.0,3556.0,177.30999999999997,4723.0,4443.0,2531.0,0.0,90.0,90.0,240.0,0.89,121.96314379294012,4.3,4.0,4.2,14.0,84.0,False,1.0630204816565383
95495,75.0,0,3.0,8342.517820495154,1.0,146.0,1978.0,59.44,2485.0,1227.0,952.0,0.0,0.0,0.0,420.0,1.18,64.34952976749612,3.8,3.6,4.1,12.0,87.0,False,2.025264873675632
95501,25.0,1,3.0,78101.4844425178,1.0,146.0,3648.0,99.15,4102.0,3548.0,2455.0,0.0,2400.0,2400.0,240.0,0.8,104.7980811381864,4.1,3.7,3.9,16.0,100.0,False,1.1561443066516348
95503,52.0,0,1.0,35564.77971105394,2.0,135.0,2446.0,138.37000000000003,5923.0,3340.0,1863.0,210.0,405.0,825.0,540.0,1.01,89.48316002790122,4.2,3.7,4.1,17.0,94.0,False,1.7733532934131737
95504,61.0,1,3.0,68318.59948740952,2.0,142.0,736.0,21.06000000000001,1033.0,1479.0,565.0,150.0,150.0,450.0,360.0,0.68,99.02420707990402,3.8,3.3,3.8,6.0,119.0,False,0.6984448951994591
95505,29.0,0,3.0,192081.54725124943,1.0,143.0,2088.0,52.66,1809.0,1716.0,896.0,480.0,720.0,1680.0,120.0,1.05,98.54236401174072,3.7,3.3,4.8,11.0,97.0,False,1.0541958041958042
95506,48.0,0,6.0,11857.662837076448,1.0,141.0,3111.0,122.25,4381.0,2150.0,1732.0,0.0,600.0,600.0,420.0,0.83,107.95919411060768,3.8,4.0,3.9,12.0,122.0,False,2.0376744186046514
95508,63.0,0,4.0,6854.802383229946,1.0,147.0,3172.0,173.64,6818.0,3332.0,3734.0,120.0,0.0,240.0,180.0,1.25,64.70291722385738,4.4,4.0,4.4,13.0,89.0,False,2.046218487394958
95509,51.0,1,3.0,77738.73935251741,2.0,135.0,1432.0,63.99,2434.0,2193.0,951.0,0.0,600.0,600.0,300.0,0.73,99.50563731959164,4.6,3.5,4.4,11.0,96.0,False,1.1098951208390333
95510,51.0,1,6.0,12748.954658108169,2.0,147.0,1418.0,51.51,2988.0,1602.0,827.0,0.0,0.0,0.0,120.0,0.73,99.50563731959164,4.5,3.0,4.2,13.0,82.0,False,1.8651685393258426
95514,35.0,0,1.0,66932.82545959155,2.0,143.0,2790.0,112.11,3691.0,3840.0,1904.0,480.0,1680.0,2640.0,240.0,0.86,115.80192645862395,4.1,3.7,4.1,13.0,101.0,False,0.9611979166666667
95519,53.0,1,3.0,50454.830885006304,2.0,145.0,1118.0,27.81,2066.0,1765.0,443.0,0.0,0.0,0.0,360.0,1.24,52.0387768879574,3.5,4.6,3.7,16.0,101.0,True,1.1705382436260623
95522,22.0,1,3.0,145674.53828034006,1.0,135.0,1848.0,62.65,3525.0,1959.0,1119.0,210.0,380.0,800.0,360.0,0.64,128.06367008749467,3.9,3.4,4.7,11.0,85.0,False,1.7993874425727412
95525,51.0,1,4.0,41195.17133963818,1.0,136.0,1980.0,53.120000000000005,1061.0,3369.0,747.0,0.0,600.0,600.0,300.0,0.7,104.64475602201932,3.8,3.2,4.0,12.0,94.0,False,0.3149302463639062
95528,75.0,1,3.0,75823.29532750865,2.0,148.0,3475.0,99.40000000000002,6969.0,2248.0,1620.0,0.0,0.0,0.0,480.0,0.67,91.09150716271604,4.3,4.5,3.9,17.0,95.0,False,3.1000889679715304
95531,58.0,0,3.0,266075.6725273547,1.0,134.0,2068.0,98.22999999999998,4466.0,2668.0,1482.0,180.0,330.0,690.0,480.0,0.92,96.42186394717646,3.8,3.3,4.0,19.0,96.0,False,1.673913043478261
95533,68.0,0,3.0,30983.03050683859,1.0,140.0,1546.0,54.13,1444.0,2818.0,1082.0,0.0,250.0,250.0,600.0,1.5,50.39661054556094,4.1,3.8,4.4,28.0,82.0,True,0.5124201561391057
95534,67.0,1,2.0,9262.114604022552,2.0,141.0,1235.0,46.03,2843.0,951.0,717.0,0.0,0.0,0.0,180.0,1.0,61.7474456220309,4.4,2.7,3.9,25.0,117.0,False,2.989484752891693
95535,46.0,0,7.0,13778.41418607196,2.0,141.0,3355.0,134.93,6487.0,4048.0,2032.0,0.0,720.0,720.0,240.0,0.86,108.144565678332,4.3,2.4,4.0,18.0,88.0,False,1.6025197628458498
95537,48.0,0,6.0,12421.709597794888,1.0,136.0,2120.0,104.88,4016.0,2530.0,1136.0,0.0,0.0,0.0,600.0,0.81,108.75738136236926,4.0,3.7,4.3,13.0,91.0,False,1.5873517786561264
95539,69.0,0,4.0,10429.577259506184,1.0,136.0,622.0,51.18,2093.0,1470.0,551.0,180.0,540.0,900.0,180.0,1.58,47.05668482945926,3.3,3.3,3.7,18.0,88.0,True,1.4238095238095239
95540,68.0,0,1.0,6404.965553592774,2.0,136.0,1286.0,68.92000000000002,1534.0,1837.0,1175.0,0.0,30.0,30.0,180.0,0.81,96.03700116233598,4.0,3.2,4.3,14.0,98.0,False,0.8350571584104518
95541,65.0,1,1.0,8183.077114963996,2.0,148.0,1999.0,64.58,3012.0,2190.0,1204.0,360.0,840.0,1560.0,240.0,0.83,78.18569494027969,4.6,4.0,4.1,11.0,85.0,False,1.3753424657534246
95542,56.0,1,4.0,15912.516816806992,1.0,144.0,2040.0,50.03,2548.0,4617.0,963.0,1380.0,1380.0,4140.0,300.0,0.86,79.23771411839174,3.9,3.1,4.1,6.0,80.0,False,0.5518735109378384
95543,28.0,1,6.0,30303.45706495714,1.0,148.0,2226.0,72.11000000000001,3990.0,2222.0,1138.0,0.0,120.0,120.0,480.0,0.53,129.10967485728284,4.1,3.7,4.2,11.0,88.0,False,1.7956795679567956
95544,29.0,0,3.0,183981.3769121428,1.0,139.0,1312.0,87.64999999999999,3212.0,1481.0,1090.0,780.0,480.0,2040.0,240.0,1.05,98.54236401174072,3.6,4.2,4.8,19.0,75.0,False,2.1688048615800133
95547,57.0,0,7.0,16456.34879760823,1.0,137.0,2354.0,146.22,4481.0,2927.0,1574.0,60.0,270.0,390.0,180.0,0.9,99.61641579295176,4.1,3.1,3.5,18.0,90.0,False,1.5309190297232662
95548,28.0,0,3.0,168445.70869441202,2.0,142.0,3812.0,177.35000000000002,7693.0,3469.0,2594.0,135.0,50.0,320.0,360.0,1.14,89.83908531705292,4.0,4.9,4.4,17.0,80.0,False,2.2176419717497837
95549,53.0,1,1.0,21531.655438896996,2.0,148.0,1492.0,68.29,2695.0,1926.0,1165.0,240.0,0.0,480.0,240.0,0.57,108.5971035262022,3.8,2.8,4.4,9.0,85.0,False,1.3992731048805815
95550,62.0,0,3.0,57787.53616047033,2.0,143.0,2289.0,153.67000000000002,4179.0,2687.0,2084.0,0.0,0.0,0.0,840.0,0.95,90.49999573819272,4.5,3.6,4.0,19.0,276.0,False,1.5552660960178637
95553,79.0,0,4.0,12504.942837094211,2.0,138.0,3373.0,119.82000000000002,4620.0,6550.0,2775.0,900.0,360.0,2160.0,120.0,0.93,83.52571804006685,4.6,3.1,4.5,19.0,107.0,False,0.7053435114503817
95555,18.0,0,1.0,39274.32172432372,1.0,137.0,4188.0,130.81,6156.0,4427.0,2189.0,1080.0,660.0,2820.0,360.0,0.71,136.3865124957191,3.9,4.3,4.2,15.0,92.0,False,1.390557939914163
95556,41.0,0,2.0,60911.383231172,2.0,138.0,2388.0,78.36999999999999,3031.0,4576.0,1582.0,240.0,1290.0,1770.0,600.0,1.14,82.86139163745966,4.4,4.0,4.2,9.0,109.0,False,0.6623688811188811
95557,79.0,1,4.0,34916.844039495496,1.0,141.0,1733.0,73.74,3968.0,3646.0,1301.0,0.0,0.0,0.0,180.0,0.86,68.6765964472742,3.9,2.7,3.8,24.0,87.0,False,1.0883159626988481
95559,42.0,1,3.0,43683.896006021685,1.0,140.0,2095.0,59.57,3274.0,2427.0,936.0,0.0,360.0,360.0,180.0,0.7,110.66914076204584,4.0,3.0,3.6,13.0,101.0,False,1.3489905232797692
95561,63.0,0,4.0,10934.91045239265,1.0,144.0,1197.0,34.68000000000001,1599.0,1097.0,658.0,360.0,0.0,720.0,420.0,1.04,80.68185418205113,4.2,3.4,4.0,16.0,89.0,False,1.4576116681859617
95563,46.0,1,3.0,88092.722321012,1.0,144.0,1185.0,82.03,2359.0,1488.0,847.0,90.0,120.0,300.0,600.0,1.18,57.687503799513614,3.7,3.7,4.2,23.0,97.0,True,1.5853494623655915
95565,29.0,0,6.0,63053.83588712999,1.0,137.0,2920.0,122.58,4437.0,3281.0,1916.0,60.0,240.0,360.0,180.0,1.11,92.18548842478768,3.5,3.2,4.0,17.0,64.0,False,1.3523316062176165
95566,78.0,1,3.0,31072.007974546403,1.0,139.0,1543.0,67.99999999999999,1946.0,1885.0,1065.0,0.0,360.0,360.0,360.0,0.86,69.10504774328257,4.1,3.2,3.4,13.0,114.0,False,1.0323607427055703
95568,34.0,1,6.0,19305.10948728351,2.0,142.0,2780.0,122.88,4625.0,4612.0,2257.0,0.0,120.0,120.0,360.0,0.65,118.41074334947264,3.7,3.9,4.6,14.0,84.0,False,1.0028187337380745
95569,23.0,1,4.0,23502.91296532664,1.0,147.0,498.0,25.55,1234.0,660.0,354.0,960.0,0.0,1920.0,240.0,0.78,109.38299412810798,4.2,4.4,4.4,13.0,89.0,False,1.8696969696969696
95571,54.0,1,3.0,65525.80342833827,1.0,142.0,1100.0,32.8,1459.0,2308.0,600.0,0.0,1260.0,1260.0,300.0,0.57,107.92380148433976,3.6,4.1,3.4,7.0,100.0,False,0.6321490467937608
95572,75.0,0,3.0,44391.27305537013,1.0,142.0,3172.0,116.76000000000002,6070.0,3997.0,2022.0,0.0,1800.0,1800.0,180.0,0.87,89.9827369408367,4.2,3.9,4.1,15.0,111.0,False,1.518638979234426
95573,23.0,0,3.0,115955.17526177457,2.0,139.0,1881.0,94.04,2752.0,3183.0,1136.0,1260.0,2520.0,5040.0,120.0,0.85,125.21659563299708,4.1,4.6,4.3,15.0,93.0,False,0.8645931511153
95574,36.0,1,3.0,74480.8150764318,1.0,143.0,1625.0,98.04,6937.0,3353.0,1540.0,630.0,360.0,1620.0,480.0,0.77,102.46165380886283,3.6,3.0,4.3,11.0,95.0,False,2.068893528183716
95575,64.0,0,4.0,16873.402708062527,2.0,144.0,4645.0,164.49999999999997,7305.0,3952.0,2112.0,0.0,0.0,0.0,480.0,1.53,50.45278599838712,4.8,2.9,3.5,16.0,98.0,True,1.8484311740890689
95576,73.0,1,3.0,60065.88486300882,1.0,142.0,1676.0,58.13000000000001,2009.0,2950.0,796.0,0.0,0.0,0.0,480.0,0.85,72.29532924962936,4.5,4.1,3.8,17.0,102.0,False,0.6810169491525424
95577,63.0,1,3.0,70721.94834996805,2.0,146.0,922.0,33.61,1652.0,1029.0,707.0,0.0,0.0,0.0,360.0,0.73,92.3497224540992,4.0,4.3,3.9,14.0,95.0,False,1.6054421768707483
95578,62.0,1,6.0,6861.163860142071,1.0,135.0,1651.0,62.21999999999999,3506.0,2237.0,801.0,0.0,240.0,240.0,720.0,0.79,84.52234248352268,3.7,3.2,4.5,18.0,95.0,False,1.5672776039338399
95579,54.0,0,4.0,25924.8018150434,1.0,148.0,1130.0,33.35,960.0,1283.0,630.0,0.0,0.0,0.0,720.0,0.75,107.23749752307567,4.2,3.1,4.3,10.0,86.0,False,0.7482462977396727
95581,44.0,1,6.0,11833.57897082315,1.0,138.0,727.0,16.45,1534.0,1264.0,312.0,0.0,0.0,0.0,360.0,0.62,112.54514197858056,3.5,4.4,4.3,12.0,102.0,False,1.2136075949367089
95583,69.0,1,1.0,20798.292451212987,1.0,135.0,1647.0,33.97,2735.0,2023.0,745.0,0.0,0.0,0.0,120.0,0.85,74.1163921159566,3.8,3.6,3.9,10.0,104.0,False,1.3519525457241721
95585,19.0,0,1.0,23556.905958994328,2.0,136.0,829.0,104.47,1675.0,1811.0,922.0,60.0,135.0,255.0,60.0,0.77,132.2605240059332,4.4,3.2,4.8,19.0,91.0,False,0.924903368304804
95586,26.0,1,4.0,15415.679849949673,1.0,147.0,2011.0,65.6,3734.0,1658.0,1112.0,90.0,275.0,455.0,480.0,0.65,124.45122282434636,4.0,4.0,4.1,10.0,86.0,False,2.2521109770808203
95587,29.0,1,3.0,50295.76137920601,1.0,140.0,3529.0,123.62,5232.0,2788.0,2051.0,0.0,135.0,135.0,780.0,0.84,96.41001301862032,4.2,4.5,3.8,9.0,107.0,False,1.8766140602582497
95588,72.0,0,4.0,10908.258719512229,1.0,145.0,3389.0,58.540000000000006,5009.0,3873.0,1074.0,0.0,0.0,0.0,60.0,0.96,83.98105566698926,4.6,3.4,3.8,13.0,83.0,False,1.2933126775109733
95590,61.0,0,2.0,28055.756595207306,1.0,134.0,3195.0,117.53,5187.0,2926.0,1555.0,720.0,720.0,2160.0,120.0,1.0,85.62841253083518,3.5,3.0,4.4,12.0,102.0,False,1.7727272727272727
95591,36.0,1,6.0,17696.450422521946,2.0,140.0,1735.0,73.49000000000001,3300.0,1930.0,987.0,360.0,360.0,1080.0,120.0,0.61,118.7508483909006,3.8,3.3,3.7,11.0,90.0,False,1.7098445595854923
95593,70.0,0,3.0,75961.96967904376,1.0,137.0,4180.0,118.94,5274.0,5179.0,2301.0,0.0,90.0,90.0,300.0,0.9,91.87932861748524,3.8,3.2,4.3,14.0,99.0,False,1.0183433095192123
95594,50.0,0,6.0,20924.05365315533,2.0,134.0,942.0,35.309999999999995,1584.0,2962.0,677.0,300.0,1260.0,1860.0,300.0,0.88,104.7575748061252,4.7,3.4,3.9,14.0,88.0,False,0.5347738014854828
95595,43.0,1,3.0,35699.13343852814,2.0,139.0,1397.0,43.790000000000006,2502.0,1838.0,932.0,0.0,0.0,0.0,480.0,0.76,99.64760563108644,4.7,4.2,3.8,12.0,93.0,False,1.3612622415669207
95597,71.0,0,3.0,172750.29118516186,2.0,145.0,1847.0,76.25999999999999,4013.0,3286.0,1228.0,600.0,600.0,1800.0,360.0,0.84,93.23214988002417,4.4,3.1,4.5,15.0,88.0,False,1.2212416311625076
95598,22.0,0,2.0,54640.57132622968,2.0,146.0,1681.0,64.45000000000002,2269.0,1749.0,1145.0,120.0,240.0,480.0,60.0,0.84,126.44890441263205,4.2,3.5,4.0,13.0,84.0,False,1.297312750142939
95599,47.0,0,3.0,176836.54407164198,2.0,142.0,1597.0,61.510000000000005,2154.0,1993.0,1039.0,660.0,2010.0,3330.0,120.0,0.99,94.5517922573854,4.5,2.5,4.2,12.0,88.0,False,1.0807827395885599
95600,74.0,0,7.0,8413.046065389033,2.0,137.0,1681.0,72.35000000000001,3237.0,1905.0,781.0,0.0,0.0,0.0,180.0,1.05,74.48651152060778,4.5,3.1,3.5,25.0,100.0,False,1.699212598425197
95601,69.0,0,3.0,40905.80534865206,1.0,145.0,1456.0,100.82,2639.0,2326.0,1212.0,0.0,1600.0,1600.0,120.0,0.86,93.73062786692223,3.8,2.9,4.2,15.0,127.0,False,1.1345657781599312
95602,21.0,0,1.0,43826.99038900061,2.0,136.0,1585.0,40.53,787.0,1453.0,1097.0,1080.0,0.0,2160.0,480.0,0.78,130.11754266580004,4.2,3.3,4.1,15.0,90.0,False,0.5416379903647626
95607,42.0,0,3.0,59211.744706031655,1.0,138.0,2772.0,124.64,2626.0,3536.0,2608.0,2520.0,900.0,5940.0,180.0,0.96,101.20723435823274,4.1,3.8,4.3,18.0,88.0,False,0.7426470588235294
95609,22.0,1,3.0,143802.03814149063,2.0,141.0,2353.0,91.14,3764.0,2200.0,1204.0,20.0,0.0,40.0,540.0,0.76,113.55023233766674,4.2,2.8,4.0,11.0,79.0,False,1.710909090909091
95611,53.0,0,7.0,59997.4180165448,1.0,135.0,1145.0,26.35,1765.0,1022.0,672.0,75.0,1200.0,1350.0,480.0,1.0,89.99656911635697,3.7,3.7,4.6,11.0,85.0,False,1.7270058708414873
95615,78.0,0,4.0,12477.398972403927,2.0,146.0,2082.0,107.43999999999998,1721.0,4104.0,1690.0,240.0,90.0,570.0,120.0,1.45,49.32409902291705,4.6,2.5,3.9,26.0,148.0,True,0.41934697855750486
95621,73.0,0,6.0,10359.045792993733,1.0,138.0,1600.0,68.83000000000001,2911.0,1843.0,1280.0,0.0,210.0,210.0,480.0,0.7,97.29184069934524,3.3,3.4,4.6,11.0,105.0,False,1.5794899620184482
95622,42.0,1,3.0,122298.04609262338,1.0,138.0,200.0,0.87,304.0,415.0,443.0,1440.0,1440.0,4320.0,240.0,0.75,101.8757150566816,3.7,3.4,4.4,6.0,77.0,False,0.7325301204819277
95623,60.0,1,6.0,15023.662836253689,2.0,143.0,1562.0,34.169999999999995,1914.0,1274.0,629.0,0.0,180.0,180.0,240.0,0.77,88.25456511874229,4.3,3.9,4.4,13.0,101.0,False,1.5023547880690737
95625,43.0,0,6.0,11486.257744450088,2.0,148.0,2718.0,101.79,5656.0,4974.0,1689.0,240.0,240.0,720.0,240.0,0.8,112.61418023534856,4.3,3.2,4.5,16.0,99.0,False,1.1371129875351829
95626,76.0,0,1.0,8760.33282669276,2.0,136.0,1189.0,58.81999999999999,1510.0,1036.0,644.0,0.0,0.0,0.0,480.0,4.46,12.9688345083445,4.4,4.4,3.8,49.0,159.0,True,1.4575289575289576
95628,18.0,1,7.0,15289.832058805438,1.0,138.0,1934.0,68.05000000000001,4286.0,2021.0,1356.0,450.0,150.0,1050.0,720.0,0.5,139.33735970476494,3.9,4.1,3.6,7.0,95.0,False,2.120732310737259
95629,80.0,1,3.0,19681.633002489147,1.0,139.0,1492.0,59.24000000000001,2111.0,2282.0,891.0,0.0,0.0,0.0,660.0,0.71,85.90053708048798,4.7,3.8,3.9,20.0,92.0,False,0.925065731814198
95630,80.0,1,4.0,14568.011855875371,2.0,145.0,828.0,15.21,1235.0,734.0,505.0,0.0,0.0,0.0,360.0,1.5,35.0103447077181,4.2,3.7,3.2,27.0,107.0,True,1.6825613079019073
95633,64.0,1,1.0,11302.130962039078,2.0,135.0,2878.0,82.92,5103.0,3420.0,1844.0,0.0,2520.0,2520.0,150.0,0.48,105.70459352635322,4.0,3.4,3.9,14.0,305.0,False,1.4921052631578948
95636,51.0,1,2.0,56210.72628813297,2.0,138.0,733.0,35.52,627.0,1253.0,659.0,0.0,240.0,240.0,60.0,0.8,89.15118770862608,3.8,3.8,4.2,12.0,88.0,False,0.5003990422984836
95637,74.0,0,3.0,67267.62521760925,1.0,145.0,1934.0,64.01,3876.0,2970.0,1367.0,0.0,840.0,840.0,240.0,1.14,67.48682122425716,4.2,3.7,3.9,23.0,161.0,False,1.305050505050505
95639,31.0,0,1.0,37340.87482911224,2.0,135.0,2371.0,120.15,2850.0,3425.0,1507.0,360.0,720.0,1440.0,240.0,0.82,120.43883986996624,3.9,3.6,4.2,14.0,80.0,False,0.8321167883211679
95641,50.0,1,7.0,41319.92203890593,2.0,146.0,1709.0,51.78,5414.0,1507.0,621.0,0.0,0.0,0.0,720.0,1.95,30.79601991077911,5.2,4.1,3.0,44.0,145.0,True,3.5925680159256803
95643,20.0,0,3.0,199593.0696197052,1.0,145.0,2386.0,83.32000000000001,4197.0,2222.0,1534.0,1020.0,3360.0,5400.0,90.0,0.9,125.3915273999994,4.0,3.7,4.5,20.0,85.0,False,1.888838883888389
95644,62.0,1,1.0,10338.607726007333,2.0,148.0,1213.0,46.63,2582.0,1915.0,1151.0,0.0,0.0,0.0,120.0,0.62,100.6256310015295,4.5,3.6,4.0,11.0,107.0,False,1.348302872062663
95645,67.0,1,1.0,13944.02603802216,2.0,136.0,1140.0,41.13999999999999,1510.0,1973.0,925.0,720.0,1800.0,3240.0,60.0,0.63,97.169261836935,3.9,3.3,4.4,15.0,85.0,False,0.7653319817536746
95649,48.0,0,4.0,23013.33201855144,1.0,134.0,439.0,31.04,2157.0,948.0,443.0,0.0,0.0,0.0,660.0,1.21,73.85647007779413,3.9,3.0,4.2,16.0,232.0,False,2.2753164556962027
95651,80.0,0,3.0,39902.997797804346,1.0,148.0,2484.0,90.55,3716.0,3065.0,1726.0,0.0,0.0,0.0,300.0,1.09,68.60992600459812,3.1,3.3,3.9,16.0,130.0,False,1.2123980424143557
95652,44.0,1,1.0,58553.49418283297,1.0,135.0,1240.0,49.86,2336.0,1562.0,751.0,40.0,1215.0,1295.0,240.0,0.63,112.11199431587151,3.6,3.2,4.1,7.0,83.0,False,1.4955185659411012
95654,72.0,0,3.0,58477.13032588189,1.0,145.0,1795.0,36.23,2904.0,2024.0,947.0,480.0,90.0,1050.0,300.0,1.45,51.199439488273406,3.8,3.5,3.6,25.0,108.0,True,1.434782608695652
95655,22.0,0,3.0,125725.30211943056,2.0,135.0,1520.0,72.42999999999999,2452.0,1661.0,977.0,0.0,300.0,300.0,480.0,0.86,125.5535170892811,4.4,3.1,4.5,14.0,94.0,False,1.4762191450933173
95656,78.0,0,7.0,9471.826041117249,2.0,135.0,776.0,50.26999999999999,1733.0,1229.0,775.0,0.0,0.0,0.0,420.0,1.56,45.1805221380106,4.2,3.1,3.5,27.0,284.0,True,1.4100895036615135
95657,31.0,0,3.0,110792.56025481748,1.0,144.0,1572.0,102.82,3655.0,4243.0,1525.0,0.0,1515.0,1515.0,360.0,0.79,121.80215308843886,3.9,3.7,4.7,18.0,91.0,False,0.8614188074475607
95658,29.0,0,3.0,82600.77939101467,2.0,142.0,880.0,11.43,762.0,813.0,215.0,720.0,1500.0,2940.0,240.0,1.15,88.35125586816305,3.5,2.3,3.4,10.0,86.0,False,0.9372693726937269
95662,44.0,1,3.0,180858.24697363345,2.0,145.0,1387.0,66.11999999999999,2687.0,1781.0,979.0,155.0,225.0,535.0,600.0,0.55,115.84191875601756,4.3,3.5,4.3,13.0,81.0,False,1.5087029758562605
95663,43.0,0,1.0,53201.096594946,2.0,141.0,2908.0,77.07,2076.0,2934.0,1201.0,60.0,60.0,180.0,120.0,1.23,74.705038790522,4.4,3.6,4.2,16.0,90.0,False,0.7075664621676891
95664,47.0,0,3.0,30245.051215572337,1.0,140.0,2232.0,69.36,3340.0,3013.0,1425.0,1500.0,900.0,3900.0,180.0,0.96,98.1084736956462,4.4,4.4,4.0,21.0,82.0,False,1.1085297046133422
95665,23.0,0,3.0,103584.8633494798,1.0,146.0,1805.0,70.03,3681.0,2269.0,1171.0,900.0,720.0,2520.0,480.0,0.93,118.32503534383336,4.3,3.7,4.4,11.0,100.0,False,1.622300572939621
95666,33.0,0,3.0,85517.16052632767,2.0,142.0,1402.0,46.45,2651.0,980.0,926.0,0.0,360.0,360.0,120.0,0.8,119.84037399022378,4.2,3.7,4.3,12.0,88.0,False,2.7051020408163264
95668,68.0,1,1.0,21575.32892378058,2.0,137.0,1956.0,56.360000000000014,3150.0,1981.0,1189.0,360.0,450.0,1170.0,60.0,0.57,98.92433242019256,3.9,3.1,3.5,19.0,87.0,False,1.5901060070671378
95669,56.0,1,3.0,125233.37245534576,2.0,140.0,2473.0,90.4,3107.0,2416.0,1537.0,0.0,90.0,90.0,660.0,0.67,102.517269872571,4.0,3.2,4.0,9.0,97.0,False,1.2860099337748345
95671,66.0,1,1.0,18461.88201166713,1.0,136.0,2206.0,64.61,3482.0,1889.0,1019.0,900.0,900.0,2700.0,240.0,0.91,69.57774242051342,3.8,3.7,4.1,22.0,93.0,False,1.8433033350979353
95672,75.0,0,4.0,12842.946508580017,1.0,136.0,1658.0,91.06,2836.0,2864.0,1254.0,0.0,0.0,0.0,240.0,1.17,65.01008776226762,3.8,3.4,4.0,29.0,94.0,False,0.9902234636871509
95673,80.0,0,4.0,6437.0145942386425,1.0,147.0,785.0,33.64,1161.0,1148.0,426.0,240.0,240.0,720.0,180.0,0.98,77.9520350653251,4.3,2.9,3.8,12.0,92.0,False,1.0113240418118468
95674,49.0,0,4.0,28958.128821869785,1.0,141.0,2957.0,90.77,3218.0,5331.0,2288.0,810.0,540.0,2160.0,960.0,1.31,66.72743470512981,3.7,3.4,4.7,14.0,141.0,False,0.603639092102795
95675,66.0,0,2.0,10634.040455716877,2.0,134.0,2038.0,85.80000000000001,2008.0,2351.0,1182.0,0.0,840.0,840.0,120.0,1.45,53.14608185129583,4.3,3.4,3.9,24.0,104.0,True,0.8541046363249681
95676,53.0,0,2.0,35505.3655204779,2.0,141.0,3056.0,101.64,4340.0,4183.0,1709.0,720.0,720.0,2160.0,180.0,0.99,91.088535552537,4.2,3.9,4.2,13.0,84.0,False,1.037532871145111
95678,34.0,0,4.0,51340.136434945394,1.0,141.0,4232.0,102.36,2909.0,3566.0,1861.0,540.0,120.0,1200.0,240.0,1.55,59.86142621721208,3.5,3.1,4.8,16.0,87.0,True,0.8157599551318003
95680,45.0,1,3.0,38232.098796146216,2.0,136.0,2352.0,99.05,3374.0,3267.0,1883.0,0.0,0.0,0.0,120.0,0.73,103.28891875590944,4.2,3.4,3.7,23.0,87.0,False,1.0327517600244873
95681,80.0,1,3.0,56539.61292543864,2.0,142.0,1231.0,57.58,1424.0,2017.0,903.0,0.0,0.0,0.0,780.0,1.02,55.61419964068941,4.4,2.9,3.8,31.0,101.0,True,0.7059990084283589
95684,30.0,0,3.0,226816.64246876023,2.0,144.0,2487.0,116.67,3044.0,2646.0,1762.0,225.0,40.0,490.0,720.0,1.05,97.93140135486792,4.1,2.8,4.8,18.0,83.0,False,1.1504157218442932
95685,30.0,0,3.0,52714.80770317261,1.0,135.0,3690.0,97.04,4937.0,2002.0,1319.0,60.0,600.0,720.0,960.0,0.8,122.09733322291598,4.1,3.6,3.7,18.0,100.0,False,2.466033966033966
95686,18.0,0,3.0,25616.20721544407,1.0,145.0,2205.0,76.89,4362.0,2204.0,1070.0,540.0,240.0,1320.0,300.0,0.98,114.6277923409364,3.7,4.4,5.2,14.0,83.0,False,1.9791288566243195
95687,80.0,0,4.0,7368.483056682557,2.0,145.0,1632.0,54.99,2703.0,2590.0,1065.0,0.0,0.0,0.0,240.0,2.16,30.196335853431044,3.8,3.9,3.3,39.0,56.0,True,1.0436293436293436
95689,60.0,1,4.0,9885.632706191289,1.0,147.0,3682.0,121.21999999999998,3785.0,4150.0,1960.0,600.0,180.0,1380.0,360.0,0.72,95.65926810998974,3.6,3.1,4.2,11.0,99.0,False,0.9120481927710843
95694,50.0,1,6.0,32596.85686696205,1.0,136.0,1634.0,66.2,2612.0,1570.0,1132.0,90.0,0.0,180.0,480.0,0.82,87.08823773497362,4.0,4.1,4.5,16.0,84.0,False,1.6636942675159236
95699,22.0,1,4.0,5144.141750912702,2.0,140.0,1596.0,33.54,3291.0,2088.0,866.0,240.0,240.0,720.0,120.0,0.72,121.16169552990657,4.0,3.6,4.1,8.0,77.0,False,1.5761494252873562
95700,59.0,1,2.0,20894.10508438888,1.0,134.0,832.0,34.71,1125.0,1390.0,580.0,0.0,0.0,0.0,180.0,0.47,109.59795556842964,3.6,4.0,4.4,10.0,118.0,False,0.8093525179856115
95703,24.0,1,4.0,8974.035642719376,1.0,144.0,1006.0,32.59,768.0,2321.0,849.0,1530.0,1530.0,4590.0,120.0,0.69,124.20831536391144,3.4,3.6,4.0,6.0,82.0,False,0.33089185695820766
95708,52.0,0,3.0,29968.23406986746,1.0,134.0,2082.0,119.77,3561.0,2595.0,1482.0,1440.0,1920.0,4800.0,180.0,1.09,81.66108829885046,4.0,3.3,3.8,21.0,87.0,False,1.3722543352601155
95710,61.0,0,6.0,13357.075520108465,2.0,138.0,1640.0,77.61000000000001,2164.0,2158.0,1274.0,0.0,0.0,0.0,180.0,0.9,97.16880939309704,4.2,3.0,3.8,17.0,149.0,False,1.0027803521779426
95711,54.0,0,1.0,22853.226175129308,2.0,140.0,5983.0,299.3,7392.0,8166.0,5061.0,0.0,30.0,30.0,60.0,0.89,101.83554461591876,4.4,4.4,3.8,17.0,90.0,False,0.9052167523879501
95713,64.0,0,4.0,7125.984548608515,2.0,147.0,2756.0,79.83,5134.0,2999.0,1724.0,0.0,50.0,50.0,90.0,1.23,65.5584589375039,4.3,3.3,3.9,13.0,140.0,False,1.7119039679893298
95714,63.0,1,4.0,8837.788203169,1.0,144.0,2745.0,104.36,4912.0,2492.0,1647.0,0.0,0.0,0.0,360.0,0.66,98.50627982312504,4.0,3.6,3.6,9.0,109.0,False,1.971107544141252
95716,38.0,1,2.0,34247.90889056614,2.0,147.0,737.0,32.53,1074.0,2384.0,670.0,0.0,0.0,0.0,120.0,0.48,124.25676935745332,3.9,2.8,4.0,8.0,113.0,False,0.45050335570469796
95717,76.0,0,3.0,86808.8263083968,2.0,141.0,2026.0,58.33,2456.0,4233.0,1144.0,0.0,0.0,0.0,900.0,0.88,89.11672918062867,4.5,3.3,4.3,18.0,92.0,False,0.5802031656035909
95718,63.0,0,3.0,16881.752012855926,2.0,139.0,2164.0,53.02,3341.0,1468.0,1041.0,120.0,180.0,420.0,240.0,0.82,98.7039017523726,3.9,2.9,4.1,11.0,90.0,False,2.275885558583106
95719,22.0,0,3.0,43563.9205844329,2.0,141.0,2213.0,48.84,4323.0,1310.0,1418.0,150.0,600.0,900.0,240.0,1.14,93.25483695576794,4.4,3.5,4.7,14.0,89.0,False,3.3
95720,59.0,1,3.0,6604.85182419198,2.0,135.0,2337.0,114.89,5329.0,3374.0,1508.0,60.0,140.0,260.0,240.0,0.83,81.15837564683227,4.1,3.6,4.3,16.0,82.0,False,1.5794309425014819
95722,38.0,0,1.0,24081.1911520528,2.0,136.0,1672.0,138.8,3274.0,3934.0,2011.0,1800.0,1725.0,5325.0,10.0,0.63,124.8620462359718,4.2,3.4,4.3,12.0,92.0,False,0.8322318251143874
95723,80.0,1,3.0,22335.22512633005,1.0,136.0,962.0,36.34,2974.0,1731.0,647.0,0.0,0.0,0.0,360.0,0.71,85.90053708048798,3.5,2.9,3.5,16.0,117.0,False,1.7180820335066436
95725,70.0,0,3.0,32415.832548262497,1.0,145.0,1723.0,68.2,2926.0,1583.0,790.0,0.0,180.0,180.0,720.0,1.39,54.536977359652845,4.3,3.7,3.8,21.0,125.0,True,1.848389134554643
95726,32.0,1,4.0,49340.30427984254,1.0,143.0,1596.0,72.47,2890.0,2552.0,1539.0,120.0,0.0,240.0,180.0,0.65,119.89280545770642,3.7,3.7,4.5,13.0,89.0,False,1.1324451410658307
95727,52.0,0,3.0,24403.127705449493,1.0,142.0,2201.0,90.55,3919.0,2056.0,1796.0,0.0,180.0,180.0,480.0,0.99,91.65680776065304,4.4,3.6,4.1,20.0,106.0,False,1.9061284046692606
95731,47.0,1,6.0,14254.991809438909,1.0,141.0,791.0,29.570000000000004,1044.0,1951.0,644.0,0.0,600.0,600.0,120.0,0.69,107.6533371078556,4.0,3.7,3.8,8.0,103.0,False,0.5351101998974884
95734,71.0,1,3.0,93318.15391259707,1.0,142.0,1205.0,50.13,2340.0,1235.0,1042.0,720.0,1020.0,2460.0,420.0,0.73,87.86735104516885,4.0,3.3,4.3,12.0,92.0,False,1.894736842105263
95736,58.0,0,3.0,27332.969269461617,2.0,137.0,6281.0,151.58,6141.0,3078.0,3079.0,0.0,420.0,420.0,300.0,0.95,92.7796199317908,3.9,3.8,3.7,12.0,80.0,False,1.9951267056530215
95738,49.0,1,7.0,19943.510688277343,2.0,136.0,3082.0,119.29,7745.0,3865.0,1951.0,180.0,660.0,1020.0,120.0,0.88,80.51150155433311,3.8,4.2,4.2,11.0,99.0,False,2.0038809831824063
95741,19.0,1,3.0,25680.7648386982,1.0,139.0,2379.0,189.77,4782.0,6145.0,4244.0,120.0,60.0,300.0,240.0,0.8,108.78258538952257,3.9,3.9,4.1,14.0,86.0,False,0.7781936533767291
95743,58.0,1,1.0,13730.482965334762,2.0,148.0,2702.0,160.68000000000004,5703.0,3673.0,2030.0,360.0,120.0,840.0,360.0,0.61,103.56536832129218,4.2,4.2,4.3,18.0,95.0,False,1.5526817315545876
95744,57.0,1,6.0,16406.524456133244,2.0,134.0,1703.0,56.96000000000001,2618.0,2339.0,1071.0,0.0,240.0,240.0,420.0,0.73,95.86093046221984,4.3,4.2,3.7,12.0,97.0,False,1.119281744335186
95745,60.0,1,4.0,6949.84020341219,1.0,137.0,1798.0,56.430000000000014,2466.0,3504.0,1137.0,960.0,1680.0,3600.0,90.0,1.05,60.82734918180882,3.5,3.6,4.1,16.0,71.0,False,0.7037671232876712
95752,80.0,0,2.0,17437.5959530695,1.0,140.0,2648.0,79.36,3840.0,3932.0,1633.0,0.0,0.0,0.0,480.0,1.08,69.37296264354846,4.3,2.9,4.4,14.0,93.0,False,0.9766022380467956
95754,33.0,0,3.0,100289.03736218196,2.0,142.0,4110.0,167.19,6464.0,4253.0,2432.0,1800.0,600.0,4200.0,360.0,1.1,90.90230234471952,4.2,4.4,4.0,16.0,84.0,False,1.5198683282388903
95756,26.0,0,3.0,84609.98173964862,2.0,143.0,4050.0,88.33999999999999,6486.0,4910.0,2108.0,0.0,240.0,240.0,840.0,0.87,122.04179048601736,3.8,3.6,4.6,8.0,94.0,False,1.3209775967413442
95759,63.0,1,4.0,10221.694744985987,2.0,145.0,2155.0,56.05,2526.0,2287.0,948.0,0.0,0.0,0.0,480.0,0.56,102.48509117586252,4.1,3.5,3.8,13.0,100.0,False,1.1045037166593792
95761,51.0,0,2.0,25642.991530857817,2.0,141.0,2781.0,89.39999999999999,4959.0,3801.0,2139.0,3840.0,3240.0,10920.0,60.0,0.95,96.90800259119982,4.4,3.7,3.8,13.0,100.0,False,1.3046566692975532
95762,32.0,0,4.0,58269.35437524451,1.0,143.0,3133.0,71.44,3644.0,2291.0,1496.0,2520.0,2100.0,7140.0,300.0,0.9,116.37403734517422,4.1,3.6,4.0,9.0,85.0,False,1.5905718027062419
95763,75.0,0,3.0,9007.535159128169,2.0,147.0,3390.0,95.32,3852.0,3025.0,2290.0,0.0,2940.0,2940.0,420.0,2.02,33.75842240993538,4.5,3.9,3.2,55.0,113.0,True,1.2733884297520661
95765,51.0,0,1.0,34860.17432666249,2.0,138.0,1477.0,71.25,1797.0,2030.0,949.0,0.0,0.0,0.0,150.0,0.94,98.14643840148004,3.8,3.7,4.3,19.0,107.0,False,0.8852216748768473
95766,19.0,1,3.0,26376.671822484128,2.0,139.0,1559.0,62.44000000000001,3923.0,1812.0,1264.0,0.0,1080.0,1080.0,180.0,0.57,134.16909800301096,4.0,3.6,4.4,11.0,94.0,False,2.1650110375275937
95767,60.0,0,3.0,23053.35915559146,2.0,139.0,1019.0,45.27,1768.0,923.0,719.0,0.0,0.0,0.0,720.0,0.98,88.27700889203955,4.1,2.8,3.9,18.0,109.0,False,1.9154929577464788
95768,23.0,0,2.0,78643.37573464014,2.0,138.0,942.0,32.59,1283.0,820.0,481.0,3240.0,360.0,6840.0,45.0,0.86,124.77508528332756,4.9,3.0,4.2,11.0,87.0,False,1.5646341463414635
95770,50.0,0,4.0,15166.597085332942,1.0,144.0,4570.0,314.25,12055.0,5069.0,3720.0,0.0,0.0,0.0,600.0,0.99,92.8040100997416,4.0,3.0,4.0,11.0,170.0,False,2.378181100808838
95771,63.0,1,4.0,19300.87030623738,1.0,141.0,3426.0,89.96,4289.0,4416.0,1713.0,0.0,120.0,120.0,600.0,0.92,69.96448374293686,3.4,3.2,3.7,14.0,136.0,False,0.9712409420289855
95772,64.0,1,6.0,11683.561702186676,2.0,142.0,1524.0,87.35999999999999,2607.0,2896.0,1275.0,60.0,720.0,840.0,30.0,0.65,98.256407181358,4.6,4.1,3.9,16.0,110.0,False,0.900207182320442
95773,66.0,1,4.0,12822.793268393982,1.0,136.0,962.0,38.760000000000005,1885.0,1231.0,439.0,0.0,1680.0,1680.0,120.0,0.99,62.88655010584429,4.2,4.0,3.6,21.0,75.0,False,1.5312753858651502
95777,78.0,1,3.0,35452.47034872297,1.0,140.0,1306.0,54.27000000000001,2026.0,1574.0,695.0,600.0,240.0,1440.0,360.0,0.96,60.559521247819525,3.2,2.9,4.2,20.0,48.0,False,1.287166454891995
95780,78.0,1,1.0,26406.51658621987,1.0,136.0,909.0,32.0,1982.0,705.0,546.0,0.0,120.0,120.0,300.0,0.78,77.69523589590054,3.5,4.0,4.0,12.0,97.0,False,2.8113475177304963
95785,51.0,0,3.0,23047.309265011707,1.0,145.0,4127.0,103.72,2126.0,5804.0,2102.0,240.0,120.0,600.0,120.0,0.7,111.55745218533924,4.1,3.6,4.3,8.0,78.0,False,0.3662991040661613
95788,28.0,1,3.0,163797.60582984754,2.0,145.0,1236.0,60.89999999999999,3350.0,2219.0,843.0,80.0,105.0,265.0,600.0,0.67,122.01837714647948,4.3,3.9,4.6,10.0,99.0,False,1.5096890491212258
95789,48.0,1,3.0,126483.30953353952,2.0,141.0,4450.0,64.61,3115.0,2686.0,1129.0,0.0,0.0,0.0,480.0,0.78,93.63206839188908,4.0,3.0,4.5,7.0,101.0,False,1.159717051377513
95791,33.0,0,2.0,25708.06186190378,2.0,140.0,1683.0,71.25999999999999,2283.0,1548.0,1048.0,60.0,60.0,180.0,200.0,1.01,100.70718502048864,4.2,3.7,4.0,13.0,90.0,False,1.4748062015503876
95792,23.0,0,3.0,156608.47396064605,1.0,139.0,1760.0,72.99000000000001,3027.0,2220.0,1324.0,1200.0,360.0,2760.0,240.0,0.85,125.21659563299708,4.3,5.4,4.6,12.0,98.0,False,1.3635135135135135
95793,26.0,1,1.0,34409.04458978264,2.0,142.0,1359.0,39.16,2211.0,1667.0,803.0,0.0,0.0,0.0,480.0,0.54,130.1380788028793,3.7,4.0,3.8,15.0,86.0,False,1.3263347330533892
95794,63.0,0,6.0,13601.728678679685,1.0,136.0,1871.0,72.08,2270.0,2244.0,1111.0,0.0,60.0,60.0,480.0,0.85,97.63861008295406,3.5,3.3,4.4,12.0,119.0,False,1.0115864527629232
95798,76.0,1,3.0,79701.21053834999,2.0,145.0,1665.0,65.45,2365.0,2251.0,1292.0,0.0,0.0,0.0,600.0,0.64,91.53170114263084,4.1,3.5,4.0,22.0,54.0,False,1.0506441581519326
95799,25.0,1,3.0,66217.27664497911,1.0,142.0,1315.0,47.01,2340.0,2418.0,711.0,0.0,0.0,0.0,420.0,0.97,83.16397401064225,4.2,4.1,4.1,15.0,83.0,False,0.967741935483871
95802,68.0,0,3.0,197224.6571996773,2.0,145.0,1502.0,38.35,3161.0,1176.0,952.0,0.0,210.0,210.0,300.0,1.36,56.68447772373141,4.7,3.3,3.9,21.0,116.0,True,2.687925170068027
95803,38.0,0,3.0,102299.0647518483,2.0,141.0,2895.0,106.39,4746.0,2675.0,1505.0,0.0,45.0,45.0,720.0,1.32,70.80311252600653,4.1,3.1,3.8,13.0,102.0,False,1.7742056074766355
95807,34.0,1,3.0,73633.63355458234,1.0,144.0,2289.0,72.18999999999998,5092.0,2293.0,1310.0,90.0,60.0,240.0,600.0,0.73,110.60246715808066,3.6,4.5,4.0,11.0,82.0,False,2.22067160924553
95808,19.0,1,3.0,49629.79636667722,1.0,146.0,3014.0,103.09,4119.0,1705.0,1815.0,0.0,0.0,0.0,240.0,0.68,128.5830409111732,4.2,4.3,4.1,13.0,87.0,False,2.4158357771261
95809,59.0,1,2.0,23572.017806434837,1.0,134.0,1002.0,25.74000000000001,1479.0,2066.0,660.0,0.0,0.0,0.0,180.0,0.57,104.61939313134867,3.9,3.8,3.9,8.0,147.0,False,0.7158760890609874
95811,24.0,1,1.0,27987.458182669718,1.0,140.0,3617.0,209.43,5716.0,3453.0,2178.0,190.0,190.0,570.0,90.0,0.64,126.48060334588791,3.8,4.1,3.8,15.0,87.0,False,1.65537214016797
95812,63.0,1,4.0,14462.46154697088,1.0,144.0,1586.0,46.03,2425.0,2584.0,1000.0,230.0,150.0,610.0,120.0,0.9,71.83432502642606,3.8,3.4,3.7,16.0,97.0,False,0.9384674922600619
95813,80.0,0,3.0,8353.718302547297,1.0,140.0,2785.0,120.43,4269.0,3870.0,2085.0,0.0,480.0,480.0,180.0,0.91,85.20186038179969,4.9,4.0,3.5,21.0,82.0,False,1.1031007751937985
95814,45.0,0,4.0,24594.14731746208,1.0,141.0,2730.0,58.91,2422.0,1610.0,740.0,0.0,60.0,60.0,420.0,0.99,95.73522903521796,4.1,2.5,3.6,10.0,120.0,False,1.5043478260869565
95822,66.0,0,6.0,16231.312631113062,1.0,148.0,3282.0,196.29000000000005,8410.0,5879.0,1999.0,0.0,100.0,100.0,240.0,0.83,96.52537496344378,3.8,3.7,4.4,13.0,89.0,False,1.4305153937744515
95824,66.0,0,2.0,5666.772376106171,2.0,138.0,373.0,18.86,1148.0,689.0,276.0,840.0,0.0,1680.0,480.0,1.01,82.02140535138454,4.9,3.3,4.2,11.0,103.0,False,1.6661828737300435
95825,45.0,1,3.0,31095.587915230182,2.0,143.0,1574.0,58.370000000000005,3791.0,1761.0,974.0,2400.0,2460.0,7260.0,240.0,0.56,114.6248626942762,3.9,2.9,3.7,13.0,90.0,False,2.152754116978989
95829,70.0,0,3.0,151305.12496989348,1.0,143.0,2116.0,63.370000000000005,3139.0,2238.0,1288.0,0.0,110.0,110.0,300.0,0.71,98.70042655872348,3.7,3.1,4.1,16.0,110.0,False,1.402591599642538
95831,63.0,1,6.0,17962.95834959919,1.0,138.0,1554.0,85.74,3397.0,2209.0,1103.0,0.0,0.0,0.0,600.0,0.71,95.48013145015602,3.8,3.9,4.0,20.0,168.0,False,1.5377999094612946
95833,61.0,0,2.0,28271.174255330647,1.0,148.0,1698.0,77.03,2560.0,2174.0,1106.0,40.0,70.0,150.0,120.0,0.77,101.85630565937318,4.1,3.3,4.6,12.0,108.0,False,1.1775528978840846
95835,48.0,1,2.0,32982.27354369695,2.0,138.0,1927.0,82.94999999999999,2758.0,1547.0,1000.0,0.0,0.0,0.0,180.0,0.62,109.7798727447238,4.2,3.0,3.9,15.0,86.0,False,1.7828054298642535
95838,80.0,0,1.0,21498.07670099355,1.0,136.0,1780.0,71.46999999999998,2500.0,2023.0,1209.0,0.0,0.0,0.0,240.0,1.96,33.930594018099,4.7,3.4,4.1,40.0,156.0,True,1.2357884330202669
95839,44.0,0,4.0,35796.87323574217,1.0,143.0,2697.0,103.43,3619.0,1983.0,1942.0,0.0,0.0,0.0,600.0,1.22,74.97271268786355,3.7,3.4,4.2,14.0,88.0,False,1.8250126071608674
95841,27.0,0,1.0,24245.638192952305,2.0,135.0,2898.0,160.87,5449.0,3215.0,1967.0,360.0,720.0,1440.0,60.0,0.86,121.70932252875654,4.3,4.2,4.5,18.0,81.0,False,1.6948678071539658
95843,73.0,0,1.0,8760.343713063281,1.0,135.0,2512.0,59.67,2530.0,2926.0,1269.0,0.0,0.0,0.0,240.0,0.79,93.80211841886585,3.9,3.9,3.3,14.0,99.0,False,0.8646616541353384
95844,70.0,1,3.0,24284.283647000026,1.0,146.0,2589.0,87.20000000000002,2524.0,3430.0,1502.0,0.0,160.0,160.0,120.0,1.01,59.88669209509718,3.7,4.1,3.6,17.0,93.0,True,0.7358600583090379
95846,80.0,0,4.0,6957.18890695026,1.0,147.0,1585.0,47.19,2133.0,2009.0,1140.0,30.0,0.0,60.0,360.0,0.94,81.94931432479191,4.1,3.6,4.2,13.0,113.0,False,1.06172224987556
95848,52.0,1,6.0,20088.710583850665,2.0,148.0,2032.0,91.66,4195.0,2530.0,1510.0,0.0,570.0,570.0,240.0,0.63,106.67042303048518,4.0,4.1,4.1,19.0,93.0,False,1.658102766798419
95849,40.0,1,2.0,26503.396227400022,2.0,146.0,1672.0,67.56,3515.0,2800.0,1208.0,0.0,0.0,0.0,540.0,0.54,119.28622223235251,3.6,2.9,4.2,15.0,88.0,False,1.2553571428571428
95850,27.0,1,4.0,42696.38375557478,1.0,144.0,1487.0,58.36,2418.0,1063.0,760.0,1500.0,720.0,3720.0,180.0,0.77,108.36035764371248,4.0,3.5,3.6,9.0,90.0,False,2.274694261523989
95851,28.0,0,1.0,41407.68446141284,2.0,147.0,2720.0,135.76,4157.0,3311.0,2695.0,960.0,1200.0,3120.0,300.0,0.89,119.7086650409015,4.2,4.2,4.2,18.0,100.0,False,1.2555119299305346
95853,24.0,1,2.0,34698.35846842047,1.0,139.0,1001.0,29.4,1272.0,624.0,530.0,90.0,390.0,570.0,300.0,0.84,99.45512772245672,4.1,3.8,3.9,14.0,77.0,False,2.0384615384615383
95854,28.0,0,3.0,145376.50064836614,1.0,144.0,3208.0,109.10000000000002,3799.0,4149.0,2240.0,450.0,360.0,1260.0,480.0,1.21,83.63897440686902,4.0,4.1,4.6,16.0,99.0,False,0.915642323451434
95858,32.0,0,6.0,17986.582020519545,2.0,138.0,3401.0,97.39,6011.0,4139.0,1822.0,840.0,840.0,2520.0,600.0,0.88,117.1665311565393,4.1,3.8,4.3,14.0,78.0,False,1.4522831601836192
95860,51.0,1,3.0,30510.552582871333,1.0,137.0,1250.0,55.68,2191.0,1569.0,619.0,0.0,0.0,0.0,1320.0,0.68,105.37836341516152,3.6,4.0,3.8,7.0,79.0,False,1.3964308476736775
95862,80.0,0,3.0,20006.06614167664,2.0,142.0,1767.0,86.29000000000002,1646.0,3656.0,1821.0,0.0,0.0,0.0,30.0,0.68,93.9661175752301,5.1,3.0,3.5,23.0,101.0,False,0.45021881838074396
95863,80.0,1,4.0,35026.538234843385,1.0,143.0,2110.0,91.74,3416.0,2920.0,1661.0,0.0,0.0,0.0,480.0,1.41,37.70882173507979,4.4,3.4,3.5,34.0,99.0,True,1.16986301369863
95865,47.0,1,4.0,29197.67089853128,1.0,144.0,3007.0,94.97,9251.0,2936.0,2202.0,0.0,150.0,150.0,300.0,0.76,97.19923288718272,3.2,3.9,3.8,11.0,104.0,False,3.150885558583106
95866,80.0,1,1.0,26653.426145112568,1.0,137.0,1216.0,48.3,2674.0,1660.0,841.0,120.0,1080.0,1320.0,180.0,0.72,84.47085731181454,3.2,3.5,4.0,17.0,89.0,False,1.610843373493976
95867,34.0,1,3.0,21176.81661386828,2.0,139.0,1501.0,66.36,3654.0,1813.0,1050.0,720.0,1620.0,3060.0,180.0,0.93,82.71279728005386,4.1,4.1,4.1,16.0,104.0,False,2.0154440154440154
95869,66.0,0,4.0,15741.725427478845,2.0,137.0,3422.0,140.67000000000002,3852.0,4035.0,2475.0,240.0,360.0,840.0,300.0,1.18,68.05412367067855,4.1,2.4,4.0,14.0,95.0,False,0.9546468401486989
95870,20.0,1,4.0,81073.33934953874,1.0,143.0,3546.0,115.81,2442.0,5311.0,2786.0,0.0,0.0,0.0,420.0,0.69,127.33702579577437,4.2,4.2,3.6,17.0,92.0,False,0.45980041423460744
95873,76.0,0,3.0,9707.454830328745,2.0,147.0,816.0,30.959999999999997,801.0,1951.0,895.0,720.0,960.0,2400.0,240.0,0.65,97.65470482707444,4.4,3.8,4.3,12.0,192.0,False,0.4105586878523834
95874,18.0,1,2.0,39306.54689917377,2.0,143.0,2082.0,82.57999999999998,4354.0,1770.0,1149.0,180.0,600.0,960.0,180.0,0.61,132.8173643157344,4.0,3.8,4.2,13.0,96.0,False,2.4598870056497173
95875,67.0,1,1.0,18608.17459084001,1.0,142.0,2038.0,55.00000000000001,3118.0,1988.0,1052.0,600.0,960.0,2160.0,360.0,0.54,100.84702241198546,3.5,3.2,3.7,9.0,112.0,False,1.56841046277666
95877,62.0,0,3.0,115815.1071249698,1.0,146.0,2126.0,75.85000000000001,3655.0,3665.0,1197.0,840.0,1920.0,3600.0,60.0,0.92,94.05274868234348,4.0,2.5,4.2,16.0,90.0,False,0.9972714870395635
95880,69.0,1,3.0,17572.44267956789,2.0,135.0,1534.0,37.92,2046.0,1040.0,940.0,0.0,0.0,0.0,480.0,1.2,49.00038427501149,4.3,3.0,4.3,20.0,98.0,True,1.9673076923076922
95881,64.0,1,1.0,24381.33841545104,2.0,137.0,2248.0,45.57000000000001,3169.0,3278.0,1066.0,44.0,380.0,468.0,240.0,0.82,79.82618904351126,4.6,3.7,4.4,9.0,85.0,False,0.9667480170835876
95882,26.0,0,4.0,18547.492305918127,1.0,144.0,4071.0,174.95999999999995,6826.0,4325.0,2392.0,1440.0,1380.0,4260.0,480.0,1.08,97.06097548795246,4.0,4.0,4.6,14.0,89.0,False,1.5782658959537572
95883,31.0,1,1.0,77577.61423340895,1.0,135.0,3917.0,131.18,8200.0,3350.0,2884.0,30.0,60.0,120.0,360.0,0.76,107.36901251241888,3.8,3.6,3.5,10.0,102.0,False,2.4477611940298507
95891,56.0,0,3.0,32116.926123173194,2.0,140.0,3524.0,103.92,4490.0,3602.0,2060.0,0.0,780.0,780.0,180.0,0.65,110.58935458381406,4.1,4.5,3.5,7.0,98.0,False,1.246529705719045
95896,32.0,1,4.0,23881.563050788565,1.0,144.0,1511.0,89.95,6062.0,2526.0,1759.0,0.0,0.0,0.0,600.0,0.69,118.17962586984908,3.7,3.6,4.0,16.0,94.0,False,2.3998416468725257
95899,62.0,0,6.0,13600.219909200465,1.0,148.0,1485.0,90.36,4584.0,1266.0,910.0,0.0,0.0,0.0,360.0,1.02,83.09916864950496,4.2,3.6,4.1,26.0,84.0,False,3.6208530805687205
95900,31.0,0,3.0,127439.60012414516,1.0,147.0,1401.0,61.36,3184.0,1634.0,1152.0,120.0,0.0,240.0,720.0,1.02,100.76922402689996,4.0,3.2,4.1,13.0,81.0,False,1.9485924112607098
95902,61.0,1,4.0,10452.130783256389,2.0,134.0,1777.0,77.10000000000001,2344.0,1390.0,1242.0,0.0,0.0,0.0,240.0,0.62,101.2534020945155,4.2,3.0,3.5,11.0,87.0,False,1.6863309352517986
95903,21.0,0,1.0,95470.9281968169,2.0,144.0,1738.0,75.24,3688.0,2245.0,1238.0,2280.0,1800.0,6360.0,180.0,1.01,108.5106956667518,4.4,3.2,4.4,8.0,83.0,False,1.6427616926503341
95904,53.0,1,6.0,18037.801943726685,1.0,136.0,1954.0,88.44,2114.0,2286.0,1317.0,60.0,60.0,180.0,600.0,0.73,98.27559241352726,3.4,4.3,4.1,20.0,102.0,False,0.9247594050743657
95907,19.0,1,7.0,5756.177344857429,2.0,141.0,1092.0,37.02,3406.0,1344.0,581.0,0.0,0.0,0.0,600.0,0.5,138.4734680745954,4.2,3.9,3.4,7.0,74.0,False,2.5342261904761907
95908,69.0,0,2.0,31475.62813770554,2.0,145.0,1653.0,75.33000000000001,2809.0,1942.0,1254.0,960.0,480.0,2400.0,120.0,1.1,72.66723069047742,4.6,3.2,4.2,20.0,92.0,False,1.4464469618949536
95910,50.0,0,6.0,14472.380666257068,2.0,135.0,2762.0,108.22000000000004,5950.0,2844.0,1603.0,0.0,60.0,60.0,480.0,0.89,104.40070243035956,4.3,3.4,4.7,15.0,82.0,False,2.092123769338959
95911,38.0,1,1.0,20472.430450590957,2.0,136.0,1747.0,96.98,3638.0,3002.0,1539.0,0.0,420.0,420.0,180.0,0.56,119.7252855655068,4.2,3.8,4.6,19.0,78.0,False,1.211858760826116
95912,50.0,0,3.0,122050.1464546852,2.0,139.0,1630.0,68.75,3891.0,2271.0,1030.0,0.0,60.0,60.0,360.0,1.23,71.5225257011306,4.0,4.1,4.3,24.0,87.0,False,1.7133421400264202
95913,80.0,1,3.0,40979.6801545399,1.0,144.0,966.0,34.190000000000005,925.0,2368.0,774.0,90.0,180.0,360.0,360.0,0.69,87.678729164719,3.9,3.6,4.4,16.0,88.0,False,0.390625
95914,47.0,1,3.0,36644.7558233763,1.0,142.0,2653.0,73.88,3155.0,3397.0,1110.0,0.0,960.0,960.0,180.0,0.71,105.47004460681336,3.8,4.3,4.4,12.0,85.0,False,0.9287606711804534
95915,57.0,0,3.0,76389.86988241112,1.0,145.0,1744.0,55.11,2887.0,2092.0,1117.0,600.0,1320.0,2520.0,360.0,1.12,76.62320184642616,4.2,3.7,4.0,14.0,96.0,False,1.380019120458891
95917,74.0,1,7.0,15338.272780991489,2.0,147.0,2060.0,67.71,4597.0,1995.0,1473.0,0.0,0.0,0.0,480.0,0.89,67.98982686225655,3.9,3.4,3.3,15.0,86.0,False,2.3042606516290727
95919,47.0,0,3.0,20078.02194473303,1.0,142.0,2531.0,104.04,4126.0,3154.0,1447.0,80.0,240.0,400.0,240.0,1.25,71.47266622013055,4.3,3.2,3.9,18.0,95.0,False,1.3081800887761572
95922,25.0,0,3.0,336326.88184046507,1.0,138.0,3346.0,121.67,9870.0,3350.0,1929.0,3640.0,140.0,7420.0,150.0,0.86,123.2326705800926,3.9,3.3,4.2,23.0,88.0,False,2.946268656716418
95924,65.0,1,4.0,10992.119007208328,1.0,135.0,2305.0,99.35000000000002,3432.0,2306.0,1409.0,180.0,215.0,575.0,180.0,0.75,88.29731458774224,3.6,4.2,3.8,13.0,81.0,False,1.4882914137033825
95927,18.0,1,4.0,14778.694307954507,2.0,142.0,2240.0,63.74,4375.0,2474.0,1239.0,0.0,125.0,125.0,900.0,0.44,143.6968516092562,3.8,3.7,3.9,9.0,101.0,False,1.7683912691996766
95931,69.0,1,3.0,35587.70059230749,1.0,140.0,1443.0,46.790000000000006,2944.0,1706.0,876.0,0.0,1800.0,1800.0,300.0,0.58,97.89980219932126,3.8,3.6,4.7,14.0,91.0,False,1.7256740914419695
95935,19.0,0,3.0,140678.17964807892,1.0,141.0,3377.0,121.46,6826.0,4255.0,1857.0,540.0,1260.0,2340.0,300.0,0.93,121.30555054803816,3.9,3.7,4.5,12.0,106.0,False,1.6042303172737955
95936,63.0,1,4.0,10857.03232786556,1.0,138.0,1481.0,62.2,2434.0,2036.0,828.0,0.0,0.0,0.0,360.0,0.74,90.85419045857098,3.9,3.5,4.0,11.0,94.0,False,1.1954813359528487
95939,76.0,0,3.0,26973.46241764497,2.0,142.0,1990.0,113.94,3180.0,2920.0,1786.0,720.0,1020.0,2460.0,180.0,1.04,74.41539162850705,4.4,2.7,4.0,17.0,116.0,False,1.0890410958904109
95944,54.0,0,6.0,14836.267564332667,1.0,137.0,2688.0,93.95000000000002,4911.0,2655.0,1780.0,1200.0,600.0,3000.0,180.0,1.18,73.32744233685125,4.4,3.2,4.1,25.0,92.0,False,1.8497175141242939
95945,70.0,1,3.0,29350.969108149337,1.0,139.0,2047.0,58.85,2901.0,2170.0,1112.0,0.0,0.0,0.0,600.0,1.06,56.51307453139604,4.0,4.2,4.0,22.0,112.0,True,1.3368663594470047
95948,18.0,1,3.0,67069.40498913139,1.0,140.0,1654.0,41.03,2556.0,2603.0,756.0,0.0,720.0,720.0,360.0,0.74,120.19608014108093,4.1,3.4,4.4,6.0,88.0,False,0.9819439108720707
95950,45.0,0,3.0,111844.24812297664,1.0,140.0,2900.0,61.26,2492.0,3424.0,1851.0,0.0,1500.0,1500.0,180.0,0.87,108.4399793910444,4.4,3.5,4.1,6.0,92.0,False,0.727803738317757
95951,24.0,0,3.0,52892.236672477,1.0,135.0,1578.0,50.39,1819.0,1537.0,1196.0,240.0,4260.0,4740.0,360.0,1.05,101.65482911995508,3.8,4.1,4.5,13.0,79.0,False,1.1834743005855564
95952,68.0,0,3.0,145812.6546412685,2.0,141.0,1369.0,48.41,6657.0,1952.0,1031.0,720.0,840.0,2280.0,240.0,1.1,73.12057827578731,5.2,3.2,3.9,17.0,87.0,False,3.4103483606557377
95953,18.0,1,3.0,17572.788775059766,2.0,139.0,2886.0,105.7,5077.0,2995.0,1909.0,0.0,0.0,0.0,240.0,0.74,120.19608014108093,4.2,3.2,4.5,13.0,84.0,False,1.6951585976627712
95955,22.0,1,3.0,87316.18154135044,1.0,145.0,1331.0,46.37,2435.0,858.0,536.0,0.0,2100.0,2100.0,600.0,0.83,102.1575872074213,4.1,3.7,3.5,12.0,98.0,False,2.837995337995338
95962,32.0,0,3.0,68474.0821760585,1.0,140.0,3749.0,103.4,5540.0,3268.0,2093.0,0.0,1050.0,1050.0,360.0,1.02,100.14445483793315,4.1,4.1,3.7,14.0,86.0,False,1.6952264381884945
95964,80.0,1,3.0,31497.480327488534,1.0,140.0,1383.0,68.9,2713.0,2854.0,988.0,0.0,1080.0,1080.0,600.0,0.65,88.94975543501447,4.3,3.8,4.4,17.0,113.0,False,0.9505956552207429
95966,66.0,0,3.0,143154.06945655294,2.0,142.0,2521.0,72.78999999999999,4732.0,3416.0,1670.0,720.0,0.0,1440.0,360.0,0.86,95.49586105926478,4.1,4.8,4.0,13.0,90.0,False,1.3852459016393444
95968,49.0,1,6.0,16590.894116812542,1.0,148.0,475.0,14.96,500.0,1093.0,399.0,0.0,60.0,60.0,480.0,0.82,87.63155336584184,3.6,3.8,4.3,12.0,94.0,False,0.45745654162854527
95969,48.0,0,3.0,20910.87966033914,1.0,142.0,3965.0,92.28,5491.0,4157.0,2360.0,0.0,0.0,0.0,480.0,0.97,96.29526003049038,4.3,3.6,4.1,15.0,80.0,False,1.3209044984363725
95971,71.0,1,1.0,23636.30984985016,2.0,136.0,3054.0,95.06,5704.0,2613.0,1291.0,0.0,0.0,0.0,480.0,0.87,71.18555294490825,4.1,3.0,3.7,24.0,108.0,False,2.1829314963643323
95973,21.0,1,2.0,30335.04075799689,1.0,138.0,2442.0,75.59,3684.0,3107.0,1517.0,180.0,0.0,360.0,60.0,0.6,130.88258796270927,4.2,3.9,4.3,10.0,85.0,False,1.185709687801738
95976,65.0,1,7.0,9092.156269959254,2.0,143.0,242.0,6.32,175.0,326.0,108.0,0.0,0.0,0.0,30.0,0.9,70.9463407075524,3.9,4.1,4.3,7.0,107.0,False,0.5368098159509203
95978,57.0,0,7.0,25446.832691681804,2.0,135.0,218.0,3.84,490.0,359.0,91.0,0.0,0.0,0.0,60.0,0.94,94.55151647841768,4.0,2.8,4.1,10.0,208.0,False,1.3649025069637883
95979,66.0,0,4.0,11250.492283630538,1.0,144.0,1525.0,51.15,2970.0,1863.0,894.0,0.0,0.0,0.0,120.0,0.71,101.18661319847338,4.1,3.5,4.2,13.0,96.0,False,1.5942028985507246
95981,69.0,0,6.0,13544.37011334915,1.0,138.0,1533.0,89.19000000000001,2362.0,2301.0,1237.0,0.0,0.0,0.0,120.0,1.32,58.38766593199,3.9,4.3,4.3,28.0,64.0,True,1.026510212950891
95983,78.0,1,3.0,112251.2396653439,2.0,142.0,1779.0,60.07000000000001,3925.0,3137.0,1579.0,0.0,0.0,0.0,300.0,0.71,86.97569231963872,4.5,3.6,3.8,28.0,89.0,False,1.2511954096270321
95985,62.0,0,3.0,13251.523237735164,2.0,146.0,2054.0,77.58,4653.0,1737.0,1520.0,0.0,0.0,0.0,240.0,0.77,101.22479656428506,5.1,5.0,3.9,19.0,209.0,False,2.678756476683938
95986,48.0,0,4.0,21154.280079552365,2.0,144.0,2089.0,79.84,2426.0,2986.0,1037.0,1620.0,900.0,4140.0,240.0,1.07,85.5993482806824,4.0,4.9,3.4,15.0,93.0,False,0.8124581379772271
95988,80.0,0,3.0,28142.424428214545,1.0,142.0,1567.0,44.47,4553.0,2569.0,790.0,0.0,0.0,0.0,360.0,1.22,59.93312895112101,4.4,2.6,3.9,18.0,108.0,True,1.7722849357726742
95990,28.0,1,3.0,63637.82623301378,1.0,135.0,2529.0,90.83,3146.0,3379.0,1761.0,30.0,150.0,210.0,240.0,0.68,121.5834952008017,3.6,3.7,4.0,9.0,93.0,False,0.931044687777449
95991,43.0,0,6.0,20400.434099851795,2.0,148.0,1450.0,69.38,2236.0,1213.0,767.0,0.0,0.0,0.0,30.0,0.83,111.36909023142913,4.1,2.6,4.2,18.0,136.0,False,1.843363561417972
95992,79.0,1,3.0,25284.73617931157,2.0,137.0,1554.0,30.76,4422.0,1573.0,1194.0,0.0,420.0,420.0,420.0,1.07,52.83800018217524,4.2,3.6,3.4,25.0,92.0,True,2.8111888111888113
95993,80.0,1,3.0,21576.525053157948,1.0,144.0,2802.0,58.38,5505.0,2430.0,1392.0,0.0,0.0,0.0,240.0,0.85,69.21547231676615,2.8,3.2,4.3,13.0,109.0,False,2.265432098765432
95997,61.0,1,4.0,18936.894952286097,2.0,134.0,3258.0,58.38,3704.0,2864.0,1162.0,0.0,0.0,0.0,600.0,0.8,83.77550558740427,3.3,4.1,3.8,13.0,100.0,False,1.2932960893854748
96000,29.0,0,4.0,29031.347520531785,1.0,140.0,3760.0,224.95,5613.0,3498.0,2742.0,0.0,1200.0,1200.0,480.0,0.94,112.53735699141868,4.4,3.9,4.5,11.0,57.0,False,1.604631217838765
96001,64.0,0,3.0,30942.834198698016,2.0,144.0,2450.0,51.38,4203.0,1166.0,717.0,0.0,420.0,420.0,840.0,0.87,96.35411840075732,4.2,3.1,3.9,14.0,117.0,False,3.604631217838765
96003,49.0,1,1.0,22485.367197258747,2.0,144.0,1402.0,48.34,1331.0,1484.0,1035.0,2400.0,2400.0,7200.0,600.0,0.52,113.82333515303658,4.0,3.5,3.9,11.0,80.0,False,0.8969002695417789
96004,55.0,0,3.0,30553.217744691345,2.0,146.0,3405.0,103.21,5418.0,2187.0,1636.0,0.0,0.0,0.0,360.0,0.97,92.19298084751962,4.4,4.0,3.8,13.0,79.0,False,2.477366255144033
96008,52.0,0,4.0,20344.52552918824,1.0,147.0,2040.0,78.06,3415.0,1562.0,1527.0,2280.0,600.0,5160.0,60.0,1.2,72.76281053191936,4.4,3.3,4.0,16.0,97.0,False,2.186299615877081
96011,32.0,1,1.0,32740.62509568905,2.0,137.0,2075.0,102.61,3658.0,2656.0,1730.0,600.0,900.0,2100.0,60.0,0.59,122.72411439869488,3.8,4.4,4.3,12.0,81.0,False,1.3772590361445782
96014,36.0,1,6.0,19616.1360361015,2.0,134.0,3030.0,129.76000000000002,8064.0,3299.0,1708.0,0.0,0.0,0.0,480.0,0.74,107.46626816116635,3.8,3.0,3.7,7.0,82.0,False,2.444377083964838
96016,80.0,0,3.0,30713.156942758094,1.0,136.0,2239.0,69.31000000000002,4071.0,2066.0,1311.0,0.0,0.0,0.0,480.0,6.75,7.693681809723238,4.7,4.1,3.8,38.0,110.0,True,1.9704743465634076
96017,64.0,0,2.0,23544.15020498251,2.0,138.0,2628.0,78.13,3856.0,2784.0,1530.0,1770.0,900.0,4440.0,240.0,1.03,81.11668616873679,4.3,3.3,4.0,17.0,90.0,False,1.3850574712643677
96019,80.0,1,3.0,27643.799827705447,1.0,146.0,1503.0,51.11999999999999,2757.0,1736.0,1225.0,0.0,60.0,60.0,540.0,1.4,38.03227063908676,3.8,4.2,4.0,27.0,105.0,True,1.5881336405529953
96020,80.0,1,3.0,25453.36947939976,2.0,139.0,1630.0,74.61999999999999,1881.0,1954.0,1158.0,0.0,0.0,0.0,480.0,0.94,61.34122904523039,4.4,3.4,4.0,25.0,111.0,False,0.9626407369498464
96022,56.0,0,1.0,57424.92818738232,2.0,141.0,1349.0,33.67,978.0,4043.0,1060.0,0.0,0.0,0.0,180.0,0.7,108.1417888027523,4.4,2.7,4.2,14.0,95.0,False,0.2418995795201583
96023,73.0,1,1.0,15146.72354060078,2.0,135.0,1288.0,64.32,2018.0,1464.0,1188.0,0.0,0.0,0.0,360.0,0.61,94.34077512539965,4.1,3.4,3.9,23.0,89.0,False,1.3784153005464481
96025,40.0,0,7.0,11868.301907480469,2.0,148.0,3802.0,223.54,7050.0,5159.0,2708.0,180.0,20.0,380.0,540.0,3.85,19.35468808248092,4.2,3.5,3.8,42.0,87.0,True,1.3665439038573366
96027,80.0,1,3.0,58128.277435177966,2.0,137.0,722.0,24.200000000000003,1226.0,486.0,355.0,0.0,120.0,120.0,360.0,0.83,71.22167558465158,4.1,3.5,3.6,13.0,86.0,False,2.522633744855967
96029,31.0,0,6.0,11701.054406805466,2.0,144.0,1838.0,56.34,2103.0,1587.0,1057.0,600.0,300.0,1500.0,480.0,0.98,105.7247896077679,4.5,3.0,4.3,13.0,92.0,False,1.3251417769376181
96030,59.0,0,4.0,14397.502834523224,1.0,145.0,1134.0,52.52,1817.0,1695.0,927.0,0.0,0.0,0.0,720.0,1.13,74.87309326397252,4.0,2.9,4.6,13.0,95.0,False,1.071976401179941
96031,24.0,1,2.0,35628.33132192637,2.0,140.0,1700.0,105.73,2589.0,3028.0,1511.0,240.0,2640.0,3120.0,120.0,0.7,123.77834589203864,4.0,3.2,3.8,17.0,89.0,False,0.8550198150594451
96033,60.0,1,4.0,11124.195170974228,2.0,137.0,530.0,5.9,419.0,891.0,139.0,0.0,120.0,120.0,60.0,1.53,38.71652162933085,3.7,3.5,3.7,20.0,97.0,True,0.4702581369248036
96034,57.0,0,3.0,44961.60655600071,1.0,148.0,4402.0,172.43999999999997,7223.0,7369.0,2765.0,780.0,360.0,1920.0,360.0,1.04,83.74944079721223,3.9,3.2,4.2,18.0,92.0,False,0.9801872710001357
96035,20.0,1,6.0,11796.882224985731,2.0,135.0,863.0,49.38,2487.0,814.0,524.0,0.0,1440.0,1440.0,300.0,0.57,133.33724959539228,4.3,4.1,4.0,10.0,86.0,False,3.055282555282555
96037,60.0,0,3.0,23329.823097511293,1.0,140.0,1829.0,42.53000000000001,1635.0,1688.0,576.0,0.0,0.0,0.0,660.0,1.07,79.44349957363035,4.0,4.0,3.9,12.0,132.0,False,0.9686018957345972
96038,55.0,1,6.0,18684.630511673604,1.0,143.0,1340.0,61.86999999999999,2663.0,2321.0,757.0,0.0,200.0,200.0,180.0,0.6,105.93698673031724,3.7,4.4,4.7,20.0,131.0,False,1.147350280051702
96041,80.0,0,4.0,11682.832666487344,2.0,135.0,2033.0,87.27,3593.0,2194.0,1528.0,0.0,300.0,300.0,120.0,1.51,46.40090079394261,4.1,3.1,4.1,20.0,92.0,True,1.637648131267092
96044,61.0,1,4.0,13090.459161993227,1.0,147.0,2724.0,75.56,3025.0,2442.0,1385.0,0.0,20.0,20.0,300.0,0.91,71.7753586210581,3.8,2.9,3.4,11.0,124.0,False,1.2387387387387387
96048,47.0,0,2.0,39342.57708520315,2.0,147.0,1907.0,66.22999999999999,2656.0,1948.0,1141.0,2400.0,720.0,5520.0,180.0,0.93,101.91836798194,4.0,3.2,4.1,19.0,79.0,False,1.3634496919917864
96049,69.0,0,2.0,17359.43150051974,2.0,138.0,881.0,39.260000000000005,1617.0,1697.0,517.0,900.0,1320.0,3120.0,180.0,1.06,75.97011671946372,4.2,2.8,4.2,19.0,94.0,False,0.952857984678845
96050,46.0,1,3.0,65131.07913382725,1.0,146.0,2056.0,200.88,8771.0,5011.0,3456.0,300.0,130.0,730.0,300.0,0.63,110.72611517141624,4.2,3.4,4.2,11.0,100.0,False,1.7503492316902813
96056,20.0,0,1.0,32264.07601451042,2.0,135.0,3680.0,166.27000000000007,7880.0,4481.0,2397.0,600.0,480.0,1680.0,360.0,0.85,127.57480549325028,4.0,3.1,4.2,9.0,67.0,False,1.7585360410622628
96061,67.0,0,3.0,200294.7351914648,2.0,140.0,2906.0,120.03,3214.0,3172.0,1457.0,0.0,480.0,480.0,180.0,1.11,72.78204810942464,4.5,3.7,4.2,19.0,93.0,False,1.0132408575031526
96063,27.0,1,6.0,27221.56032610438,2.0,136.0,2847.0,122.0,3085.0,4345.0,2312.0,240.0,330.0,810.0,720.0,0.59,126.60036120719376,4.3,3.6,4.4,13.0,77.0,False,0.7100115074798619
96064,49.0,0,6.0,11640.756376771356,2.0,136.0,1897.0,60.34,1719.0,2562.0,1427.0,0.0,135.0,135.0,540.0,0.98,94.5276133625592,4.3,3.7,3.9,11.0,83.0,False,0.6709601873536299
96065,66.0,0,4.0,9155.275428003508,1.0,138.0,1577.0,47.91,2015.0,2496.0,1091.0,0.0,0.0,0.0,240.0,0.87,95.16303118489924,4.2,3.9,3.8,12.0,95.0,False,0.8072916666666666
96066,52.0,0,7.0,20635.84673263054,2.0,144.0,8241.0,238.22000000000003,12826.0,7219.0,5013.0,120.0,0.0,240.0,720.0,0.74,109.02076073696776,4.4,5.1,4.5,9.0,72.0,False,1.7767003740130212
96067,42.0,1,3.0,32305.273255621163,1.0,140.0,1876.0,69.22,2367.0,1843.0,1085.0,0.0,0.0,0.0,240.0,0.57,116.28650702215116,4.0,4.3,4.1,16.0,95.0,False,1.2843190450352686
96070,45.0,0,6.0,17926.673236817787,2.0,143.0,2322.0,69.99,5200.0,2795.0,2061.0,210.0,210.0,630.0,300.0,1.19,76.76754645447593,4.4,3.2,4.1,16.0,65.0,False,1.8604651162790697
96074,34.0,1,3.0,113673.9942640319,2.0,143.0,1233.0,40.78,2049.0,2513.0,790.0,80.0,220.0,380.0,420.0,0.57,122.21862296875028,4.5,3.2,4.1,10.0,100.0,False,0.8153601273378432
96077,80.0,0,3.0,10416.300410993808,1.0,134.0,1081.0,34.67,1223.0,1121.0,553.0,0.0,300.0,300.0,120.0,0.86,87.53272377595053,4.1,3.8,3.9,16.0,107.0,False,1.0909901873327386
96078,19.0,0,1.0,22048.55367448505,2.0,141.0,1286.0,41.67,1722.0,1747.0,871.0,840.0,600.0,2280.0,120.0,0.69,136.71558105964704,4.1,3.8,4.1,11.0,97.0,False,0.9856897538637664
96079,52.0,0,1.0,11540.0898593868,1.0,148.0,1704.0,106.5,3605.0,3736.0,1022.0,150.0,200.0,500.0,300.0,0.96,95.10459081234966,4.1,3.2,4.2,15.0,345.0,False,0.9649357601713062
96082,37.0,0,3.0,177065.6384491521,2.0,142.0,3937.0,122.84,6551.0,4443.0,2308.0,0.0,0.0,0.0,480.0,0.99,100.61896398739913,4.2,3.9,3.9,13.0,84.0,False,1.4744541976142247
96084,34.0,1,4.0,39977.22220363755,2.0,145.0,2584.0,94.44,3609.0,2388.0,1486.0,0.0,0.0,0.0,240.0,0.86,90.85610304521204,4.1,3.1,4.1,11.0,83.0,False,1.5113065326633166
96085,25.0,0,3.0,62612.96552285223,2.0,146.0,3066.0,77.27,4164.0,2743.0,1979.0,720.0,0.0,1440.0,120.0,1.25,81.95248940813372,3.7,4.2,4.0,13.0,65.0,False,1.5180459351075464
96086,65.0,0,3.0,109028.61202501578,1.0,138.0,1099.0,21.72,2573.0,1498.0,474.0,720.0,1110.0,2550.0,240.0,1.32,59.85840562408167,3.7,2.5,4.4,15.0,148.0,True,1.7176234979973297
96087,68.0,0,2.0,16386.088680744913,2.0,148.0,1709.0,85.08000000000001,2047.0,3012.0,1152.0,300.0,30.0,630.0,480.0,0.95,87.18514882153298,4.1,3.4,4.7,16.0,109.0,False,0.6796148738379814
96088,20.0,0,4.0,37360.19907003847,2.0,147.0,2548.0,96.41,4023.0,2330.0,1571.0,720.0,300.0,1740.0,240.0,1.08,100.75130898709956,4.3,3.7,4.0,14.0,92.0,False,1.726609442060086
96089,76.0,0,3.0,39060.22209591269,2.0,139.0,1910.0,52.64,3141.0,2016.0,1677.0,0.0,150.0,150.0,480.0,1.61,44.04653277491021,3.9,2.8,4.0,28.0,114.0,True,1.5580357142857142
96090,63.0,0,3.0,44402.4426581699,2.0,143.0,2724.0,60.02,4149.0,2373.0,904.0,0.0,360.0,360.0,240.0,0.86,97.2943389688813,4.8,4.0,3.9,14.0,104.0,False,1.7484197218710493
96091,54.0,1,2.0,20845.206397658585,2.0,141.0,1224.0,22.779999999999998,1183.0,2531.0,575.0,0.0,60.0,60.0,180.0,0.59,107.0305457335928,3.5,3.4,3.8,10.0,86.0,False,0.4674041880679573
96092,22.0,0,2.0,61399.28475725879,2.0,138.0,11710.0,440.73,20799.0,11157.0,6983.0,720.0,480.0,1920.0,120.0,0.91,122.21021775657256,4.1,3.1,4.6,20.0,70.0,False,1.8642108093573542
96093,20.0,1,3.0,98309.95224395592,1.0,140.0,493.0,8.84,665.0,1247.0,224.0,570.0,660.0,1800.0,300.0,0.72,122.67818932797567,3.6,4.4,4.7,6.0,81.0,False,0.5332798716920609
96094,52.0,1,4.0,23629.066237128867,2.0,142.0,2433.0,73.4,4428.0,1356.0,1688.0,0.0,0.0,0.0,180.0,0.81,87.2875065311137,4.0,3.9,4.0,11.0,96.0,False,3.265486725663717
96096,52.0,0,3.0,23815.552907178764,1.0,145.0,3505.0,121.03,3703.0,2518.0,1931.0,900.0,1500.0,3300.0,240.0,0.91,101.40918448736092,3.9,3.0,3.8,10.0,93.0,False,1.470611596505163
96097,58.0,0,3.0,24993.092898927884,2.0,143.0,3028.0,73.35000000000001,3552.0,2983.0,1531.0,600.0,1080.0,2280.0,480.0,0.8,102.58360710459634,3.8,3.3,3.7,9.0,89.0,False,1.1907475695608447
96101,52.0,0,6.0,20858.75975264416,1.0,137.0,2239.0,70.21,2615.0,3291.0,1702.0,0.0,0.0,0.0,420.0,0.75,108.57971214959564,4.5,2.7,3.8,11.0,96.0,False,0.7945913096323306
96103,23.0,1,6.0,14165.974149756295,2.0,148.0,2241.0,64.19,3816.0,1763.0,1065.0,480.0,300.0,1260.0,300.0,0.66,126.32933833699164,4.4,4.6,3.9,10.0,84.0,False,2.1644923425978444
96108,47.0,1,1.0,48064.79741269061,1.0,135.0,871.0,32.76,2066.0,1803.0,648.0,0.0,420.0,420.0,180.0,0.62,110.46475422089334,3.6,3.7,4.0,14.0,90.0,False,1.1458679977814754
96111,31.0,1,4.0,33992.23112403858,2.0,134.0,2230.0,55.57000000000001,3568.0,1791.0,1196.0,540.0,1800.0,2880.0,300.0,0.73,112.68544846979894,4.0,4.3,4.0,19.0,88.0,False,1.9921831379117811
96112,73.0,0,3.0,10894.76858567122,1.0,145.0,3322.0,89.19,4069.0,3654.0,1672.0,0.0,0.0,0.0,360.0,0.75,95.28565563516416,4.0,2.8,3.9,12.0,152.0,False,1.1135741652983033
96116,54.0,1,3.0,109516.47499083208,1.0,141.0,2272.0,71.64000000000001,3153.0,1675.0,1305.0,1020.0,1890.0,3930.0,120.0,0.81,86.20849678187895,4.0,3.4,4.0,14.0,81.0,False,1.8823880597014926
96117,68.0,0,2.0,20420.02853020338,1.0,148.0,1298.0,66.93,2795.0,1312.0,1126.0,0.0,150.0,150.0,240.0,1.14,70.05272246172966,4.3,4.0,4.2,16.0,95.0,False,2.1303353658536586
96120,60.0,0,4.0,6593.012419659026,1.0,147.0,2131.0,93.37,3336.0,1508.0,1182.0,30.0,1080.0,1140.0,480.0,0.99,87.20806829915247,3.8,2.4,3.7,11.0,102.0,False,2.212201591511936
96121,65.0,1,3.0,137734.3869566012,2.0,136.0,1372.0,59.1,3331.0,3353.0,971.0,0.0,720.0,720.0,360.0,0.99,63.2788791566153,4.3,3.9,4.2,15.0,92.0,False,0.9934387116015508
96123,35.0,1,1.0,47385.04328797191,2.0,140.0,1188.0,58.81999999999999,1912.0,1972.0,857.0,135.0,360.0,630.0,360.0,0.83,94.22313030523804,3.9,3.9,3.5,17.0,82.0,False,0.9695740365111561
96124,52.0,1,6.0,30835.65345377231,2.0,138.0,1032.0,46.64,2720.0,2096.0,821.0,0.0,0.0,0.0,180.0,0.48,113.89533901064016,4.6,5.0,3.5,12.0,168.0,False,1.297709923664122
96125,28.0,1,3.0,125860.86862217072,1.0,146.0,1944.0,84.63000000000001,2158.0,2858.0,1163.0,120.0,40.0,280.0,600.0,0.71,118.69933172929618,3.7,4.2,4.3,12.0,85.0,False,0.7550734779566131
96130,61.0,0,6.0,12890.418175892462,1.0,137.0,1256.0,69.69,1172.0,2036.0,1346.0,0.0,0.0,0.0,180.0,0.79,101.07057527797411,3.5,2.7,4.3,19.0,89.0,False,0.5756385068762279
96133,32.0,0,4.0,29176.70196256876,1.0,144.0,1651.0,48.68,3153.0,1560.0,953.0,60.0,60.0,180.0,840.0,1.08,93.50581205728233,3.5,4.1,4.6,10.0,92.0,False,2.021153846153846
96134,65.0,1,6.0,16156.134079053869,1.0,141.0,1188.0,36.92,1712.0,2520.0,775.0,0.0,180.0,180.0,300.0,0.67,96.93664033160952,4.7,3.7,3.8,12.0,96.0,False,0.6793650793650794
96135,73.0,1,4.0,19912.28404148751,1.0,134.0,1222.0,42.32000000000001,1810.0,788.0,930.0,0.0,1500.0,1500.0,180.0,1.07,54.846941892475925,4.0,3.3,4.2,18.0,90.0,True,2.296954314720812
96137,48.0,1,3.0,27482.648315857037,1.0,140.0,1391.0,51.83,1774.0,2429.0,890.0,0.0,0.0,0.0,60.0,0.85,84.45695700861891,4.0,3.7,4.0,9.0,129.0,False,0.7303417044051049
96138,34.0,0,3.0,53061.51738697829,1.0,145.0,2395.0,102.16,5090.0,2195.0,1981.0,0.0,690.0,690.0,120.0,1.06,94.44480175128874,4.2,3.3,4.1,19.0,89.0,False,2.3189066059225514
96139,27.0,0,2.0,21888.70550318081,1.0,144.0,4007.0,91.04,3645.0,7060.0,2493.0,0.0,0.0,0.0,120.0,0.9,120.04971667732153,3.9,3.5,4.1,14.0,76.0,False,0.5162889518413598
96140,54.0,0,2.0,19758.56371711593,2.0,134.0,2068.0,62.74,4228.0,1738.0,1360.0,0.0,0.0,0.0,180.0,0.69,109.9721578941105,4.2,3.4,3.9,13.0,137.0,False,2.432681242807825
96141,60.0,0,2.0,15142.753448238287,1.0,134.0,2103.0,76.78000000000002,3615.0,2948.0,1224.0,300.0,300.0,900.0,60.0,0.98,88.27700889203955,3.9,3.7,4.0,21.0,94.0,False,1.2262550881953866
96143,55.0,0,6.0,11030.837971524224,2.0,138.0,3410.0,80.38999999999999,3755.0,3616.0,1909.0,0.0,0.0,0.0,480.0,1.13,76.75908799205897,4.6,3.7,3.9,11.0,99.0,False,1.0384402654867257
96144,64.0,1,4.0,16711.258301048427,1.0,147.0,1363.0,28.419999999999995,1446.0,774.0,548.0,30.0,480.0,540.0,240.0,0.73,91.7771541748838,3.5,3.6,4.0,9.0,95.0,False,1.8682170542635659
96145,78.0,1,3.0,100348.31898634371,2.0,136.0,2603.0,101.28,3397.0,3147.0,1689.0,0.0,0.0,0.0,600.0,1.29,42.481540831602246,4.3,2.9,4.0,22.0,95.0,True,1.0794407372100414
96147,31.0,0,3.0,126523.41872821432,2.0,142.0,2977.0,101.39,6164.0,2608.0,1890.0,1440.0,1860.0,4740.0,180.0,1.35,71.98592642856055,4.1,4.0,4.0,17.0,97.0,False,2.3634969325153374
96149,63.0,1,6.0,9746.420956373908,2.0,138.0,1462.0,34.010000000000005,1435.0,1762.0,591.0,0.0,140.0,140.0,480.0,0.46,107.46062667299115,4.1,4.3,4.4,10.0,225.0,False,0.8144154370034052
96150,23.0,0,3.0,83585.80246567454,1.0,146.0,1810.0,66.60000000000001,2204.0,1774.0,1166.0,0.0,720.0,720.0,720.0,0.76,129.5211532751837,3.7,3.1,4.1,8.0,98.0,False,1.2423900789177
96151,57.0,0,3.0,273249.9384361309,1.0,134.0,1738.0,49.34,3977.0,1930.0,1132.0,90.0,0.0,180.0,720.0,1.05,82.79321821454194,3.6,4.4,4.7,22.0,111.0,False,2.060621761658031
96156,46.0,0,6.0,13762.672003486545,1.0,148.0,3073.0,190.83,4793.0,5649.0,2561.0,300.0,0.0,600.0,240.0,1.12,82.04863859397764,4.5,3.9,4.2,22.0,93.0,False,0.8484687555319526
96159,61.0,1,4.0,14303.535679474837,1.0,147.0,113.0,2.89,381.0,140.0,43.0,0.0,240.0,240.0,300.0,0.76,89.09405611064034,4.2,3.6,3.8,12.0,90.0,False,2.7214285714285715
96160,58.0,1,1.0,23786.27326296791,2.0,148.0,1299.0,47.56,1653.0,2487.0,747.0,300.0,2520.0,3120.0,480.0,0.82,82.86124260706299,4.7,4.0,4.3,15.0,92.0,False,0.6646562123039808
96162,60.0,1,2.0,8751.871779299476,1.0,142.0,2077.0,52.98,2565.0,3722.0,951.0,0.0,0.0,0.0,420.0,0.85,78.38326299054908,4.3,3.6,4.4,13.0,89.0,False,0.6891456206340677
96163,35.0,1,6.0,11146.331808759212,2.0,141.0,1428.0,27.75,1305.0,2497.0,721.0,0.0,40.0,40.0,180.0,0.62,119.02435089142097,3.9,3.3,4.3,7.0,80.0,False,0.5226271525830998
96164,64.0,1,6.0,20752.556585827293,2.0,138.0,2026.0,76.92,2590.0,3361.0,1882.0,0.0,120.0,120.0,240.0,0.62,99.38174122636622,4.2,4.3,3.9,17.0,93.0,False,0.7706039869086582
96165,64.0,1,6.0,12306.957619842822,1.0,137.0,693.0,25.6,2629.0,1669.0,511.0,0.0,0.0,0.0,60.0,1.85,30.068789518646547,4.3,3.3,3.9,29.0,103.0,True,1.5751947273816658
96169,63.0,1,4.0,17344.996545426926,2.0,137.0,1463.0,58.83,2534.0,1591.0,887.0,0.0,0.0,0.0,360.0,1.07,58.36634440598823,4.6,3.2,4.1,17.0,141.0,True,1.5927089880578253
96170,72.0,1,1.0,11645.0598078243,1.0,140.0,1923.0,65.71,4065.0,2890.0,1358.0,0.0,540.0,540.0,210.0,0.68,92.47626696541816,4.1,3.3,3.7,13.0,155.0,False,1.4065743944636677
96171,80.0,1,3.0,39541.43539445901,2.0,146.0,636.0,22.78,1458.0,488.0,444.0,0.0,0.0,0.0,600.0,1.11,50.24794709318196,4.1,3.8,4.3,20.0,108.0,True,2.987704918032787
96172,80.0,1,3.0,63984.170306668304,1.0,134.0,2446.0,77.14999999999999,3108.0,4738.0,1539.0,0.0,420.0,420.0,360.0,0.68,87.9877534752295,3.9,3.3,4.1,14.0,93.0,False,0.6559729843815956
96175,39.0,0,4.0,28645.25872594751,1.0,138.0,2174.0,83.34,3396.0,2464.0,1091.0,600.0,240.0,1440.0,240.0,1.13,84.79025229167237,4.1,3.6,4.0,14.0,97.0,False,1.3782467532467533
96178,63.0,0,4.0,10856.560496404249,1.0,139.0,1803.0,39.36,2581.0,2635.0,1116.0,0.0,0.0,0.0,600.0,1.01,83.56611822170068,3.4,3.3,4.4,7.0,101.0,False,0.9795066413662239
96179,64.0,0,3.0,207852.9120815172,2.0,135.0,2202.0,83.57,2743.0,2495.0,1671.0,0.0,1140.0,1140.0,420.0,0.87,96.35411840075732,4.2,3.8,4.7,21.0,81.0,False,1.0993987975951904
96181,74.0,0,3.0,20332.778237336104,2.0,135.0,1670.0,56.190000000000005,2604.0,2219.0,1075.0,0.0,0.0,0.0,600.0,1.37,54.1302600392553,5.1,3.9,4.2,34.0,74.0,True,1.1735015772870663
96184,80.0,0,3.0,10060.189750266592,1.0,142.0,1889.0,103.66000000000004,4079.0,3229.0,1656.0,0.0,0.0,0.0,240.0,1.71,39.96717167729398,4.7,4.2,4.7,33.0,95.0,True,1.2632393930009291
96185,75.0,1,3.0,87990.8679147109,1.0,141.0,4089.0,94.83,4095.0,3160.0,1951.0,600.0,600.0,1800.0,180.0,1.06,54.78275857730272,4.0,4.1,3.8,18.0,107.0,True,1.2958860759493671
96186,45.0,0,4.0,34758.92211044669,2.0,143.0,2718.0,68.66,2908.0,2281.0,1170.0,240.0,60.0,540.0,720.0,1.16,79.15610703141397,5.0,3.2,3.9,11.0,91.0,False,1.2748794388426128
96188,55.0,1,4.0,13309.0376333469,1.0,147.0,3058.0,98.12,4004.0,2650.0,1596.0,80.0,120.0,280.0,420.0,0.63,104.69862897275344,3.7,3.5,3.9,11.0,85.0,False,1.5109433962264152
96189,50.0,0,7.0,183186.215254314,2.0,140.0,2732.0,190.02,6026.0,3875.0,2382.0,0.0,20.0,20.0,720.0,0.94,98.75874260563498,4.4,3.4,4.4,14.0,101.0,False,1.5550967741935484
96190,54.0,0,6.0,16518.882776465573,1.0,148.0,3017.0,125.28000000000002,7761.0,4412.0,2046.0,0.0,0.0,0.0,300.0,0.78,105.97479919775712,4.7,3.7,3.9,20.0,92.0,False,1.7590661831368994
96191,39.0,1,1.0,55698.23768137999,2.0,143.0,1812.0,70.50999999999999,3612.0,1630.0,1042.0,720.0,1800.0,3240.0,30.0,0.44,126.1031959583056,3.8,3.9,3.6,13.0,286.0,False,2.215950920245399
96195,80.0,0,3.0,23068.38712809218,2.0,137.0,2000.0,130.21,2697.0,2196.0,1393.0,0.0,0.0,0.0,600.0,0.92,84.09174325259,4.2,3.6,4.1,13.0,93.0,False,1.2281420765027322
96196,34.0,1,3.0,50265.528356952505,2.0,146.0,1110.0,83.54,1505.0,2596.0,1721.0,300.0,420.0,1020.0,120.0,0.92,83.79282914744438,4.0,3.2,3.8,11.0,88.0,False,0.5797380585516179
96198,29.0,1,4.0,21212.593757074927,2.0,148.0,3587.0,102.87,5609.0,3443.0,1699.0,0.0,0.0,0.0,60.0,0.76,108.712873217469,4.3,3.9,3.9,12.0,88.0,False,1.6291025268661052
96205,52.0,0,4.0,23999.86078673777,1.0,146.0,2151.0,71.44,3134.0,2471.0,1589.0,0.0,0.0,0.0,120.0,1.03,87.40218530148034,4.1,2.9,4.0,11.0,110.0,False,1.2683124241197896
96216,56.0,1,4.0,40381.44381734897,1.0,141.0,1140.0,21.86,3387.0,484.0,295.0,480.0,1680.0,2640.0,240.0,0.73,96.4589761141274,3.6,3.6,4.0,16.0,85.0,False,6.99793388429752
96217,71.0,0,3.0,74373.19576725671,1.0,145.0,2171.0,80.44000000000001,2905.0,2906.0,1606.0,225.0,60.0,510.0,360.0,1.14,68.75780360837054,4.1,3.4,3.7,18.0,92.0,False,0.9996558843771507
96219,41.0,1,4.0,17880.972180705645,1.0,145.0,2172.0,63.34,3524.0,1407.0,913.0,120.0,240.0,480.0,120.0,0.54,118.54664765451194,4.0,3.9,2.6,13.0,95.0,False,2.504619758351102
96221,66.0,0,3.0,151442.23570164086,2.0,136.0,1977.0,63.8,2464.0,2363.0,1233.0,0.0,0.0,0.0,540.0,0.81,97.23902723180356,3.8,4.0,4.3,24.0,97.0,False,1.0427422767668217
96222,40.0,1,3.0,48499.24546879202,1.0,146.0,1266.0,27.1,2708.0,777.0,841.0,0.0,0.0,0.0,360.0,0.74,104.82578844077084,4.1,4.0,4.2,11.0,85.0,False,3.485199485199485
96223,70.0,0,4.0,11860.415895371238,2.0,145.0,1817.0,45.55,1967.0,1653.0,902.0,0.0,960.0,960.0,180.0,1.35,56.481770546541775,4.8,3.3,3.7,10.0,78.0,True,1.189957652752571
96224,59.0,1,3.0,70180.00988203271,1.0,142.0,2412.0,83.64,2409.0,3950.0,2037.0,36.0,320.0,392.0,480.0,0.81,83.56896710495053,4.2,4.2,4.2,15.0,90.0,False,0.609873417721519
96226,31.0,0,4.0,24690.91709151026,2.0,146.0,4041.0,186.38,6576.0,3972.0,2641.0,3240.0,540.0,7020.0,180.0,1.0,103.19249675898192,4.8,3.1,4.1,10.0,102.0,False,1.6555891238670695
96229,24.0,1,3.0,85001.19634055655,2.0,142.0,3123.0,141.94,5154.0,2953.0,1993.0,0.0,840.0,840.0,480.0,0.63,126.96155412533744,4.4,3.2,3.7,11.0,73.0,False,1.7453437182526244
96230,60.0,0,3.0,84377.37244525742,1.0,140.0,4358.0,201.1,7596.0,3358.0,3173.0,0.0,75.0,75.0,660.0,1.08,78.56161336929316,4.3,3.9,4.1,19.0,94.0,False,2.2620607504466945
96233,18.0,0,4.0,30392.55987433628,1.0,143.0,1667.0,93.5,2364.0,3827.0,1334.0,900.0,1200.0,3000.0,600.0,1.08,102.01234065686988,4.5,4.9,4.4,19.0,77.0,False,0.6177162268095113
96234,40.0,0,7.0,17963.74963041013,2.0,143.0,2054.0,67.59,3683.0,1832.0,1049.0,3120.0,2880.0,9120.0,300.0,1.14,83.37833732889884,4.0,3.6,4.6,13.0,90.0,False,2.0103711790393013
96236,78.0,1,4.0,17639.81843635879,2.0,145.0,799.0,12.56,942.0,1433.0,360.0,0.0,30.0,30.0,360.0,0.83,72.11310607214882,4.1,3.9,4.3,13.0,191.0,False,0.6573621772505234
96237,58.0,1,3.0,42480.59150607724,1.0,140.0,864.0,29.950000000000003,1987.0,1757.0,549.0,0.0,0.0,0.0,420.0,0.6,103.97875018269288,3.3,3.3,4.7,14.0,110.0,False,1.130904951622083
96238,18.0,0,3.0,25952.127043844084,1.0,142.0,1917.0,48.26,3242.0,1198.0,989.0,0.0,0.0,0.0,180.0,1.0,111.8822570705995,4.0,4.0,4.5,8.0,86.0,False,2.706176961602671
96239,69.0,1,3.0,102225.120135552,1.0,142.0,879.0,46.53,1490.0,998.0,790.0,0.0,300.0,300.0,120.0,0.79,80.92160194908418,3.7,3.2,4.2,15.0,87.0,False,1.4929859719438878
96240,42.0,1,6.0,17875.812043472168,1.0,143.0,1814.0,109.8,3502.0,2591.0,1614.0,135.0,0.0,270.0,600.0,0.74,103.52997816741296,3.9,3.6,4.4,17.0,82.0,False,1.3516016981860286
96241,18.0,1,6.0,13545.665971634478,2.0,138.0,1921.0,67.22,3449.0,2012.0,1286.0,0.0,600.0,600.0,360.0,0.56,135.58324794998907,4.1,4.2,4.3,8.0,70.0,False,1.7142147117296223
96243,29.0,1,3.0,48078.053831582125,1.0,145.0,1589.0,39.21,1328.0,1783.0,678.0,90.0,720.0,900.0,180.0,0.58,125.551561355982,3.7,4.1,2.8,5.0,67.0,False,0.7448121144139092
96244,38.0,1,1.0,20171.85654611681,2.0,137.0,1589.0,49.330000000000005,2269.0,1699.0,903.0,150.0,150.0,450.0,10.0,0.69,113.8509254623932,3.8,2.7,4.2,16.0,87.0,False,1.3354914655679813
96245,60.0,1,1.0,10932.984206993153,2.0,136.0,3116.0,192.33,7256.0,4686.0,3228.0,0.0,120.0,120.0,180.0,0.51,106.79541719848224,3.4,3.4,4.3,17.0,150.0,False,1.548442168160478
96250,42.0,0,3.0,220018.334538068,2.0,141.0,2829.0,128.18,3939.0,2693.0,2080.0,0.0,0.0,0.0,180.0,0.93,105.1374643311218,4.1,3.3,4.0,16.0,93.0,False,1.4626810248793167
96252,79.0,1,1.0,29030.503633890843,2.0,136.0,1762.0,77.91999999999999,1908.0,2745.0,1368.0,0.0,440.0,440.0,300.0,0.82,72.71605046880573,3.8,3.5,3.8,31.0,94.0,False,0.6950819672131148
96253,47.0,1,3.0,154549.2755102686,2.0,136.0,1223.0,48.52,2049.0,2132.0,989.0,0.0,225.0,225.0,480.0,0.64,109.62276551056073,4.2,2.9,3.8,9.0,85.0,False,0.9610694183864915
96257,32.0,1,1.0,15690.238529674032,1.0,147.0,2612.0,93.42,2384.0,3755.0,2429.0,0.0,0.0,0.0,300.0,0.51,127.11032501584916,4.1,3.8,4.2,8.0,118.0,False,0.6348868175765646
96264,45.0,1,4.0,38746.66722084108,2.0,137.0,2198.0,77.76,4073.0,3509.0,1728.0,0.0,990.0,990.0,360.0,0.8,92.54078494722717,4.2,3.7,3.0,13.0,89.0,False,1.1607295525790824
96265,66.0,0,4.0,7365.40892380169,1.0,147.0,3185.0,82.21000000000001,3919.0,2889.0,1874.0,1260.0,540.0,3060.0,480.0,0.95,88.2763826218965,3.7,4.4,3.7,10.0,91.0,False,1.3565247490481136
96268,80.0,0,7.0,11665.509074416614,1.0,140.0,1777.0,42.5,1898.0,2058.0,1084.0,0.0,0.0,0.0,840.0,0.99,77.00811891291687,4.6,3.5,4.3,22.0,85.0,False,0.9222546161321672
96269,33.0,1,1.0,16154.68055042188,2.0,148.0,4704.0,234.97,9910.0,4975.0,3472.0,0.0,0.0,0.0,240.0,0.54,124.5940600067743,3.9,3.0,3.5,10.0,94.0,False,1.9919597989949749
96270,25.0,0,2.0,59193.04368745978,1.0,138.0,2323.0,88.14,3485.0,3320.0,1855.0,480.0,0.0,960.0,240.0,1.0,107.11595544807749,4.2,3.8,4.6,12.0,85.0,False,1.0496987951807228
96271,70.0,0,6.0,12466.690704388318,2.0,148.0,1728.0,78.59,4257.0,3365.0,1463.0,300.0,150.0,750.0,120.0,1.11,71.43667789437737,4.5,3.5,4.1,20.0,82.0,False,1.2650817236255572
96272,29.0,0,6.0,13605.988905540646,1.0,138.0,3087.0,119.45,5738.0,2498.0,1826.0,360.0,360.0,1080.0,180.0,1.06,97.42784516668809,3.9,3.0,4.5,16.0,99.0,False,2.297037630104083
96275,31.0,1,3.0,159083.83672341143,1.0,141.0,1489.0,73.06,2517.0,2262.0,956.0,90.0,340.0,520.0,780.0,0.7,118.5052583953676,3.7,4.3,3.9,8.0,88.0,False,1.1127320954907163
96276,49.0,0,4.0,29891.706187969718,1.0,139.0,2580.0,129.01,6078.0,2098.0,1857.0,0.0,480.0,480.0,720.0,0.73,111.53128515932067,3.6,3.7,3.9,14.0,199.0,False,2.8970448045757866
96279,54.0,1,3.0,33538.26144743713,2.0,143.0,1873.0,66.78999999999999,3093.0,2320.0,1039.0,0.0,0.0,0.0,720.0,0.36,120.56303493881384,4.4,3.9,3.7,11.0,247.0,False,1.3331896551724138
96280,19.0,1,1.0,16747.2321927531,2.0,141.0,1556.0,46.56,1734.0,1638.0,900.0,0.0,0.0,0.0,420.0,0.7,127.68789065083456,3.9,2.9,4.2,12.0,100.0,False,1.0586080586080586
96282,49.0,0,3.0,158660.39973152865,1.0,146.0,1428.0,89.2,2640.0,1362.0,1284.0,0.0,0.0,0.0,300.0,0.82,107.68331751995156,3.9,3.5,4.4,11.0,91.0,False,1.9383259911894273
96283,46.0,0,3.0,69169.08985932021,1.0,147.0,3683.0,163.25,4750.0,4791.0,2128.0,300.0,960.0,1560.0,480.0,1.17,77.85920634730596,3.9,3.4,4.4,17.0,94.0,False,0.9914422876226258
96284,71.0,0,3.0,133368.52534024208,2.0,147.0,1397.0,41.61,3119.0,1174.0,558.0,0.0,1660.0,1660.0,360.0,1.24,62.15868162673991,4.4,3.7,3.8,13.0,106.0,False,2.6567291311754686
96287,74.0,1,2.0,33054.974402109016,1.0,136.0,1360.0,64.97,2195.0,2360.0,1127.0,0.0,120.0,120.0,480.0,0.8,77.26876285088844,4.1,2.7,3.8,23.0,138.0,False,0.9300847457627118
96288,19.0,0,3.0,61809.69660187882,1.0,146.0,2616.0,161.45,4613.0,3563.0,2842.0,360.0,0.0,720.0,360.0,0.85,128.3707038571647,3.8,4.4,4.3,15.0,89.0,False,1.2946954813359528
96290,73.0,1,4.0,18935.398321515084,2.0,145.0,1771.0,49.86000000000001,3126.0,1074.0,672.0,0.0,0.0,0.0,300.0,0.92,65.7457309248964,3.9,3.5,3.8,9.0,81.0,False,2.910614525139665
96291,53.0,1,4.0,20285.90328316196,1.0,147.0,1515.0,49.37,2945.0,2061.0,1059.0,0.0,450.0,450.0,300.0,0.69,103.71019512570068,3.8,3.3,3.8,11.0,93.0,False,1.4289180009704028
96293,64.0,0,6.0,8588.976499845048,1.0,148.0,1827.0,90.11999999999998,5338.0,3040.0,1129.0,0.0,240.0,240.0,360.0,0.92,92.89010998634176,3.9,2.5,4.3,16.0,92.0,False,1.755921052631579
96295,31.0,0,3.0,39771.87492236996,1.0,142.0,3970.0,139.83,7184.0,4411.0,2856.0,600.0,1860.0,3060.0,180.0,0.83,119.9987613031485,4.4,3.0,4.1,17.0,96.0,False,1.6286556336431648
96296,72.0,1,3.0,60603.76634717408,2.0,146.0,1842.0,62.06,1493.0,2152.0,1230.0,0.0,0.0,0.0,180.0,0.89,68.84080662378484,4.4,3.3,3.9,21.0,91.0,False,0.6937732342007435
96297,32.0,1,3.0,73535.42544603196,1.0,142.0,1597.0,49.14999999999999,1680.0,1912.0,1005.0,210.0,2460.0,2880.0,180.0,0.87,90.7258736311395,3.8,3.7,3.8,13.0,80.0,False,0.8786610878661087
96299,29.0,0,3.0,68039.3241261455,1.0,145.0,4907.0,178.14,6744.0,5712.0,3107.0,4860.0,4860.0,14580.0,30.0,0.93,113.99100885715993,4.2,4.2,4.2,20.0,103.0,False,1.180672268907563
96301,54.0,0,4.0,30074.429382081024,1.0,143.0,1871.0,97.57,1432.0,1992.0,1196.0,0.0,0.0,0.0,720.0,1.32,64.09678232587547,4.3,3.7,3.8,20.0,138.0,False,0.7188755020080321
96302,72.0,0,3.0,39213.45436737946,1.0,145.0,2935.0,108.82,3463.0,2377.0,1267.0,0.0,90.0,90.0,480.0,1.08,72.91188103140776,3.6,2.2,4.4,20.0,93.0,False,1.4568784181741692
96304,60.0,1,4.0,13134.044444794075,2.0,143.0,1642.0,58.24999999999999,3246.0,1994.0,1215.0,0.0,0.0,0.0,720.0,0.64,101.10849719022887,3.2,3.9,3.9,13.0,71.0,False,1.6278836509528585
96306,80.0,1,4.0,23562.409422185327,1.0,144.0,1541.0,82.43,2547.0,1933.0,819.0,0.0,0.0,0.0,480.0,0.99,57.642613602082335,4.8,3.5,4.1,13.0,87.0,True,1.3176409725814795
96308,53.0,0,1.0,13232.561651618233,2.0,135.0,2595.0,73.49000000000001,2146.0,5725.0,2235.0,0.0,0.0,0.0,60.0,1.1,80.27027137451356,5.0,3.2,4.2,17.0,114.0,False,0.3748471615720524
96309,76.0,1,6.0,10440.760463461216,2.0,148.0,837.0,31.15,1420.0,1825.0,488.0,0.0,0.0,0.0,600.0,0.74,83.79765478381384,4.5,3.8,4.1,13.0,117.0,False,0.7780821917808219
96310,54.0,0,6.0,5454.008528118531,1.0,147.0,2316.0,105.86,4386.0,3389.0,1423.0,0.0,1980.0,1980.0,240.0,0.88,102.18364852612676,3.9,3.7,3.9,10.0,91.0,False,1.2941870758335792
96311,19.0,1,4.0,11281.141059346768,1.0,147.0,375.0,4.07,318.0,181.0,194.0,720.0,0.0,1440.0,514.0,0.65,129.9888858437465,3.8,3.9,4.1,8.0,87.0,False,1.7569060773480663
96312,31.0,1,3.0,68810.55111640901,1.0,142.0,2341.0,52.17,3199.0,1622.0,1007.0,30.0,75.0,135.0,300.0,0.75,109.0891991559158,3.9,3.3,4.2,12.0,98.0,False,1.9722564734895192
96313,29.0,1,6.0,35138.614834295135,2.0,138.0,2257.0,50.6,2459.0,2968.0,1183.0,0.0,0.0,0.0,300.0,0.57,126.07890380714096,3.7,3.6,3.0,13.0,88.0,False,0.8285040431266847
96317,68.0,0,4.0,8852.889238298656,1.0,147.0,3534.0,131.26,7022.0,4301.0,2303.0,510.0,270.0,1290.0,300.0,0.99,82.97525696432191,4.1,2.4,3.8,10.0,101.0,False,1.6326435712624972
96319,70.0,1,3.0,123868.246903015,2.0,137.0,1710.0,82.62,3587.0,2539.0,1396.0,0.0,0.0,0.0,600.0,0.63,95.37309596788722,4.4,4.2,4.2,26.0,102.0,False,1.4127609294998031
96320,46.0,0,3.0,24240.19221843611,1.0,145.0,1013.0,3.24,639.0,580.0,1038.0,1200.0,1200.0,3600.0,180.0,0.98,96.30785621911429,3.6,4.2,4.5,13.0,88.0,False,1.1017241379310345
96322,34.0,1,6.0,16742.453382062064,1.0,137.0,2396.0,142.40000000000003,13753.0,3042.0,1264.0,0.0,140.0,140.0,20.0,0.45,129.3835343834197,3.4,3.4,3.9,12.0,83.0,False,4.52103879026956
96323,63.0,0,4.0,8784.260994012366,1.0,134.0,3008.0,132.0,3022.0,5498.0,2679.0,0.0,0.0,0.0,540.0,0.94,91.08826987484112,4.3,3.0,4.2,13.0,135.0,False,0.5496544197890142
96325,26.0,1,7.0,10488.264749653885,2.0,135.0,949.0,53.7,1705.0,2035.0,807.0,135.0,330.0,600.0,240.0,0.56,129.00245422380314,4.0,3.3,4.1,11.0,83.0,False,0.8378378378378378
96329,42.0,1,1.0,30344.86916895525,2.0,136.0,1690.0,93.42,4228.0,3100.0,1306.0,0.0,0.0,0.0,15.0,0.6,114.85785841899782,3.9,3.4,4.3,14.0,91.0,False,1.3638709677419354
96330,64.0,0,7.0,37454.6047889505,2.0,146.0,1281.0,52.32,2770.0,1483.0,967.0,0.0,0.0,0.0,240.0,2.29,31.096555879921937,4.1,4.8,4.4,24.0,105.0,True,1.8678354686446392
96332,49.0,0,3.0,49540.912103112336,2.0,135.0,2451.0,91.75,4493.0,2126.0,1508.0,120.0,1080.0,1320.0,180.0,1.11,81.40337463168375,4.0,2.8,4.1,11.0,101.0,False,2.1133584195672626
96333,60.0,1,2.0,8922.283432823442,2.0,141.0,1017.0,63.720000000000006,1176.0,2295.0,922.0,0.0,840.0,840.0,60.0,0.57,103.9707528939343,4.4,3.7,3.8,10.0,127.0,False,0.5124183006535947
96335,80.0,0,3.0,23778.11299107264,2.0,146.0,2776.0,117.1,5169.0,3536.0,1929.0,0.0,360.0,360.0,480.0,1.23,59.34889190914557,4.1,4.3,4.1,29.0,118.0,True,1.4618212669683257
96336,74.0,0,4.0,12297.157620372973,2.0,136.0,1225.0,57.64999999999999,1838.0,1523.0,705.0,0.0,30.0,30.0,120.0,2.68,24.1959702125656,4.9,4.2,3.3,45.0,252.0,True,1.20682862770847
96337,20.0,0,1.0,20403.36058800205,2.0,140.0,1687.0,67.9,3055.0,1467.0,1105.0,2040.0,900.0,4980.0,240.0,0.85,127.57480549325028,4.1,4.3,4.4,18.0,72.0,False,2.0824812542603954
96338,19.0,1,3.0,13212.34602923338,2.0,135.0,1950.0,56.01,3990.0,2519.0,993.0,0.0,840.0,840.0,600.0,0.49,139.14931893469813,4.5,3.9,3.2,10.0,63.0,False,1.5839618896387455
96339,71.0,1,4.0,15649.759858771728,2.0,137.0,1369.0,41.37,2084.0,1534.0,709.0,0.0,600.0,600.0,420.0,0.89,69.27028237450679,4.4,3.6,3.4,15.0,93.0,False,1.3585397653194264
96340,49.0,0,3.0,73026.17088210769,1.0,142.0,1776.0,90.02000000000001,3266.0,2462.0,1401.0,0.0,120.0,120.0,840.0,1.09,83.19901530167188,4.3,3.8,4.2,27.0,274.0,False,1.3265637692932575
96344,42.0,1,1.0,21962.47394374276,2.0,135.0,2034.0,51.2,1755.0,1689.0,1171.0,0.0,0.0,0.0,720.0,0.99,73.00993345227363,3.8,2.4,3.7,9.0,89.0,False,1.0390763765541742
96346,29.0,0,4.0,30906.721826143526,1.0,144.0,1296.0,58.010000000000005,2198.0,1196.0,977.0,1500.0,900.0,3900.0,480.0,1.04,99.68048179300112,3.9,3.0,4.4,16.0,87.0,False,1.8377926421404682
96348,54.0,0,7.0,21123.50691161167,2.0,139.0,1872.0,159.26000000000002,2659.0,3329.0,1549.0,0.0,0.0,0.0,180.0,1.34,62.95050055613044,3.8,4.1,4.3,28.0,79.0,False,0.7987383598678282
96349,76.0,0,3.0,53366.565863164346,2.0,141.0,2068.0,92.3,4794.0,3250.0,1541.0,0.0,2415.0,2415.0,600.0,1.04,74.41539162850705,5.1,3.8,3.8,27.0,152.0,False,1.4750769230769232
96350,19.0,0,1.0,18248.67867096549,2.0,136.0,2483.0,64.41,2679.0,2247.0,1809.0,1320.0,600.0,3240.0,180.0,0.84,128.83032240037284,4.1,4.3,5.0,14.0,94.0,False,1.1922563417890522
96351,60.0,0,3.0,21526.73219450155,1.0,135.0,1394.0,46.89,1807.0,1379.0,690.0,2100.0,2700.0,6900.0,150.0,1.11,76.02060573180033,4.1,3.2,4.7,18.0,86.0,False,1.310369833212473
96352,67.0,0,4.0,11172.13824514307,2.0,142.0,2300.0,104.76999999999998,3036.0,2949.0,1230.0,0.0,0.0,0.0,120.0,0.77,98.12549818249684,4.0,3.4,4.0,9.0,89.0,False,1.029501525940997
96355,20.0,1,1.0,42053.43235756752,1.0,148.0,3078.0,172.68,8029.0,3100.0,2296.0,0.0,0.0,0.0,360.0,0.52,136.32029803169303,3.6,3.9,4.3,17.0,79.0,False,2.59
96357,69.0,0,4.0,6162.882054289526,1.0,144.0,1509.0,51.01000000000001,2429.0,1315.0,735.0,0.0,0.0,0.0,360.0,1.27,61.15688642525578,3.7,3.6,3.9,18.0,89.0,False,1.8471482889733841
96358,48.0,1,3.0,20553.05927004868,1.0,142.0,3049.0,94.38,3479.0,3646.0,2937.0,0.0,0.0,0.0,360.0,0.83,86.90493312544602,4.0,4.3,4.2,13.0,84.0,False,0.9541963795940757
96360,72.0,1,3.0,79726.41310467283,2.0,141.0,1052.0,51.36,1706.0,1930.0,1239.0,0.0,600.0,600.0,480.0,0.81,77.0782659638998,4.2,3.8,4.1,18.0,93.0,False,0.883937823834197
96362,61.0,1,3.0,118993.99886326728,1.0,135.0,1666.0,70.98,3270.0,4075.0,1299.0,0.0,90.0,90.0,480.0,0.73,93.50559750803058,4.1,4.0,4.1,20.0,92.0,False,0.8024539877300614
96365,39.0,1,3.0,83016.03166314613,2.0,137.0,1326.0,65.57,2207.0,3049.0,1241.0,60.0,660.0,780.0,360.0,0.81,94.6379199213984,4.1,3.0,3.7,14.0,78.0,False,0.7238438832404067
96366,61.0,1,2.0,13363.633723250716,1.0,136.0,1099.0,25.95,1770.0,653.0,580.0,0.0,360.0,360.0,360.0,0.84,79.01142574280038,4.0,3.5,4.0,16.0,154.0,False,2.7105666156202144
96367,58.0,0,4.0,18184.812051941262,1.0,145.0,2981.0,109.14,3438.0,2104.0,977.0,0.0,0.0,0.0,360.0,0.98,89.38190871959128,4.6,3.2,3.9,19.0,83.0,False,1.6340304182509506
96368,31.0,1,7.0,15607.224810216348,1.0,139.0,788.0,62.0,1544.0,878.0,882.0,300.0,180.0,780.0,480.0,0.6,122.99056536408828,3.9,3.4,3.8,11.0,88.0,False,1.7585421412300684
96370,77.0,1,3.0,161797.16313130764,1.0,138.0,1852.0,67.34,3645.0,2137.0,1503.0,60.0,1060.0,1180.0,240.0,0.69,89.32998667260341,4.0,4.3,4.0,15.0,97.0,False,1.7056621431913899
96372,50.0,0,6.0,18596.08743194051,1.0,148.0,2421.0,175.24999999999997,8202.0,3904.0,1888.0,900.0,2040.0,3840.0,480.0,0.94,98.75874260563498,4.3,3.0,4.2,21.0,174.0,False,2.100922131147541
96373,53.0,0,4.0,26345.177520106896,2.0,145.0,1543.0,45.35,3981.0,1130.0,756.0,540.0,660.0,1740.0,120.0,1.13,77.7198262879065,4.6,3.6,3.2,8.0,94.0,False,3.523008849557522
96375,80.0,0,3.0,21581.137793410708,2.0,134.0,2476.0,62.78,2665.0,3069.0,1578.0,0.0,0.0,0.0,480.0,1.32,54.52680250049816,4.3,3.6,3.6,38.0,142.0,True,0.8683610296513522
96377,52.0,1,6.0,10611.906614288184,2.0,135.0,669.0,28.97,1658.0,999.0,367.0,150.0,150.0,450.0,480.0,0.62,107.08254703824886,3.8,4.0,4.1,11.0,75.0,False,1.6596596596596596
96379,21.0,1,1.0,50551.0827963979,1.0,148.0,1951.0,107.84,2859.0,2104.0,1232.0,0.0,180.0,180.0,600.0,0.63,129.3526268685142,4.1,2.3,4.1,13.0,77.0,False,1.3588403041825095
96380,43.0,0,4.0,46326.68174912554,2.0,142.0,2086.0,64.61,4140.0,1373.0,1188.0,960.0,960.0,2880.0,360.0,1.1,85.42103065275387,3.9,3.9,4.1,14.0,82.0,False,3.0152949745083757
96382,29.0,0,4.0,21312.738979710582,2.0,144.0,2068.0,50.81,4952.0,923.0,645.0,1440.0,2340.0,5220.0,180.0,0.91,117.00393416493604,4.4,2.9,4.4,12.0,89.0,False,5.365113759479956
96385,59.0,1,4.0,16909.562175547784,2.0,148.0,697.0,29.04,1157.0,2031.0,541.0,0.0,60.0,60.0,180.0,0.57,104.61939313134867,4.2,3.3,4.0,11.0,99.0,False,0.5696701132447071
96389,77.0,1,3.0,35943.19280095532,1.0,138.0,1946.0,52.1,2232.0,2979.0,1410.0,0.0,100.0,100.0,60.0,0.63,91.31010194221396,4.0,3.8,4.1,14.0,100.0,False,0.7492447129909365
96390,46.0,0,1.0,60625.96590839376,2.0,135.0,3865.0,237.03,6650.0,5092.0,3560.0,630.0,540.0,1800.0,360.0,1.06,87.6528351951641,4.5,3.5,4.4,22.0,83.0,False,1.3059701492537314
96392,28.0,1,1.0,33325.95242562866,2.0,148.0,2246.0,62.8,3430.0,1353.0,1012.0,0.0,0.0,0.0,480.0,0.64,123.37293548068064,4.3,3.8,3.9,13.0,84.0,False,2.5351071692535108
96393,71.0,0,3.0,54765.71576134309,1.0,140.0,3005.0,110.08,6356.0,5198.0,1918.0,0.0,1620.0,1620.0,360.0,1.16,67.33769244244587,3.8,3.8,4.1,20.0,87.0,False,1.222777991535206
96396,38.0,0,1.0,51369.433073018525,2.0,135.0,2789.0,167.24999999999997,5724.0,3402.0,2258.0,3000.0,1680.0,7680.0,120.0,0.87,113.2651956490306,4.4,3.3,4.5,16.0,96.0,False,1.6825396825396826
96398,32.0,0,4.0,21198.2698598235,1.0,147.0,5106.0,145.65,6754.0,4131.0,2239.0,360.0,2460.0,3180.0,180.0,1.0,102.55270327907624,4.4,3.2,4.0,9.0,91.0,False,1.6349552166545631
96399,42.0,0,7.0,114836.16544908212,1.0,143.0,4583.0,150.52,4669.0,4747.0,3070.0,40.0,0.0,80.0,300.0,0.93,105.1374643311218,3.8,3.7,4.0,15.0,89.0,False,0.9835685696229197
96400,32.0,0,3.0,79430.7796301913,2.0,147.0,3896.0,75.87,5012.0,1750.0,1034.0,0.0,90.0,90.0,780.0,1.11,90.4814472002287,3.7,3.6,4.1,12.0,85.0,False,2.864
96402,18.0,0,4.0,13919.927783144316,1.0,146.0,1025.0,36.35,1546.0,1002.0,800.0,360.0,1200.0,1920.0,480.0,1.08,102.01234065686988,3.9,4.3,4.4,9.0,93.0,False,1.5429141716566865
96403,23.0,0,1.0,33895.25219506689,2.0,136.0,1593.0,49.21,1935.0,3009.0,1273.0,1500.0,0.0,3000.0,120.0,0.71,132.21063354290465,4.0,2.2,4.8,10.0,99.0,False,0.6430707876370887
96404,74.0,1,3.0,84870.60102296135,1.0,140.0,1364.0,70.92999999999999,3137.0,2418.0,1164.0,0.0,1050.0,1050.0,300.0,0.73,86.2431302374012,4.2,3.6,4.5,19.0,80.0,False,1.2973531844499586
96408,44.0,1,4.0,24282.295518388448,2.0,140.0,1734.0,49.67,1310.0,1982.0,650.0,240.0,1200.0,1680.0,240.0,0.72,105.66792401079428,4.7,2.4,3.4,13.0,79.0,False,0.6609485368314834
96411,60.0,1,4.0,14907.001634249556,1.0,143.0,1959.0,76.23000000000002,2634.0,2621.0,1342.0,0.0,0.0,0.0,720.0,0.88,75.18770744124603,4.2,3.4,4.3,10.0,95.0,False,1.0049599389545976
96413,71.0,0,4.0,15021.311392616462,1.0,136.0,2760.0,118.40000000000002,4678.0,3778.0,1629.0,0.0,0.0,0.0,480.0,0.82,93.91311802928554,4.3,2.6,3.9,12.0,95.0,False,1.2382212811011117
96415,36.0,0,2.0,67214.1544861821,2.0,143.0,1765.0,45.53999999999999,2844.0,3782.0,1086.0,420.0,360.0,1200.0,180.0,0.83,116.32464212141966,4.1,3.5,4.6,9.0,73.0,False,0.7519830777366473
96416,42.0,1,3.0,32951.56497187335,2.0,143.0,1508.0,46.82000000000001,2105.0,1568.0,931.0,0.0,0.0,0.0,60.0,0.77,98.7086735525242,4.0,3.7,3.9,10.0,88.0,False,1.3424744897959184
96417,33.0,1,6.0,26665.39816054612,2.0,138.0,999.0,43.53,1986.0,1330.0,726.0,0.0,255.0,255.0,180.0,0.53,125.15659794391748,3.9,3.4,3.7,13.0,91.0,False,1.493233082706767
96420,60.0,0,6.0,8221.674492166367,2.0,141.0,2276.0,80.32999999999998,3810.0,3124.0,1335.0,180.0,0.0,360.0,720.0,0.84,99.83361157600136,4.4,2.6,3.9,11.0,103.0,False,1.2195902688860436
96422,66.0,1,1.0,6271.921274316807,1.0,135.0,2488.0,85.11000000000001,4543.0,3340.0,1791.0,0.0,360.0,360.0,60.0,0.87,73.43395191495505,4.0,3.8,4.1,16.0,118.0,False,1.360179640718563
96426,80.0,0,4.0,10303.31536858201,1.0,139.0,2410.0,109.94,3608.0,2554.0,1621.0,0.0,615.0,615.0,360.0,1.34,53.55166650457506,4.2,3.9,3.7,23.0,104.0,True,1.412685982772122
96428,37.0,1,7.0,253619.35600208963,2.0,135.0,2123.0,52.38,2369.0,2392.0,926.0,0.0,0.0,0.0,360.0,0.66,115.79508216160193,4.5,3.9,3.9,9.0,91.0,False,0.9903846153846154
96431,47.0,0,1.0,33544.39344722404,2.0,136.0,2884.0,115.28,6981.0,2764.0,1972.0,50.0,600.0,700.0,360.0,0.89,106.36688562392148,3.9,2.8,3.9,14.0,137.0,False,2.5256874095513746
96432,47.0,1,7.0,105032.38481301152,1.0,141.0,2307.0,127.57,3257.0,3058.0,1542.0,0.0,180.0,180.0,180.0,0.93,76.28859381932519,3.6,3.6,4.2,8.0,103.0,False,1.065075212557227
96433,35.0,1,3.0,114297.10019687524,1.0,145.0,1898.0,99.98000000000002,3971.0,1598.0,1782.0,0.0,840.0,840.0,180.0,0.63,118.5662669751566,3.8,3.2,3.7,13.0,91.0,False,2.4849812265331663
96436,74.0,0,3.0,8697.5640181622,1.0,140.0,543.0,20.7,1199.0,819.0,376.0,0.0,630.0,630.0,180.0,0.94,85.0650907567159,4.0,3.2,4.2,18.0,150.0,False,1.4639804639804639
96441,61.0,1,4.0,14155.114085269544,1.0,143.0,1779.0,46.35999999999999,1817.0,2238.0,909.0,60.0,60.0,180.0,600.0,0.77,87.70738681500607,3.9,4.0,4.2,13.0,69.0,False,0.8118856121537087
96443,24.0,1,3.0,156022.48495284753,1.0,139.0,1469.0,49.71,2127.0,1843.0,1226.0,360.0,60.0,780.0,240.0,0.67,125.0919247454359,4.0,4.0,4.7,7.0,85.0,False,1.1540965816603364
96445,66.0,0,1.0,13802.32637547847,1.0,148.0,4443.0,184.26999999999995,7324.0,6614.0,2674.0,0.0,0.0,0.0,420.0,0.94,89.40451064556588,3.6,3.0,4.1,9.0,100.0,False,1.1073480495917751
96446,62.0,1,3.0,9903.651534820165,2.0,136.0,1407.0,50.55,2538.0,2359.0,1006.0,210.0,390.0,810.0,900.0,0.61,101.02073492639704,4.8,3.1,3.8,7.0,90.0,False,1.0758796100042392
96448,50.0,1,1.0,19961.776665262736,1.0,148.0,2029.0,98.15,5071.0,4183.0,1674.0,120.0,1050.0,1290.0,75.0,0.76,95.40251300571887,3.8,4.6,4.1,15.0,95.0,False,1.212287831699737
96449,61.0,1,2.0,10206.899214065132,1.0,148.0,1568.0,69.13,2440.0,2326.0,1050.0,0.0,0.0,0.0,120.0,2.19,25.02027645897333,4.7,4.0,2.8,44.0,92.0,True,1.049011177987962
96450,53.0,1,3.0,36824.85389019663,2.0,147.0,2618.0,122.42000000000004,3961.0,2081.0,1818.0,0.0,0.0,0.0,600.0,0.65,105.21362000147175,3.7,4.0,4.0,22.0,142.0,False,1.9034118212397886
96452,38.0,0,1.0,23730.518641757342,2.0,140.0,2731.0,111.64999999999998,3630.0,3818.0,1786.0,280.0,1240.0,1800.0,40.0,0.73,119.4284484000036,4.5,3.4,4.4,13.0,97.0,False,0.9507595599790466
96453,24.0,1,2.0,20069.251044339584,1.0,139.0,1317.0,39.29,1564.0,1957.0,570.0,2100.0,1680.0,5880.0,120.0,0.72,119.66394796091193,3.8,3.8,4.0,10.0,67.0,False,0.799182422074604
96455,34.0,0,3.0,139753.0221531281,1.0,144.0,4996.0,209.49,8280.0,4093.0,3500.0,180.0,450.0,810.0,480.0,0.87,116.11825744409524,4.2,4.7,4.2,10.0,87.0,False,2.0229660395797704
96456,69.0,1,3.0,221212.8654130133,1.0,141.0,1757.0,57.03,2529.0,2234.0,1267.0,1440.0,180.0,3060.0,240.0,1.15,51.56791504986148,4.4,3.9,4.0,24.0,94.0,True,1.132050134288272
96457,58.0,0,1.0,29920.76968603074,2.0,141.0,2343.0,61.27,2746.0,2834.0,1243.0,0.0,300.0,300.0,180.0,0.87,100.01757664571628,4.1,3.8,4.1,17.0,91.0,False,0.9689484827099506
96462,65.0,0,4.0,15115.119665222905,1.0,146.0,2004.0,90.38,3873.0,1722.0,1127.0,0.0,0.0,0.0,540.0,0.87,95.75672286667262,4.1,3.5,3.9,10.0,77.0,False,2.249128919860627
96463,26.0,0,1.0,24347.37842796959,2.0,137.0,7658.0,173.21999999999997,11812.0,14275.0,3424.0,0.0,120.0,120.0,180.0,0.99,107.74346167952024,4.6,2.7,4.1,10.0,98.0,False,0.8274605954465849
96466,31.0,1,4.0,19149.23234944743,1.0,144.0,5052.0,173.56,7922.0,3681.0,2420.0,0.0,0.0,0.0,180.0,0.7,118.5052583953676,3.9,3.5,3.1,10.0,66.0,False,2.15213257267047
96468,66.0,1,4.0,7362.46873852964,2.0,145.0,1317.0,40.63,1467.0,2050.0,612.0,0.0,0.0,0.0,120.0,1.05,58.59935624944217,4.6,3.3,4.0,14.0,86.0,True,0.715609756097561
96470,47.0,0,3.0,16254.711178302052,2.0,139.0,2939.0,63.370000000000005,2578.0,2741.0,1262.0,1440.0,1440.0,4320.0,120.0,0.89,106.36688562392148,4.7,3.6,4.1,19.0,104.0,False,0.9405326523166727
96473,79.0,0,3.0,49750.16954119377,2.0,139.0,1795.0,41.46,2423.0,1997.0,868.0,0.0,0.0,0.0,420.0,1.15,64.73845753376246,4.2,3.3,3.9,13.0,108.0,False,1.213319979969955
96474,37.0,1,6.0,16984.931297267332,2.0,148.0,1666.0,64.37,2264.0,1355.0,953.0,0.0,0.0,0.0,600.0,0.69,114.56120493297766,4.1,3.3,4.2,11.0,82.0,False,1.6708487084870849
96475,51.0,0,4.0,15091.735119947143,2.0,145.0,2126.0,112.98,3849.0,3041.0,1430.0,0.0,0.0,0.0,240.0,1.07,84.01705131878397,3.9,3.5,3.9,13.0,100.0,False,1.2657020716869452
96476,37.0,1,4.0,27424.96222115612,1.0,146.0,3528.0,87.27999999999999,4999.0,2431.0,1816.0,0.0,1440.0,1440.0,240.0,0.83,93.05838542658203,3.9,3.4,3.7,14.0,89.0,False,2.056355409296586
96477,65.0,0,4.0,7147.76197074884,2.0,145.0,1515.0,67.95,2609.0,3150.0,876.0,200.0,200.0,600.0,480.0,1.08,76.15621578440899,4.3,2.7,4.1,13.0,91.0,False,0.8282539682539682
96478,18.0,0,6.0,10457.816207684851,1.0,138.0,2097.0,106.76,3389.0,2151.0,1544.0,120.0,0.0,240.0,720.0,0.59,144.22951333065967,4.4,3.8,4.9,11.0,81.0,False,1.5755462575546257
96479,56.0,1,3.0,147557.280737994,1.0,142.0,1784.0,88.47,4733.0,4375.0,1584.0,240.0,150.0,630.0,780.0,1.07,60.96345144647753,4.0,3.6,4.3,23.0,91.0,False,1.0818285714285714
96480,65.0,0,7.0,37723.34027094814,2.0,142.0,3142.0,117.26,4317.0,4561.0,2531.0,0.0,60.0,60.0,300.0,0.96,87.7179316553728,4.1,3.7,4.0,13.0,102.0,False,0.9465029598772199
96481,29.0,0,1.0,47960.636176945874,1.0,135.0,2285.0,68.01,5241.0,1661.0,1367.0,560.0,560.0,1680.0,360.0,0.78,123.80203745856626,3.7,3.4,4.2,20.0,86.0,False,3.1553281155930164
96483,49.0,1,4.0,24186.27186392886,1.0,134.0,2430.0,153.89,3441.0,3183.0,1604.0,0.0,200.0,200.0,150.0,0.8,90.26702900367675,3.7,3.6,4.1,18.0,83.0,False,1.0810556079170595
96484,27.0,0,1.0,56084.35818394385,1.0,148.0,1567.0,35.48,2084.0,1684.0,859.0,0.0,0.0,0.0,420.0,1.0,105.79183513784874,4.3,4.3,4.2,16.0,79.0,False,1.2375296912114013
96485,21.0,1,3.0,90885.37918486056,2.0,140.0,965.0,31.410000000000004,1624.0,1086.0,693.0,1080.0,540.0,2700.0,240.0,0.86,98.50702518691124,4.1,2.7,4.1,14.0,89.0,False,1.4953959484346224
96486,77.0,0,3.0,8285.975818164678,2.0,139.0,2730.0,89.11000000000001,2909.0,5054.0,2076.0,0.0,0.0,0.0,960.0,0.9,87.96517274923693,4.1,3.3,4.0,27.0,102.0,False,0.5755836960823111
96487,19.0,0,3.0,61809.69660187882,1.0,146.0,4316.0,248.84,7209.0,6796.0,4634.0,300.0,1440.0,2040.0,240.0,1.0,111.18858707676178,3.8,4.0,4.4,24.0,93.0,False,1.0607710417892877
96488,62.0,0,2.0,15577.531790514437,2.0,148.0,1735.0,54.91,1944.0,1966.0,1198.0,20.0,1200.0,1240.0,300.0,0.88,97.22396860027366,3.8,2.8,4.2,12.0,118.0,False,0.9888097660223805
96489,57.0,1,1.0,25986.677041492007,2.0,143.0,2880.0,90.02000000000001,5049.0,4054.0,1720.0,0.0,0.0,0.0,300.0,0.53,107.80268239557029,4.3,3.4,3.9,12.0,118.0,False,1.245436605821411
96490,39.0,1,6.0,30326.99714992055,1.0,136.0,1500.0,30.22,1391.0,970.0,454.0,0.0,60.0,60.0,240.0,0.74,105.47976297119224,3.4,3.7,4.3,11.0,93.0,False,1.434020618556701
96491,53.0,1,6.0,10435.68313162964,1.0,138.0,1366.0,51.34,2177.0,2834.0,772.0,0.0,360.0,360.0,240.0,0.53,110.51814774912278,3.2,3.0,4.2,13.0,105.0,False,0.7681721947776994
96495,22.0,0,4.0,31555.20829837878,2.0,146.0,1206.0,38.62,2531.0,687.0,536.0,0.0,0.0,0.0,360.0,1.06,101.76305829674232,4.4,4.7,4.3,8.0,89.0,False,3.6841339155749635
96497,22.0,1,3.0,151807.38207480236,1.0,142.0,1685.0,65.41,4798.0,1810.0,1100.0,0.0,2490.0,2490.0,180.0,0.59,130.59903944975937,3.8,3.7,3.2,5.0,77.0,False,2.650828729281768
96500,24.0,0,6.0,18091.19257823717,2.0,138.0,2608.0,71.49,2606.0,2565.0,1294.0,270.0,2400.0,2940.0,420.0,0.88,123.1435397165179,4.5,3.1,4.3,10.0,88.0,False,1.0159844054580898
96501,50.0,0,2.0,23423.38327028387,2.0,137.0,1196.0,48.47,1890.0,1178.0,812.0,0.0,180.0,180.0,240.0,0.49,125.0201416242469,3.8,3.1,3.7,12.0,222.0,False,1.6044142614601018
96502,60.0,1,3.0,23634.42101622849,1.0,146.0,1045.0,32.760000000000005,1819.0,1723.0,729.0,0.0,270.0,270.0,420.0,0.75,91.08618933780032,4.1,4.3,3.9,14.0,90.0,False,1.0557167730702264
96503,72.0,1,2.0,17908.565089985055,1.0,139.0,802.0,61.18000000000001,2683.0,2043.0,699.0,0.0,360.0,360.0,120.0,0.66,93.14399251451393,4.0,3.4,4.4,17.0,122.0,False,1.313264806656877
96505,40.0,1,7.0,63753.01085961434,2.0,142.0,2193.0,77.37,4335.0,1402.0,1497.0,600.0,240.0,1440.0,240.0,0.84,90.03493554717605,4.3,4.0,3.6,13.0,76.0,False,3.0920114122681883
96508,46.0,1,1.0,23876.0681343242,2.0,136.0,3682.0,132.69,6123.0,4546.0,2834.0,0.0,0.0,0.0,120.0,0.53,115.4358355457845,4.0,4.3,4.1,15.0,84.0,False,1.3468983721953365
96509,21.0,0,1.0,54430.91102724556,2.0,144.0,1845.0,42.58,5376.0,1440.0,804.0,30.0,0.0,60.0,30.0,0.58,142.29615619706058,4.0,3.8,4.8,7.0,92.0,False,3.7333333333333334
96510,32.0,1,3.0,59869.121105863465,2.0,142.0,3482.0,50.92999999999999,4839.0,1822.0,1342.0,270.0,1080.0,1620.0,60.0,0.82,97.40418999606574,4.3,4.0,3.7,12.0,92.0,False,2.655872667398463
96511,41.0,0,4.0,20112.150818110706,1.0,144.0,4465.0,111.73999999999998,6300.0,4189.0,2082.0,0.0,360.0,360.0,240.0,1.17,80.31839296759426,4.1,3.9,4.1,13.0,91.0,False,1.503938887562664
96512,64.0,0,3.0,26966.5783896102,1.0,139.0,2331.0,84.77,2055.0,3554.0,1229.0,0.0,300.0,300.0,300.0,0.91,94.11637665939988,4.0,3.9,4.1,20.0,89.0,False,0.5782217220033765
96513,24.0,0,3.0,109756.75970328004,1.0,146.0,2860.0,123.87000000000003,3635.0,4598.0,2781.0,180.0,210.0,570.0,480.0,0.93,117.5914201247016,4.0,2.8,4.5,13.0,90.0,False,0.7905611135276207
96514,80.0,1,4.0,12922.689679785177,1.0,144.0,1056.0,37.9,1865.0,1352.0,677.0,150.0,195.0,495.0,120.0,1.04,54.33327588695416,4.1,4.1,4.2,14.0,85.0,True,1.3794378698224852
96515,69.0,0,4.0,7620.631953504778,2.0,145.0,2655.0,202.97,4816.0,4055.0,1839.0,0.0,2700.0,2700.0,240.0,0.91,91.23472370695356,4.1,3.2,3.9,13.0,87.0,False,1.1876695437731195
96516,18.0,1,3.0,49629.79636667722,1.0,146.0,1651.0,55.370000000000005,2703.0,2158.0,1095.0,0.0,180.0,180.0,240.0,0.7,128.48449451683896,4.1,4.2,3.9,10.0,79.0,False,1.252548656163114
96517,54.0,1,3.0,243752.02387180369,1.0,139.0,754.0,16.31,695.0,1052.0,282.0,0.0,1890.0,1890.0,180.0,0.78,90.20249946564056,3.6,3.9,4.4,10.0,100.0,False,0.6606463878326996
96519,33.0,1,4.0,21739.54543635427,1.0,144.0,917.0,23.73,921.0,1155.0,455.0,0.0,300.0,300.0,480.0,0.71,115.0649984509446,4.2,3.4,4.2,8.0,83.0,False,0.7974025974025974
96521,62.0,0,3.0,30238.02454824367,2.0,142.0,998.0,36.03,2382.0,1027.0,863.0,0.0,100.0,100.0,720.0,1.03,82.13196538678343,3.9,4.4,3.6,23.0,100.0,False,2.3193768257059397
96522,52.0,1,3.0,335750.88678924774,1.0,143.0,774.0,60.65,1797.0,1456.0,681.0,0.0,0.0,0.0,480.0,0.68,104.72501756198751,3.8,4.5,4.5,19.0,89.0,False,1.2342032967032968
96523,21.0,1,2.0,82217.38116549734,1.0,134.0,2773.0,74.77999999999999,3763.0,2836.0,1273.0,135.0,180.0,450.0,420.0,0.67,127.4477866731739,4.1,4.2,3.4,12.0,79.0,False,1.3268688293370945
96525,80.0,0,3.0,7550.666727646758,2.0,146.0,2440.0,76.86,3214.0,3765.0,1459.0,0.0,0.0,0.0,480.0,1.45,48.71437621339932,4.9,2.8,4.1,25.0,109.0,True,0.8536520584329349
96529,66.0,0,6.0,7155.138107688377,1.0,142.0,2306.0,147.15,8550.0,2555.0,1484.0,210.0,140.0,560.0,360.0,0.88,94.8351453739903,4.5,3.1,3.9,19.0,146.0,False,3.3463796477495107
96532,45.0,1,3.0,25546.726594658983,1.0,145.0,1289.0,51.3,3603.0,1614.0,545.0,1980.0,420.0,4380.0,180.0,0.69,109.00075649936792,3.6,3.8,3.8,19.0,103.0,False,2.2323420074349443
96534,48.0,1,4.0,18201.06182726768,2.0,146.0,3704.0,162.46,6092.0,2573.0,2078.0,2160.0,720.0,5040.0,300.0,0.76,96.59659764328217,3.9,3.8,4.2,12.0,79.0,False,2.3676642052079284
96537,66.0,1,3.0,43844.032852101045,1.0,146.0,1279.0,45.06,2208.0,1535.0,880.0,0.0,0.0,0.0,360.0,0.75,87.74987123729824,3.4,3.7,4.1,13.0,71.0,False,1.4384364820846907
96538,51.0,1,1.0,10454.627148370268,2.0,137.0,1183.0,53.4,2499.0,1341.0,875.0,0.0,30.0,30.0,30.0,0.61,108.17368069643727,4.4,3.4,4.2,11.0,94.0,False,1.8635346756152125
96540,66.0,0,2.0,8062.563469940953,2.0,148.0,3891.0,110.68000000000002,8500.0,4930.0,2113.0,240.0,240.0,720.0,180.0,0.79,97.97599883981356,4.5,2.4,4.1,24.0,99.0,False,1.7241379310344827
96543,46.0,1,4.0,43805.48705017555,2.0,138.0,1222.0,29.6,2113.0,1006.0,611.0,90.0,0.0,180.0,720.0,0.71,106.12803844517344,4.5,3.4,4.1,10.0,81.0,False,2.100397614314115
96547,44.0,1,3.0,181999.676459589,2.0,142.0,1364.0,74.80000000000001,1731.0,1196.0,1019.0,0.0,75.0,75.0,360.0,0.64,111.68729605643917,4.0,4.2,4.1,21.0,84.0,False,1.4473244147157192
96548,28.0,1,1.0,20472.010977374463,2.0,135.0,1944.0,85.63000000000001,2592.0,1751.0,1118.0,240.0,120.0,600.0,240.0,0.71,118.69933172929618,4.2,3.5,4.2,17.0,107.0,False,1.4802969731581954
96551,36.0,1,7.0,69702.87953675653,1.0,141.0,2017.0,62.55000000000001,3242.0,1496.0,1417.0,0.0,90.0,90.0,300.0,0.64,117.38479275605825,3.4,3.8,4.4,14.0,112.0,False,2.1671122994652405
96552,43.0,0,4.0,39394.17271516373,1.0,137.0,2117.0,107.26000000000002,3743.0,2853.0,1479.0,180.0,0.0,360.0,480.0,0.93,104.48561205226883,3.4,4.3,3.9,12.0,92.0,False,1.3119523308797756
96553,58.0,0,6.0,12485.987347998853,2.0,140.0,2289.0,118.01999999999998,3593.0,2387.0,1267.0,0.0,150.0,150.0,420.0,0.67,108.22723210408756,4.2,4.1,4.7,17.0,108.0,False,1.5052366987850858
96554,31.0,0,4.0,29327.532044057367,1.0,147.0,2159.0,90.94,2441.0,2308.0,1050.0,2880.0,2880.0,8640.0,120.0,1.06,96.22348501298936,3.9,3.2,4.1,12.0,104.0,False,1.057625649913345
96555,46.0,0,4.0,25001.851220145647,2.0,147.0,3333.0,60.34,3152.0,3159.0,742.0,0.0,0.0,0.0,180.0,0.83,109.31044169423753,4.6,3.2,3.6,13.0,501.0,False,0.99778410889522
96557,38.0,0,4.0,28766.928986903626,1.0,144.0,2488.0,159.67,4772.0,3620.0,1947.0,0.0,0.0,0.0,180.0,1.22,77.82323331948747,3.8,3.5,4.4,13.0,96.0,False,1.318232044198895
96560,71.0,0,4.0,11419.722253694785,2.0,143.0,2132.0,80.02999999999999,2207.0,2770.0,1323.0,2400.0,0.0,4800.0,180.0,1.25,61.56243668388872,4.7,2.7,3.6,8.0,106.0,False,0.7967509025270758
96565,18.0,1,1.0,22099.73529916612,2.0,143.0,1845.0,60.38,2692.0,1475.0,956.0,600.0,0.0,1200.0,120.0,0.75,118.27551621407642,4.2,3.1,4.1,10.0,90.0,False,1.825084745762712
96566,23.0,0,3.0,84997.69267953144,1.0,146.0,1634.0,64.59,2862.0,2669.0,1042.0,480.0,120.0,1080.0,600.0,1.37,74.33468416749277,4.5,4.0,4.4,13.0,94.0,False,1.0723117272386662
96568,80.0,0,3.0,34730.59204275586,1.0,144.0,2106.0,66.35,3962.0,3766.0,1217.0,60.0,45.0,165.0,300.0,1.13,65.70593750756211,4.3,2.7,4.2,18.0,95.0,False,1.0520446096654275
96569,77.0,0,3.0,36534.07447995919,2.0,139.0,1561.0,29.55,1727.0,1282.0,470.0,240.0,30.0,510.0,420.0,0.96,81.40972572843741,3.7,3.4,4.2,16.0,95.0,False,1.3471138845553823
96571,58.0,1,1.0,12201.343518944124,2.0,136.0,1239.0,35.220000000000006,1497.0,2391.0,767.0,0.0,0.0,0.0,120.0,0.58,104.83176499428237,4.0,4.0,3.8,10.0,83.0,False,0.6260978670012547
96574,39.0,1,3.0,60020.54716183272,2.0,139.0,2226.0,45.06,2152.0,2824.0,1312.0,0.0,200.0,200.0,180.0,0.77,100.5676585064542,4.0,3.4,4.3,10.0,86.0,False,0.7620396600566572
96576,56.0,0,3.0,27463.665636980008,1.0,142.0,4067.0,128.65,6301.0,2559.0,2111.0,600.0,1020.0,2220.0,300.0,1.15,74.69396644407405,3.8,3.2,4.2,16.0,105.0,False,2.462289957014459
96578,54.0,0,4.0,11845.295459641704,2.0,145.0,2913.0,163.36000000000004,5726.0,3483.0,2114.0,900.0,1380.0,3180.0,180.0,0.81,104.7738002877804,3.9,3.0,4.7,12.0,145.0,False,1.6439850703416594
96580,27.0,0,3.0,104460.93163383009,2.0,135.0,3183.0,117.72,5408.0,3301.0,2491.0,1800.0,2700.0,6300.0,240.0,0.96,111.10322645915728,4.4,2.8,4.1,15.0,75.0,False,1.6382914268403515
96582,47.0,0,4.0,19879.572886135837,1.0,147.0,2752.0,127.96,5508.0,4067.0,1901.0,1080.0,240.0,2400.0,29.0,0.99,94.5517922573854,4.1,3.7,4.2,15.0,101.0,False,1.3543152200639292
96585,62.0,0,1.0,10685.48018643668,1.0,148.0,3084.0,157.42,3067.0,3940.0,2544.0,2100.0,600.0,4800.0,240.0,0.84,98.59951239648792,4.2,3.1,4.0,21.0,105.0,False,0.7784263959390862
96586,65.0,1,4.0,14956.189828130184,2.0,143.0,1051.0,84.81000000000002,2378.0,2000.0,890.0,0.0,0.0,0.0,180.0,0.68,96.59115143279988,4.3,3.4,3.2,16.0,94.0,False,1.189
96587,30.0,0,4.0,46033.62877978808,1.0,144.0,2930.0,113.81,4023.0,4626.0,2130.0,0.0,60.0,60.0,300.0,0.75,124.5004304508747,4.1,3.6,4.1,12.0,256.0,False,0.8696498054474708
96588,40.0,0,6.0,19720.54796435901,2.0,142.0,656.0,44.220000000000006,883.0,1334.0,552.0,0.0,0.0,0.0,120.0,0.96,102.47397251795176,3.9,4.1,3.9,12.0,89.0,False,0.6619190404797601
96590,27.0,1,1.0,41040.24761017598,1.0,137.0,2108.0,92.1,3617.0,2003.0,1396.0,2160.0,1440.0,5760.0,300.0,0.52,130.51291020538966,4.1,3.4,4.2,13.0,95.0,False,1.8057913130304544
96592,80.0,0,3.0,45614.86517013547,2.0,137.0,2833.0,156.98999999999998,5429.0,4070.0,2657.0,0.0,480.0,480.0,360.0,1.0,76.08494805880026,4.4,2.8,3.6,25.0,242.0,False,1.3339066339066339
96593,30.0,0,3.0,133676.14672370622,2.0,143.0,2415.0,88.50999999999999,5250.0,1752.0,1636.0,360.0,360.0,1080.0,240.0,1.0,103.83628170555636,4.2,4.2,3.8,19.0,106.0,False,2.9965753424657535
96595,64.0,1,2.0,20825.209109448555,2.0,134.0,793.0,34.1,1186.0,920.0,521.0,0.0,0.0,0.0,105.0,0.57,101.41615907367648,4.5,4.3,4.2,13.0,156.0,False,1.2891304347826087
96596,35.0,0,1.0,108610.79347471287,2.0,140.0,3104.0,123.41000000000004,4622.0,3588.0,1955.0,75.0,600.0,750.0,360.0,0.86,115.80192645862395,3.8,4.0,4.7,17.0,90.0,False,1.2881828316610926
96598,67.0,1,4.0,15903.18972129803,1.0,139.0,2547.0,116.09,4313.0,4730.0,1719.0,0.0,120.0,120.0,300.0,0.79,81.93443943826668,3.6,3.7,4.0,18.0,109.0,False,0.9118393234672304
96599,72.0,0,3.0,19280.461931305894,1.0,140.0,1848.0,65.55,3823.0,2552.0,1553.0,0.0,360.0,360.0,480.0,0.82,93.330856697504,4.0,3.2,4.4,17.0,151.0,False,1.4980407523510972
96600,25.0,1,4.0,22394.58881641139,2.0,146.0,1345.0,38.41000000000001,2127.0,888.0,790.0,360.0,360.0,1080.0,240.0,0.72,118.92203148355426,4.3,3.1,3.3,5.0,85.0,False,2.39527027027027
96603,60.0,0,3.0,99434.16742965076,2.0,140.0,3200.0,140.37,6864.0,1590.0,1562.0,420.0,1260.0,2100.0,240.0,0.94,92.80373941852558,4.1,3.3,3.7,16.0,107.0,False,4.316981132075472
96607,71.0,0,3.0,9743.681352798085,1.0,146.0,1740.0,112.85,6787.0,4608.0,1539.0,180.0,270.0,630.0,600.0,1.15,68.04095621678773,3.7,2.7,4.3,19.0,137.0,False,1.4728732638888888
96609,36.0,1,4.0,54709.73143068689,2.0,147.0,1526.0,85.96000000000001,3871.0,1273.0,1186.0,0.0,0.0,0.0,840.0,0.79,99.35682892445334,3.8,3.0,3.6,8.0,97.0,False,3.0408483896307934
96615,62.0,0,1.0,10885.643242074671,1.0,148.0,1861.0,73.57,4368.0,3174.0,1191.0,0.0,280.0,280.0,120.0,0.83,98.95677375266972,3.9,3.3,4.4,19.0,99.0,False,1.3761814744801513
96616,51.0,0,6.0,19219.101316155356,1.0,135.0,1670.0,106.04,3412.0,3090.0,1101.0,0.0,0.0,0.0,60.0,0.8,107.14823439043336,4.3,3.0,4.1,19.0,93.0,False,1.1042071197411003
96618,36.0,1,3.0,36805.95423123982,1.0,145.0,1535.0,18.49,998.0,2064.0,772.0,0.0,60.0,60.0,120.0,0.57,120.7078101278047,4.0,4.5,3.8,9.0,103.0,False,0.48352713178294576
96619,23.0,1,3.0,93317.20619470056,2.0,142.0,3109.0,96.43,4895.0,3309.0,2163.0,0.0,0.0,0.0,300.0,0.74,116.51591945592746,4.3,4.5,4.4,13.0,84.0,False,1.479298881837413
96622,40.0,1,4.0,30765.88614631508,2.0,142.0,2386.0,114.27,4702.0,2791.0,2013.0,840.0,930.0,2610.0,240.0,0.76,101.52427353570349,4.3,3.7,3.4,8.0,100.0,False,1.6847008240773915
96623,53.0,0,1.0,45727.21337829941,1.0,145.0,1413.0,89.22,3295.0,2214.0,1616.0,1080.0,1260.0,3420.0,300.0,0.85,103.90385583567917,3.9,4.5,4.0,18.0,91.0,False,1.4882565492321589
96624,36.0,0,6.0,44272.95950210891,2.0,148.0,2416.0,162.13000000000002,6735.0,3417.0,1727.0,90.0,0.0,180.0,600.0,0.93,109.13487219443635,4.4,3.9,4.5,15.0,110.0,False,1.971027216856892
96625,26.0,0,6.0,10134.641075081758,1.0,147.0,1357.0,44.01,2147.0,1168.0,638.0,20.0,60.0,100.0,360.0,0.75,127.63649903357648,3.8,2.9,4.4,11.0,97.0,False,1.8381849315068493
96626,23.0,0,6.0,33299.28454772072,2.0,148.0,1959.0,70.35999999999999,3681.0,2081.0,1075.0,60.0,100.0,220.0,600.0,0.85,125.21659563299708,4.0,3.4,4.4,11.0,86.0,False,1.7688611244593946
96628,32.0,0,3.0,38140.37805899318,1.0,142.0,3159.0,109.33,5589.0,2680.0,2038.0,0.0,0.0,0.0,180.0,0.95,109.06333821777136,4.0,3.7,4.0,17.0,95.0,False,2.08544776119403
96629,46.0,1,4.0,27828.42975328706,1.0,143.0,1770.0,93.63,4625.0,2684.0,1470.0,60.0,135.0,255.0,60.0,0.88,82.02777833752964,3.6,4.1,3.8,13.0,94.0,False,1.7231743666169896
96630,41.0,0,2.0,40144.56060118185,2.0,134.0,3364.0,130.45,6773.0,4208.0,2029.0,30.0,60.0,120.0,15.0,0.74,116.74016200570962,4.5,2.9,4.0,10.0,114.0,False,1.6095532319391634
96631,37.0,0,2.0,83616.13476844231,1.0,148.0,1885.0,88.29,3384.0,3590.0,1239.0,0.0,720.0,720.0,300.0,0.95,105.7240395565378,4.0,3.9,4.2,13.0,87.0,False,0.9426183844011142
96633,65.0,0,4.0,7153.481475960607,2.0,148.0,1333.0,56.16,2284.0,1082.0,960.0,0.0,180.0,180.0,480.0,1.35,58.2657498719752,4.5,4.0,3.8,17.0,88.0,True,2.11090573012939
96634,59.0,0,1.0,29147.7666067358,2.0,143.0,1184.0,80.97999999999999,5112.0,2448.0,1229.0,0.0,0.0,0.0,600.0,0.84,100.45644151338432,4.7,3.3,4.4,14.0,123.0,False,2.088235294117647
96636,40.0,1,1.0,19110.83634125145,2.0,140.0,2331.0,93.23,3429.0,2409.0,1343.0,40.0,150.0,230.0,360.0,0.8,95.46368990413175,3.9,3.6,4.0,12.0,74.0,False,1.423412204234122
96638,58.0,0,3.0,43354.9038124135,1.0,145.0,2962.0,156.83999999999995,4234.0,3895.0,2560.0,1800.0,1820.0,5420.0,300.0,0.7,106.80498759195976,4.3,2.9,3.8,15.0,107.0,False,1.0870346598202825
96639,78.0,0,2.0,12376.406858712997,1.0,140.0,1764.0,101.51000000000002,4695.0,3879.0,1654.0,0.0,0.0,0.0,120.0,1.05,72.65635470509233,4.6,3.2,4.4,23.0,104.0,False,1.2103634957463263
96641,35.0,0,7.0,44175.346736016814,2.0,145.0,2433.0,43.85,2532.0,1305.0,957.0,4440.0,3000.0,11880.0,60.0,1.09,90.7679009949765,4.0,2.9,4.2,12.0,75.0,False,1.9402298850574713
96644,66.0,0,1.0,9788.057345670784,2.0,135.0,2355.0,78.95,3216.0,3271.0,1613.0,0.0,120.0,120.0,300.0,1.44,53.5892728572878,4.8,3.4,4.7,21.0,104.0,True,0.98318557016203
96646,44.0,0,2.0,23522.331441041188,1.0,139.0,2001.0,98.32,2861.0,3229.0,1634.0,0.0,0.0,0.0,60.0,0.87,109.11650170159427,3.7,3.1,4.4,19.0,85.0,False,0.8860328275007743
96649,51.0,0,4.0,46465.66275425408,1.0,144.0,1529.0,54.64000000000001,2902.0,2613.0,605.0,50.0,0.0,100.0,600.0,2.53,29.914609856283445,3.1,2.5,3.5,25.0,91.0,True,1.1106008419441256
96651,49.0,1,4.0,10550.3474645545,2.0,140.0,1649.0,76.58999999999999,2715.0,1715.0,900.0,480.0,0.0,960.0,180.0,0.94,74.38471590270265,4.7,3.7,3.5,16.0,97.0,False,1.5830903790087463
96652,63.0,0,2.0,15989.64071735696,2.0,137.0,2038.0,90.25,4517.0,1890.0,1344.0,540.0,480.0,1560.0,30.0,0.86,97.2943389688813,3.8,3.1,4.1,14.0,81.0,False,2.38994708994709
96657,26.0,0,6.0,19894.76788911286,1.0,139.0,1968.0,99.51999999999998,3633.0,2778.0,1368.0,175.0,105.0,455.0,600.0,0.93,116.1378067293449,4.5,4.0,4.2,14.0,90.0,False,1.3077753779697625
96658,60.0,0,4.0,16360.877366722256,1.0,145.0,1799.0,101.29,2196.0,2166.0,1341.0,1440.0,960.0,3840.0,300.0,1.11,76.02060573180033,3.9,3.8,4.1,22.0,82.0,False,1.0138504155124655
96659,58.0,1,3.0,173431.03727395798,1.0,146.0,2782.0,74.29000000000002,2935.0,2739.0,1199.0,0.0,630.0,630.0,480.0,0.93,71.24403796295566,4.6,3.4,4.3,18.0,96.0,False,1.0715589631252282
96660,61.0,1,3.0,101723.29907042749,1.0,142.0,1639.0,62.66000000000001,2732.0,3231.0,1042.0,0.0,960.0,960.0,360.0,0.64,100.48162450764946,4.3,3.6,4.3,15.0,84.0,False,0.8455586505725782
96661,24.0,1,6.0,15137.371348644869,1.0,144.0,2297.0,55.17000000000001,3620.0,3117.0,1106.0,120.0,0.0,240.0,840.0,0.69,124.20831536391144,3.7,4.3,4.2,10.0,76.0,False,1.1613731151748476
96663,20.0,1,3.0,114805.4240102366,1.0,139.0,3060.0,132.21,4218.0,4538.0,2291.0,480.0,120.0,1080.0,600.0,0.85,100.5225836167034,4.2,3.9,4.0,15.0,89.0,False,0.9294843543411194
96667,69.0,0,1.0,6321.668126492596,2.0,140.0,2219.0,47.19999999999999,2260.0,2059.0,890.0,600.0,600.0,1800.0,180.0,0.84,94.39906964336475,4.6,3.3,3.7,18.0,100.0,False,1.0976202039825158
96669,55.0,1,6.0,15693.529786243702,2.0,137.0,2319.0,99.24,4153.0,2015.0,1458.0,0.0,3360.0,3360.0,60.0,0.69,102.42817532604263,4.1,3.5,4.2,16.0,91.0,False,2.061042183622829
96672,32.0,0,6.0,31805.38903216795,1.0,136.0,1854.0,39.260000000000005,4165.0,1791.0,402.0,300.0,160.0,760.0,180.0,1.08,93.50581205728233,3.7,3.8,4.6,12.0,102.0,False,2.3255164712451144
96674,30.0,0,2.0,55703.10267415386,1.0,138.0,4453.0,147.91000000000005,5874.0,5694.0,2391.0,0.0,90.0,90.0,600.0,1.18,85.13158499278859,3.8,4.7,4.4,14.0,88.0,False,1.0316122233930454
96675,18.0,1,3.0,15360.554176350295,2.0,139.0,1424.0,51.84,2823.0,2346.0,989.0,360.0,240.0,960.0,480.0,0.83,104.7308570231608,4.2,3.8,4.1,15.0,86.0,False,1.2033248081841432
96679,30.0,1,3.0,57191.35472864792,1.0,145.0,909.0,42.56999999999999,965.0,1809.0,584.0,120.0,360.0,600.0,120.0,0.7,119.2445747588726,3.9,3.8,4.5,16.0,78.0,False,0.5334438916528469
96681,33.0,1,7.0,231584.69530142585,1.0,137.0,1963.0,55.31999999999999,3268.0,1656.0,1253.0,75.0,45.0,195.0,360.0,0.73,111.29248053741262,3.8,3.6,3.7,16.0,100.0,False,1.9734299516908214
96683,41.0,1,2.0,23509.49718742221,2.0,148.0,2087.0,46.510000000000005,2992.0,1569.0,635.0,60.0,150.0,270.0,300.0,0.7,111.35957009664504,3.7,2.8,3.9,15.0,182.0,False,1.9069471000637348
96687,80.0,1,3.0,47895.15377199434,2.0,142.0,967.0,21.03,1207.0,626.0,401.0,0.0,0.0,0.0,300.0,0.87,67.31049657491492,3.1,3.2,3.4,12.0,148.0,False,1.928115015974441
96688,58.0,0,4.0,22695.018548986194,1.0,135.0,1793.0,75.65,3202.0,1734.0,1261.0,0.0,840.0,840.0,480.0,1.07,80.43783671849623,3.2,3.0,4.2,13.0,66.0,False,1.8465974625144175
96692,29.0,0,2.0,104516.2292761504,2.0,134.0,1198.0,103.83,2967.0,3961.0,1500.0,540.0,30.0,1110.0,600.0,0.97,108.37373831526402,4.5,3.4,4.5,23.0,93.0,False,0.7490532693764201
96693,18.0,1,7.0,21296.125557945845,1.0,136.0,1532.0,63.46,3109.0,2138.0,976.0,0.0,0.0,0.0,420.0,0.7,128.48449451683896,4.0,3.9,4.3,12.0,79.0,False,1.4541627689429373
96694,39.0,0,3.0,55662.6715062987,2.0,146.0,3186.0,193.78,2957.0,2889.0,2262.0,360.0,360.0,1080.0,360.0,0.85,113.35632838072446,4.2,3.6,4.5,12.0,88.0,False,1.0235375562478366
96695,25.0,1,3.0,145642.0290306769,2.0,142.0,1155.0,48.2,2011.0,844.0,947.0,240.0,240.0,720.0,180.0,0.69,123.4382238086552,4.0,3.4,3.9,13.0,87.0,False,2.382701421800948
96696,18.0,0,1.0,19536.314547637987,2.0,135.0,2939.0,67.23,5475.0,2320.0,1439.0,600.0,1200.0,2400.0,360.0,0.65,140.07209101293213,3.8,3.9,4.4,7.0,94.0,False,2.3599137931034484
96697,25.0,0,3.0,77398.36347401781,2.0,141.0,2682.0,114.89,4674.0,3810.0,1693.0,20.0,1770.0,1810.0,120.0,0.74,128.95447363911953,4.1,3.5,4.2,14.0,86.0,False,1.226771653543307
96698,40.0,0,3.0,159503.64122761574,1.0,138.0,2540.0,90.23000000000002,3646.0,1900.0,1146.0,0.0,0.0,0.0,300.0,0.89,111.0998561455508,4.0,3.8,4.3,19.0,88.0,False,1.9189473684210527
96699,59.0,1,3.0,32712.631855346764,1.0,145.0,948.0,39.24999999999999,2060.0,967.0,467.0,0.0,0.0,0.0,480.0,0.97,67.31331453895166,3.7,4.0,4.5,15.0,92.0,False,2.130299896587384
96700,68.0,0,3.0,64559.63702399859,2.0,142.0,2312.0,78.69000000000001,2664.0,3136.0,1444.0,0.0,2520.0,2520.0,180.0,1.2,65.87086162872123,4.6,2.9,4.0,21.0,100.0,False,0.8494897959183674
96701,74.0,0,2.0,29087.73591311672,2.0,134.0,1276.0,53.7,1656.0,1561.0,598.0,0.0,0.0,0.0,840.0,1.32,56.59995378356909,4.0,3.7,3.6,17.0,92.0,True,1.0608584240871237
96704,80.0,1,4.0,14137.702857893288,2.0,148.0,531.0,20.83,1107.0,519.0,216.0,0.0,0.0,0.0,600.0,2.61,18.010977714467952,4.2,3.8,3.8,32.0,97.0,True,2.132947976878613
96705,40.0,0,3.0,262904.1725672678,2.0,134.0,1645.0,124.07999999999998,3772.0,3978.0,1498.0,225.0,60.0,510.0,600.0,0.88,111.47962820346706,4.8,3.7,4.4,18.0,87.0,False,0.9482151835093011
96706,40.0,0,3.0,99890.4565048424,2.0,141.0,2586.0,114.14,5298.0,2817.0,1848.0,1680.0,1680.0,5040.0,180.0,0.93,106.45339435261532,4.5,3.4,4.4,12.0,89.0,False,1.8807241746538872
96707,64.0,1,7.0,6215.689349124389,2.0,148.0,1951.0,48.24,2438.0,1236.0,713.0,0.0,0.0,0.0,360.0,1.19,51.05821943036776,4.6,3.5,4.4,18.0,89.0,True,1.9724919093851132
96708,52.0,1,3.0,41476.2147197665,1.0,134.0,2968.0,118.9,4184.0,3347.0,1910.0,0.0,120.0,120.0,480.0,0.75,95.732763133183,3.7,4.6,4.1,20.0,79.0,False,1.250074693755602
96711,36.0,1,1.0,17386.505551521772,2.0,140.0,2151.0,51.650000000000006,2158.0,5327.0,1423.0,540.0,0.0,1080.0,120.0,0.72,111.05835487951968,4.0,4.3,4.4,8.0,89.0,False,0.4051060634503473
96712,80.0,1,3.0,74156.84823346903,1.0,135.0,1872.0,89.89999999999999,3350.0,2682.0,1187.0,0.0,0.0,0.0,360.0,1.13,49.182631916953454,3.9,3.4,3.8,24.0,97.0,True,1.249067859806115
96718,80.0,0,3.0,7970.759498274827,1.0,146.0,1687.0,88.46000000000001,2241.0,2802.0,1445.0,0.0,20.0,20.0,40.0,0.96,79.90487359724236,4.3,4.0,4.4,24.0,94.0,False,0.7997858672376874
96720,80.0,0,3.0,22546.793994503943,1.0,142.0,1899.0,116.13,2769.0,3714.0,1702.0,0.0,20.0,20.0,360.0,1.02,74.29824276778098,4.1,3.0,4.3,18.0,109.0,False,0.7455573505654282
96721,32.0,1,1.0,57155.90894323077,2.0,141.0,4241.0,130.09999999999997,7469.0,3407.0,2401.0,0.0,960.0,960.0,420.0,0.58,123.2307509983638,4.1,4.3,3.7,11.0,142.0,False,2.1922512474317584
96722,68.0,0,3.0,23342.20916036024,2.0,139.0,2083.0,107.88000000000004,4330.0,3320.0,1575.0,3780.0,0.0,7560.0,240.0,0.86,94.31538324302905,4.5,3.1,3.9,19.0,99.0,False,1.3042168674698795
96723,38.0,1,3.0,38654.68817689239,2.0,141.0,869.0,41.8,1985.0,1000.0,595.0,0.0,1200.0,1200.0,180.0,0.53,121.32455624422032,4.0,2.6,4.0,12.0,98.0,False,1.985
96725,33.0,1,2.0,45289.96884845138,2.0,144.0,2282.0,50.3,1366.0,2062.0,1280.0,720.0,0.0,1440.0,240.0,0.62,120.51409308392348,4.7,3.8,4.3,10.0,88.0,False,0.6624636275460718
96726,61.0,1,4.0,9984.41213147759,1.0,139.0,2539.0,106.39,4205.0,4297.0,1451.0,0.0,540.0,540.0,300.0,0.83,80.1551315167714,4.6,4.0,3.9,17.0,105.0,False,0.9785897137537817
96727,76.0,1,2.0,28467.780658327523,2.0,134.0,694.0,19.9,918.0,1020.0,282.0,0.0,240.0,240.0,240.0,1.78,29.228459432364414,5.0,3.8,3.7,36.0,144.0,True,0.9
96730,53.0,1,2.0,32330.71878958256,2.0,141.0,1975.0,135.82,2684.0,3328.0,1634.0,2940.0,0.0,5880.0,145.0,0.94,72.5570602372625,4.2,5.0,4.2,21.0,104.0,False,0.8064903846153846
96731,41.0,0,4.0,33105.27867938136,1.0,139.0,2104.0,71.92999999999999,2166.0,1932.0,1345.0,2940.0,900.0,6780.0,180.0,1.07,89.40823287579587,3.8,3.3,3.7,9.0,149.0,False,1.1211180124223603
96732,57.0,0,3.0,149819.91028589368,1.0,145.0,2523.0,104.52,3712.0,2557.0,2254.0,0.0,360.0,360.0,210.0,1.17,72.7107943018333,4.0,4.4,4.1,26.0,77.0,False,1.4517012123582322
96734,19.0,1,4.0,17187.178622193882,2.0,143.0,1195.0,43.41000000000001,2943.0,1332.0,538.0,0.0,0.0,0.0,480.0,0.73,121.41712036226733,3.9,4.2,3.8,12.0,82.0,False,2.2094594594594597
96736,72.0,0,4.0,9436.480832755906,1.0,147.0,1509.0,54.970000000000006,1781.0,2352.0,982.0,120.0,240.0,480.0,240.0,0.9,90.74355678402048,3.9,4.1,4.3,13.0,106.0,False,0.7572278911564626
96737,34.0,1,6.0,11559.433960653738,2.0,140.0,4023.0,145.43000000000004,12909.0,4876.0,2039.0,0.0,240.0,240.0,540.0,0.64,118.85401377862352,4.3,3.1,4.0,10.0,98.0,False,2.6474569319114027
96743,33.0,0,3.0,5374.3753195629215,2.0,139.0,706.0,22.07,1421.0,429.0,408.0,0.0,90.0,90.0,180.0,0.97,105.71096177020198,4.2,3.6,4.3,10.0,101.0,False,3.312354312354312
96745,52.0,1,4.0,25832.89369297668,1.0,145.0,2539.0,89.84,3390.0,2323.0,1060.0,0.0,840.0,840.0,120.0,0.94,73.00972050438972,4.2,3.4,3.5,16.0,102.0,False,1.459319845027981
96748,37.0,1,1.0,20171.85654611681,2.0,137.0,1140.0,39.98,1448.0,1851.0,838.0,120.0,120.0,360.0,60.0,0.71,112.237815557784,4.1,3.0,3.4,13.0,83.0,False,0.782279848730416
96750,53.0,1,3.0,30933.96924278496,1.0,139.0,1609.0,50.95,2094.0,1922.0,1040.0,0.0,0.0,0.0,480.0,0.49,112.62811794123282,3.7,4.0,4.1,8.0,107.0,False,1.0894901144640998
96753,78.0,0,4.0,7016.440999327943,1.0,137.0,1585.0,52.01,1803.0,1822.0,1092.0,0.0,30.0,30.0,480.0,1.79,38.30691045337439,4.5,3.6,4.1,28.0,88.0,True,0.9895718990120747
96754,79.0,1,6.0,14483.06402758991,1.0,137.0,857.0,38.14,1326.0,1536.0,686.0,0.0,0.0,0.0,600.0,0.84,70.64342744543272,3.5,3.8,4.0,16.0,105.0,False,0.86328125
96756,23.0,1,3.0,90713.27673413344,2.0,143.0,1337.0,64.47999999999999,2141.0,1212.0,948.0,0.0,190.0,190.0,120.0,0.8,106.1097633443534,4.0,3.3,3.5,12.0,89.0,False,1.7665016501650166
96758,47.0,0,4.0,27804.25326360921,2.0,146.0,2502.0,88.86000000000001,4362.0,2482.0,1141.0,0.0,0.0,0.0,300.0,0.78,110.69032318528816,4.7,3.8,3.8,9.0,175.0,False,1.757453666398066
96759,19.0,1,3.0,28241.353144526005,2.0,146.0,998.0,34.54,1638.0,727.0,397.0,2880.0,2880.0,8640.0,240.0,0.61,131.99389665697686,4.1,3.6,4.0,10.0,87.0,False,2.253094910591472
96764,27.0,0,6.0,13033.172630319974,2.0,142.0,4587.0,318.99,8333.0,4888.0,3523.0,0.0,180.0,180.0,240.0,1.0,105.79183513784874,4.6,3.4,4.2,19.0,85.0,False,1.7047872340425532
96766,52.0,1,4.0,15215.365720602493,1.0,147.0,1767.0,59.010000000000005,3034.0,1397.0,921.0,0.0,0.0,0.0,600.0,0.81,87.2875065311137,3.7,3.2,3.4,12.0,82.0,False,2.171796707229778
96768,56.0,1,2.0,33599.62196088144,1.0,136.0,1467.0,76.78999999999999,2209.0,1974.0,1044.0,150.0,100.0,400.0,300.0,0.9,75.03071214255642,3.7,3.9,4.1,17.0,91.0,False,1.119047619047619
96770,78.0,1,3.0,68312.17388116743,1.0,142.0,3420.0,148.77,4868.0,4778.0,2228.0,0.0,0.0,0.0,480.0,0.7,88.46882614232996,4.1,3.6,3.9,14.0,101.0,False,1.0188363331938048
96771,67.0,1,2.0,27182.871131802727,2.0,137.0,1054.0,29.62,1715.0,889.0,554.0,0.0,0.0,0.0,300.0,0.89,71.01514667323134,4.3,2.8,3.9,23.0,98.0,False,1.9291338582677164
96774,28.0,1,6.0,15261.3361047802,1.0,137.0,912.0,21.3,1234.0,1730.0,496.0,0.0,0.0,0.0,540.0,0.52,129.70373016211624,3.9,3.3,4.6,8.0,83.0,False,0.7132947976878613
96777,60.0,0,3.0,120263.86391075108,1.0,140.0,5093.0,131.16000000000005,4041.0,4504.0,2743.0,0.0,0.0,0.0,360.0,0.86,99.12668769504944,4.1,2.9,3.8,11.0,109.0,False,0.897202486678508
96780,80.0,0,3.0,37249.18328006445,2.0,141.0,2211.0,88.3,2908.0,4101.0,1630.0,0.0,420.0,420.0,240.0,0.92,84.09174325259,4.2,3.1,4.0,11.0,114.0,False,0.709095342599366
96783,58.0,1,2.0,32982.32081241399,2.0,138.0,954.0,43.720000000000006,1458.0,1498.0,974.0,0.0,0.0,0.0,180.0,0.7,100.18677954321588,4.1,2.9,3.8,20.0,76.0,False,0.9732977303070761
96784,74.0,0,1.0,11694.154980981488,2.0,142.0,1288.0,61.29,3026.0,2270.0,1571.0,0.0,0.0,0.0,5.397605346934028e-79,0.67,97.97616362359328,4.5,3.8,4.0,12.0,127.0,False,1.3330396475770925
96787,79.0,1,3.0,71739.98938989421,2.0,141.0,1411.0,65.88,2989.0,2843.0,1192.0,0.0,390.0,390.0,120.0,0.6,91.24801666109164,4.4,3.6,4.4,14.0,96.0,False,1.0513542033063665
96788,29.0,1,4.0,26358.351501209072,2.0,140.0,4080.0,130.66999999999996,6223.0,4363.0,2622.0,0.0,180.0,180.0,540.0,0.83,97.80556673153464,4.1,3.5,3.8,11.0,85.0,False,1.4263121705248683
96789,80.0,1,2.0,13597.422243702476,1.0,139.0,780.0,20.05,894.0,639.0,340.0,0.0,0.0,0.0,90.0,1.23,44.42421516488708,4.1,4.1,3.8,32.0,111.0,True,1.3990610328638498
96792,61.0,1,4.0,10123.547817404868,1.0,138.0,1369.0,38.84,2850.0,3323.0,1092.0,60.0,180.0,300.0,540.0,0.75,90.52145496390597,3.7,3.3,4.6,17.0,79.0,False,0.8576587421005116
96793,54.0,0,4.0,31441.46839685434,2.0,147.0,1818.0,39.29,2325.0,775.0,725.0,0.0,0.0,0.0,240.0,0.91,100.15560876876935,4.0,2.9,4.1,8.0,100.0,False,3.0
96795,22.0,0,3.0,240329.8163101147,2.0,143.0,1644.0,119.14,2900.0,1738.0,1513.0,0.0,600.0,600.0,360.0,0.94,117.54489284337252,4.4,3.4,4.3,20.0,85.0,False,1.668584579976985
96798,70.0,0,4.0,8951.970711680357,2.0,145.0,1434.0,49.86,2477.0,1143.0,806.0,0.0,0.0,0.0,240.0,1.13,69.9221368732467,2.9,4.6,4.0,28.0,118.0,False,2.167104111986002
96799,75.0,0,7.0,41086.18705983399,1.0,140.0,1029.0,48.66,2142.0,1530.0,1128.0,0.0,0.0,0.0,720.0,1.44,50.6720874937119,4.5,2.3,4.0,20.0,133.0,True,1.4
96800,53.0,0,4.0,21959.55949315607,2.0,144.0,3460.0,103.54,4039.0,2392.0,1444.0,0.0,720.0,720.0,240.0,1.2,72.31168110662146,5.0,2.7,3.8,13.0,113.0,False,1.6885451505016722
96804,67.0,0,4.0,7973.285699714381,1.0,141.0,1179.0,64.29,1740.0,1648.0,917.0,0.0,140.0,140.0,180.0,1.19,66.95075724855975,3.8,4.1,4.4,24.0,103.0,False,1.0558252427184467
96805,64.0,1,2.0,7549.242208815665,2.0,144.0,1200.0,34.34,1248.0,1209.0,807.0,0.0,180.0,180.0,60.0,0.75,88.84817326196642,4.1,2.8,4.0,12.0,100.0,False,1.032258064516129
96809,80.0,0,4.0,12139.972086616091,1.0,139.0,1665.0,76.44,6083.0,1559.0,1490.0,0.0,0.0,0.0,540.0,1.07,70.15170248970922,3.8,3.0,3.9,12.0,109.0,False,3.901860166773573
96810,39.0,1,6.0,18728.258300049045,2.0,143.0,1730.0,40.280000000000015,1394.0,1790.0,620.0,2160.0,2160.0,6480.0,120.0,0.53,120.57234399550616,4.1,3.5,3.8,14.0,93.0,False,0.7787709497206704
96815,77.0,0,3.0,71240.25579587593,2.0,140.0,2300.0,134.9,5612.0,3280.0,1456.0,60.0,40.0,160.0,240.0,0.92,85.67544689108665,4.3,2.9,4.0,18.0,80.0,False,1.7109756097560975
96818,49.0,0,4.0,14390.364683278114,2.0,145.0,4386.0,189.73000000000005,8129.0,5832.0,2880.0,2340.0,240.0,4920.0,300.0,1.16,77.21121679805765,4.1,3.1,4.4,11.0,78.0,False,1.3938614540466392
96820,47.0,0,3.0,18580.581104127315,1.0,142.0,1852.0,52.92,3050.0,1079.0,938.0,0.0,1680.0,1680.0,660.0,0.96,98.1084736956462,4.0,3.5,4.3,4.0,86.0,False,2.8266913809082483
96822,19.0,0,1.0,31777.92217413405,2.0,141.0,4685.0,126.57999999999998,5618.0,4590.0,2480.0,240.0,1260.0,1740.0,300.0,0.84,128.83032240037284,3.5,3.8,4.9,12.0,109.0,False,1.2239651416122004
96823,18.0,0,3.0,93220.95830497309,1.0,141.0,1968.0,53.6,2385.0,1094.0,856.0,240.0,0.0,480.0,300.0,0.8,131.55830504425646,4.0,4.1,4.4,17.0,94.0,False,2.180073126142596
96826,29.0,0,6.0,41312.77196629335,1.0,143.0,1626.0,84.51,3682.0,1083.0,731.0,30.0,0.0,60.0,120.0,0.69,128.4718377772041,3.3,3.9,4.4,15.0,93.0,False,3.399815327793167
96827,73.0,0,3.0,85142.22194285132,1.0,136.0,1868.0,44.7,2302.0,2375.0,919.0,0.0,0.0,0.0,720.0,0.34,121.00112138410051,3.8,3.9,3.8,17.0,85.0,False,0.9692631578947368
96829,38.0,1,3.0,10634.210356521113,2.0,143.0,1403.0,56.14,2333.0,1523.0,802.0,30.0,0.0,60.0,600.0,0.72,109.6855003621752,3.9,4.1,4.2,11.0,85.0,False,1.5318450426789232
96830,63.0,0,3.0,18617.544673695054,1.0,139.0,1378.0,32.07,2128.0,2356.0,630.0,1440.0,1440.0,4320.0,300.0,0.98,86.64521559243006,3.9,4.0,4.5,19.0,94.0,False,0.9032258064516129
96833,34.0,1,4.0,15604.89202827546,1.0,147.0,2030.0,84.77000000000001,2107.0,1483.0,960.0,120.0,1560.0,1800.0,360.0,0.62,119.76690570680314,3.7,3.0,4.0,8.0,150.0,False,1.4207687120701282
96834,77.0,0,2.0,16813.119740875714,2.0,136.0,1155.0,28.56,1882.0,1362.0,555.0,0.0,630.0,630.0,300.0,1.83,37.5370780661127,3.7,3.6,3.6,18.0,90.0,True,1.381791483113069
96835,68.0,1,3.0,143823.25729864414,1.0,134.0,1408.0,78.79,2868.0,2222.0,1470.0,1140.0,720.0,3000.0,180.0,0.68,94.80567188735714,4.1,3.9,4.0,16.0,95.0,False,1.2907290729072907
96836,59.0,1,4.0,22527.34273448437,1.0,144.0,1282.0,47.94,2309.0,1250.0,823.0,0.0,0.0,0.0,240.0,0.76,90.20918233057064,4.0,3.8,4.0,12.0,150.0,False,1.8472
96839,22.0,1,7.0,63000.557854393504,2.0,141.0,3124.0,108.02,5800.0,2922.0,1960.0,0.0,1320.0,1320.0,300.0,0.74,117.24282497074609,4.1,3.1,3.8,8.0,102.0,False,1.9849418206707734
96840,67.0,0,6.0,14460.973315782148,1.0,148.0,2233.0,215.84,5222.0,3344.0,2135.0,480.0,60.0,1020.0,600.0,0.95,87.72906904964074,4.0,3.8,4.7,20.0,102.0,False,1.561602870813397
96841,74.0,0,3.0,11032.198105073228,1.0,139.0,957.0,85.19999999999999,2716.0,1349.0,1219.0,0.0,0.0,0.0,540.0,0.68,97.53878217837648,4.0,3.2,4.1,19.0,106.0,False,2.0133432171979244
96842,75.0,1,3.0,36155.39401578188,1.0,139.0,1074.0,32.27,1139.0,2774.0,820.0,0.0,60.0,60.0,360.0,0.79,77.95759382373478,3.7,4.1,4.1,12.0,97.0,False,0.41059841384282625
96844,55.0,0,6.0,8226.1346017549,1.0,144.0,2245.0,145.26000000000005,3435.0,4236.0,1529.0,540.0,540.0,1620.0,240.0,0.88,101.55010990526476,3.6,2.8,4.7,13.0,190.0,False,0.8109065155807366
96847,44.0,1,4.0,48857.0454335984,1.0,143.0,1053.0,41.92999999999999,1907.0,1323.0,816.0,0.0,0.0,0.0,240.0,0.95,75.76591014045789,3.8,4.1,4.4,14.0,83.0,False,1.4414210128495843
96848,56.0,1,4.0,20517.454236803154,1.0,138.0,2180.0,121.91,3758.0,3240.0,1411.0,0.0,360.0,360.0,300.0,0.56,107.04533483249136,3.3,2.8,3.5,13.0,90.0,False,1.1598765432098765
96852,35.0,0,1.0,36573.214777377616,1.0,138.0,1516.0,105.55,2889.0,2394.0,1590.0,3600.0,1410.0,8610.0,30.0,0.75,120.68847927166654,3.9,2.9,3.9,19.0,101.0,False,1.2067669172932332
96860,22.0,1,3.0,134410.40096574582,1.0,143.0,2372.0,78.87,3375.0,2389.0,1177.0,600.0,60.0,1260.0,600.0,0.73,119.17273480874988,3.7,2.9,3.8,10.0,88.0,False,1.4127249895353704
96862,51.0,1,3.0,144910.51502042348,1.0,145.0,3345.0,101.02,3935.0,2085.0,2006.0,0.0,0.0,0.0,240.0,0.72,101.16635950138888,4.0,3.1,3.7,9.0,89.0,False,1.8872901678657075
96863,56.0,0,3.0,121356.12334759184,1.0,142.0,3183.0,106.17,5682.0,2774.0,2144.0,30.0,150.0,210.0,420.0,1.19,71.69132002719124,4.1,3.9,4.2,13.0,91.0,False,2.048305695746215
96865,28.0,1,4.0,41568.50461889616,2.0,147.0,2359.0,136.89,3875.0,2377.0,2064.0,1080.0,120.0,2280.0,240.0,0.76,109.3910980252254,3.6,4.2,4.1,12.0,85.0,False,1.6302061421960454
96866,80.0,0,6.0,13589.688040698304,2.0,136.0,2431.0,144.45,3794.0,3320.0,1810.0,0.0,225.0,225.0,360.0,0.93,83.00785858821844,4.4,3.8,3.7,21.0,111.0,False,1.1427710843373493
96871,72.0,0,3.0,9858.01747143458,1.0,146.0,1781.0,58.220000000000006,2537.0,2261.0,1089.0,0.0,1080.0,1080.0,120.0,1.6,45.49491207218601,5.0,3.4,3.9,25.0,102.0,True,1.1220698805838125
96873,80.0,1,4.0,12914.220262542316,2.0,145.0,1555.0,48.55,1983.0,3388.0,845.0,0.0,0.0,0.0,480.0,0.98,58.34915980544514,4.5,2.9,3.2,17.0,129.0,True,0.5853010625737899
96874,55.0,1,1.0,44997.64260262978,2.0,140.0,2003.0,41.65,1768.0,3102.0,1177.0,0.0,525.0,525.0,480.0,0.79,88.28330392417243,3.9,4.0,4.2,9.0,88.0,False,0.5699548678272083
96876,60.0,1,4.0,12559.833463085566,1.0,145.0,1640.0,64.19,2264.0,1529.0,947.0,0.0,240.0,240.0,240.0,1.19,52.34433609088366,3.2,5.1,3.6,34.0,85.0,True,1.4807063440156965
96877,60.0,0,4.0,15148.080498628316,2.0,147.0,3212.0,85.02,4535.0,4897.0,1816.0,0.0,360.0,360.0,300.0,1.09,77.69751030764604,4.6,3.0,3.8,20.0,97.0,False,0.9260771901163978
96878,80.0,0,3.0,22855.759842080013,2.0,141.0,2284.0,99.79,3428.0,4108.0,1855.0,0.0,0.0,0.0,600.0,1.16,63.67209818567728,3.6,3.5,4.1,18.0,104.0,False,0.8344693281402142
96879,25.0,1,3.0,105280.52213512696,1.0,146.0,2168.0,81.03999999999999,3730.0,2549.0,1717.0,90.0,60.0,240.0,240.0,0.52,132.14644643174242,3.8,4.4,3.2,9.0,74.0,False,1.463318948607297
96884,55.0,1,6.0,14605.672296820298,2.0,138.0,3062.0,87.83000000000003,6038.0,3058.0,1414.0,0.0,0.0,0.0,600.0,0.86,79.73205284603716,4.3,4.0,3.9,13.0,95.0,False,1.974493132766514
96885,24.0,0,1.0,30408.23990983527,2.0,136.0,4188.0,125.85,5383.0,4671.0,2380.0,2880.0,2880.0,8640.0,120.0,0.58,139.66582337136958,4.3,3.3,4.4,10.0,94.0,False,1.1524298865339329
96887,57.0,1,3.0,46011.3783166331,2.0,139.0,1355.0,34.059999999999995,1360.0,2033.0,862.0,0.0,165.0,165.0,480.0,0.64,103.01267813225208,4.4,3.4,3.9,9.0,104.0,False,0.6689621249385145
96890,20.0,0,4.0,27338.1908565141,1.0,146.0,4166.0,236.06,8557.0,4493.0,2667.0,360.0,2400.0,3120.0,180.0,0.9,125.3915273999994,4.2,4.0,4.6,10.0,86.0,False,1.9045181393278434
96891,41.0,0,4.0,14548.559777964663,2.0,147.0,1373.0,34.64,3325.0,2153.0,641.0,240.0,300.0,780.0,240.0,0.8,114.02369093222876,4.2,3.2,4.1,9.0,75.0,False,1.544356711565258
96892,65.0,1,3.0,80864.13500121825,2.0,139.0,2113.0,89.99,3508.0,3172.0,1579.0,0.0,60.0,60.0,360.0,0.75,88.29731458774224,4.3,3.4,4.7,23.0,106.0,False,1.1059268600252208
96893,42.0,0,2.0,58734.18413441794,2.0,144.0,4613.0,168.25999999999996,8035.0,3221.0,2396.0,0.0,0.0,0.0,120.0,0.73,116.49405418092095,4.1,3.3,4.1,11.0,96.0,False,2.4945669046879853
96895,60.0,1,2.0,14395.26049052365,2.0,140.0,917.0,32.56,1784.0,2131.0,1007.0,0.0,0.0,0.0,480.0,0.73,94.08894899177962,4.0,3.0,3.9,9.0,89.0,False,0.8371656499296105
96896,80.0,1,4.0,11623.65181667904,2.0,148.0,1035.0,54.13999999999999,1959.0,1151.0,718.0,0.0,0.0,0.0,900.0,0.78,76.7348015756592,4.3,3.1,4.0,14.0,109.0,False,1.7019982623805388
96898,56.0,0,2.0,60240.9782191194,2.0,138.0,2981.0,141.32,4078.0,7388.0,1887.0,120.0,120.0,360.0,180.0,0.91,98.91752920163768,3.8,1.9,4.0,13.0,90.0,False,0.5519761775852734
96899,21.0,0,4.0,23092.448699414203,1.0,140.0,2426.0,76.98,4307.0,2626.0,1725.0,1260.0,0.0,2520.0,300.0,1.12,95.85098254992464,4.3,3.4,4.1,9.0,83.0,False,1.6401370906321402
96901,33.0,1,1.0,17898.812845130764,2.0,140.0,1828.0,124.35,2841.0,4687.0,2294.0,405.0,405.0,1215.0,240.0,0.61,120.98728853825644,4.3,3.8,4.1,12.0,80.0,False,0.6061446554299125
96902,75.0,0,3.0,11695.865178878845,1.0,135.0,2063.0,76.93999999999998,4833.0,4360.0,1906.0,180.0,270.0,630.0,720.0,0.77,93.36278838920124,5.0,4.1,4.3,10.0,93.0,False,1.1084862385321101
96906,74.0,0,3.0,54765.71576134309,1.0,140.0,3091.0,160.82,4987.0,4538.0,2806.0,0.0,90.0,90.0,480.0,1.01,78.04033867898532,4.1,3.2,3.9,20.0,75.0,False,1.0989422653151169
96907,35.0,1,3.0,102514.8796141887,1.0,143.0,1184.0,39.080000000000005,2760.0,1073.0,1004.0,360.0,315.0,1035.0,600.0,0.85,91.56901201362206,3.8,3.5,3.6,15.0,86.0,False,2.572227399813607
96908,73.0,1,7.0,43363.58822547237,2.0,139.0,1693.0,49.53000000000001,2495.0,2406.0,1044.0,0.0,0.0,0.0,240.0,0.67,92.23163404080952,4.3,3.4,4.7,14.0,139.0,False,1.0369908561928511
96912,50.0,0,4.0,15127.014633913444,2.0,144.0,2647.0,100.27,4926.0,1736.0,1663.0,360.0,180.0,900.0,240.0,0.81,107.41297046721546,3.8,3.2,3.9,16.0,86.0,False,2.837557603686636
96913,25.0,1,6.0,24758.41679642752,2.0,138.0,2191.0,72.8,2656.0,2161.0,1620.0,450.0,3450.0,4350.0,300.0,0.64,125.6964236051434,4.2,2.9,4.1,12.0,93.0,False,1.2290606200832948
96915,49.0,0,3.0,284989.4458517071,1.0,137.0,2342.0,103.11,4818.0,3076.0,1641.0,50.0,0.0,100.0,300.0,1.0,92.2635123866304,4.2,3.4,4.2,21.0,293.0,False,1.5663198959687907
96916,69.0,1,1.0,20733.52875235136,1.0,142.0,1965.0,83.57999999999998,3779.0,2244.0,1251.0,0.0,135.0,135.0,480.0,0.66,94.8981775764914,4.2,4.3,3.8,18.0,97.0,False,1.6840463458110517
96921,57.0,0,3.0,46363.59503148774,1.0,145.0,1994.0,75.30999999999999,3192.0,3233.0,1470.0,20.0,180.0,220.0,180.0,1.13,75.81022592029986,3.6,3.4,4.1,24.0,95.0,False,0.9873182802350757
96922,57.0,0,3.0,78719.4583498247,2.0,141.0,851.0,71.85000000000001,1824.0,1267.0,1408.0,660.0,645.0,1965.0,180.0,0.86,100.99354512840316,4.4,3.2,4.1,25.0,91.0,False,1.4396211523283347
96926,59.0,0,3.0,117014.50762675604,1.0,141.0,3858.0,151.20000000000002,6243.0,4965.0,2377.0,450.0,480.0,1380.0,300.0,0.98,88.82774088552983,4.1,2.9,4.0,19.0,100.0,False,1.2574018126888218
96927,70.0,0,3.0,82185.73800614692,2.0,137.0,2927.0,105.49000000000002,4268.0,4659.0,1872.0,300.0,1050.0,1650.0,300.0,0.94,87.2078139396054,5.1,4.1,4.5,22.0,99.0,False,0.9160764112470487
96928,71.0,0,4.0,10146.701347960548,1.0,139.0,1986.0,93.98,2130.0,2269.0,1333.0,0.0,0.0,0.0,300.0,1.03,77.66103016909342,4.4,3.9,4.2,14.0,147.0,False,0.9387395328338475
96930,70.0,0,3.0,122013.96842477524,1.0,146.0,1613.0,50.0,2536.0,2849.0,1113.0,0.0,240.0,240.0,180.0,0.95,86.10740437326668,4.4,3.9,4.6,16.0,99.0,False,0.8901368901368901
96933,59.0,0,3.0,28406.92318484492,1.0,140.0,5087.0,211.89,7001.0,4086.0,3196.0,0.0,0.0,0.0,480.0,0.64,109.05454804664151,4.0,2.9,4.2,14.0,106.0,False,1.7134116495349976
96934,55.0,1,4.0,11925.310998747984,1.0,147.0,1068.0,41.1,1372.0,1168.0,494.0,0.0,1680.0,1680.0,600.0,0.37,119.02699011549,3.4,3.9,2.6,4.0,95.0,False,1.1746575342465753
96938,65.0,1,1.0,23557.636857748123,1.0,140.0,1757.0,53.33,2126.0,1780.0,1032.0,0.0,0.0,0.0,360.0,0.66,97.28858853471468,4.4,3.6,4.6,15.0,99.0,False,1.1943820224719102
96939,32.0,1,3.0,49790.65739571896,2.0,139.0,1175.0,20.06,1243.0,288.0,168.0,3360.0,3360.0,10080.0,60.0,0.56,124.27733369603666,4.1,2.7,3.9,9.0,88.0,False,4.315972222222222
96940,59.0,1,3.0,202666.60738546692,1.0,140.0,1459.0,52.46000000000001,1208.0,3529.0,1034.0,120.0,3660.0,3900.0,480.0,0.82,82.34750290289922,3.9,3.7,4.1,17.0,88.0,False,0.342306602436951
96944,70.0,1,1.0,27250.53414220501,1.0,142.0,1294.0,42.51,1092.0,1378.0,923.0,0.0,360.0,360.0,480.0,1.41,40.12851037070512,4.0,3.1,3.5,21.0,122.0,True,0.7924528301886793
96945,18.0,0,3.0,37923.172108546176,2.0,142.0,3462.0,114.24,10614.0,2066.0,1766.0,1800.0,1200.0,4800.0,240.0,0.88,127.82555251862314,4.5,3.2,4.0,16.0,93.0,False,5.137463697967086
96946,77.0,0,1.0,13496.203379994153,2.0,141.0,238.0,1.26,75.0,212.0,24.0,0.0,0.0,0.0,360.0,1.54,46.17181068027282,4.1,3.1,4.1,17.0,119.0,True,0.35377358490566035
96951,36.0,1,3.0,103875.25737014048,2.0,141.0,1150.0,57.970000000000006,2097.0,877.0,684.0,0.0,0.0,0.0,540.0,0.79,99.35682892445334,4.5,3.3,4.1,13.0,91.0,False,2.3911060433295326
96952,63.0,1,3.0,164492.6019936504,2.0,134.0,1050.0,45.940000000000005,1349.0,1303.0,857.0,60.0,250.0,370.0,120.0,0.71,95.48013145015602,4.2,4.2,4.4,18.0,113.0,False,1.0353031465848044
96953,60.0,1,3.0,42929.67448881909,1.0,138.0,2366.0,53.73,2653.0,2426.0,989.0,2520.0,2520.0,7560.0,180.0,0.92,71.28212805834134,4.0,3.2,4.2,15.0,97.0,False,1.0935696619950537
96954,55.0,0,1.0,13931.730946724518,2.0,136.0,1539.0,65.41,1928.0,1494.0,817.0,2480.0,3680.0,8640.0,60.0,0.62,112.87866762284575,3.9,3.5,4.4,17.0,244.0,False,1.2904953145917002
96955,64.0,0,6.0,11361.38386447198,2.0,135.0,1560.0,50.66,2026.0,2277.0,1054.0,0.0,0.0,0.0,660.0,0.86,96.69111406727424,4.5,3.2,4.0,8.0,108.0,False,0.8897672375933245
96958,24.0,1,4.0,27486.352351180594,1.0,137.0,2001.0,97.93,3377.0,2119.0,1200.0,360.0,540.0,1260.0,600.0,0.67,125.0919247454359,3.4,3.6,3.8,14.0,78.0,False,1.5936762623879188
96959,33.0,0,6.0,36291.28839064999,2.0,145.0,2495.0,60.61000000000001,4271.0,2650.0,1264.0,0.0,0.0,0.0,840.0,0.94,109.77227903712412,4.4,4.1,4.3,9.0,84.0,False,1.6116981132075472
96962,71.0,1,6.0,16550.962852325774,1.0,136.0,2029.0,60.77,3161.0,2903.0,1216.0,0.0,50.0,50.0,240.0,0.69,92.72638198636356,4.1,3.7,4.2,13.0,96.0,False,1.0888735790561488
96964,65.0,1,4.0,12180.431706893942,2.0,136.0,1312.0,45.77,2707.0,1383.0,1333.0,40.0,0.0,80.0,600.0,1.04,59.64595607631173,4.3,3.4,4.1,10.0,92.0,True,1.9573391178597253
96965,52.0,0,2.0,60916.43249078676,2.0,137.0,1863.0,82.38999999999999,2749.0,2516.0,1522.0,0.0,0.0,0.0,240.0,1.23,70.63839570832454,3.5,3.9,3.8,19.0,86.0,False,1.0926073131955485
96966,25.0,1,3.0,48550.48072356104,1.0,140.0,2964.0,79.0,3756.0,2239.0,1160.0,480.0,2490.0,3450.0,120.0,0.56,129.80725923103557,3.7,2.9,3.9,4.0,89.0,False,1.6775346136668154
96967,21.0,1,6.0,16231.965436319804,1.0,138.0,2734.0,130.25,7445.0,4134.0,1767.0,0.0,0.0,0.0,300.0,0.4,144.3177891719849,3.8,3.2,4.3,10.0,91.0,False,1.800919206579584
96969,38.0,0,1.0,24081.1911520528,2.0,136.0,2966.0,141.57999999999998,5913.0,3520.0,1948.0,720.0,1200.0,2640.0,120.0,0.72,119.92697515477371,4.2,3.1,4.2,13.0,96.0,False,1.6798295454545455
96970,49.0,1,6.0,10465.199213256505,2.0,140.0,485.0,37.77,1523.0,604.0,360.0,0.0,0.0,0.0,480.0,0.5,114.9043159267762,4.2,3.2,4.0,12.0,120.0,False,2.521523178807947
96976,63.0,0,3.0,84406.39616195922,1.0,140.0,2432.0,135.58,3856.0,3223.0,1792.0,0.0,120.0,120.0,300.0,0.91,94.7035385987119,4.4,2.7,3.9,19.0,113.0,False,1.1964008687558176
96978,60.0,0,4.0,6006.803506378333,2.0,140.0,1840.0,58.80000000000001,2828.0,1693.0,735.0,180.0,180.0,540.0,300.0,1.18,70.64159418675817,3.8,4.4,4.3,16.0,92.0,False,1.670407560543414
96979,34.0,1,2.0,30930.752055715984,1.0,140.0,3084.0,145.72000000000003,4248.0,2427.0,1820.0,0.0,0.0,0.0,420.0,0.64,118.85401377862352,4.0,3.7,4.1,11.0,80.0,False,1.750309023485785
96983,80.0,0,3.0,24386.181511223265,2.0,142.0,877.0,20.91,1266.0,442.0,258.0,720.0,0.0,1440.0,300.0,1.03,73.43347475641168,3.9,3.0,4.1,21.0,102.0,False,2.8642533936651584
96990,30.0,0,2.0,45323.10340120555,2.0,141.0,3261.0,124.35,5216.0,2771.0,2087.0,0.0,0.0,0.0,240.0,0.84,120.31146361944003,4.0,3.7,4.3,14.0,99.0,False,1.8823529411764706
96992,28.0,0,4.0,62998.70059923141,1.0,143.0,2375.0,64.75,2770.0,1544.0,1357.0,2100.0,180.0,4380.0,120.0,1.12,91.76763005409724,3.7,3.1,4.2,11.0,89.0,False,1.794041450777202
96993,52.0,0,3.0,126956.8798738883,1.0,142.0,2871.0,107.02,4188.0,4281.0,2056.0,0.0,210.0,210.0,780.0,0.93,98.79783384720038,4.0,3.9,4.0,18.0,110.0,False,0.9782761037140855
96994,61.0,0,2.0,10308.930470854046,1.0,145.0,2105.0,73.14999999999999,3177.0,2793.0,1040.0,0.0,0.0,0.0,300.0,0.85,98.86068233933266,4.2,3.5,3.6,12.0,102.0,False,1.1374865735767992
96996,38.0,1,2.0,46459.73654303183,2.0,134.0,1271.0,58.89,2582.0,1888.0,729.0,0.0,520.0,520.0,180.0,0.57,119.21567329044125,4.0,3.3,4.1,14.0,95.0,False,1.367584745762712
96998,68.0,1,7.0,6513.869921850719,2.0,137.0,766.0,39.47,2978.0,912.0,515.0,0.0,420.0,420.0,360.0,0.61,97.32053285502668,4.0,3.7,3.8,15.0,131.0,False,3.2653508771929824
97000,33.0,0,6.0,36569.29602240688,1.0,138.0,1238.0,34.86999999999999,1523.0,2320.0,823.0,150.0,50.0,350.0,660.0,0.92,112.6420932389534,4.0,3.4,4.1,14.0,89.0,False,0.6564655172413794
97003,20.0,0,3.0,83451.34914323871,1.0,142.0,2631.0,100.78,4445.0,3554.0,1258.0,30.0,300.0,360.0,480.0,0.92,122.12759675895794,3.9,3.2,4.8,12.0,79.0,False,1.250703432751829
97011,26.0,1,3.0,85280.52096207552,2.0,147.0,1082.0,36.92,1377.0,1076.0,664.0,0.0,360.0,360.0,240.0,0.81,102.6073059362341,4.2,3.4,4.2,10.0,83.0,False,1.279739776951673
97013,50.0,0,1.0,26719.36637154455,1.0,148.0,2522.0,88.64999999999999,3054.0,2961.0,1719.0,0.0,0.0,0.0,480.0,0.75,109.9387263112153,3.8,4.0,3.6,6.0,95.0,False,1.0314083080040526
97015,72.0,1,4.0,10900.82568513725,1.0,146.0,1110.0,70.67999999999999,2942.0,1021.0,657.0,0.0,630.0,630.0,240.0,0.98,61.32572166301825,3.8,4.8,3.7,22.0,114.0,False,2.881488736532811
97017,66.0,1,3.0,55461.54322062451,1.0,140.0,1051.0,28.87,2071.0,1279.0,873.0,0.0,0.0,0.0,480.0,0.75,87.74987123729824,4.1,3.5,4.2,10.0,101.0,False,1.619233776387803
97018,27.0,0,4.0,20694.62692648156,1.0,144.0,5796.0,175.92999999999998,7753.0,6977.0,7373.0,240.0,0.0,480.0,480.0,0.93,115.41775232762296,3.9,3.5,4.0,13.0,72.0,False,1.1112225885050881
97021,27.0,0,3.0,52033.462269474345,2.0,139.0,4273.0,147.28,6085.0,4798.0,2380.0,420.0,1200.0,2040.0,120.0,1.16,88.53246648646399,4.1,4.7,4.5,11.0,82.0,False,1.2682367653188829
97022,46.0,0,2.0,59370.651965814,1.0,148.0,1249.0,42.71,1705.0,2237.0,648.0,0.0,10.0,10.0,300.0,0.83,109.31044169423753,3.5,3.6,4.3,10.0,90.0,False,0.7621814930710773
97023,80.0,1,1.0,12841.758103264514,2.0,135.0,3360.0,158.42,6135.0,3524.0,2485.0,0.0,0.0,0.0,540.0,0.79,75.57069009474026,4.1,3.3,4.4,19.0,82.0,False,1.7409194097616345
97024,55.0,1,3.0,124173.47167797953,2.0,142.0,2793.0,145.13000000000002,5439.0,4461.0,2201.0,0.0,0.0,0.0,120.0,0.8,86.96071522622101,4.5,4.1,3.6,16.0,97.0,False,1.2192333557498318
97025,36.0,1,1.0,19144.75678292095,1.0,137.0,2666.0,150.88000000000002,6190.0,4089.0,2032.0,0.0,0.0,0.0,300.0,0.43,129.19190836292083,4.0,2.4,3.6,14.0,174.0,False,1.5138175593054537
97026,80.0,1,3.0,61835.46968248137,1.0,145.0,1585.0,47.22,2773.0,1698.0,780.0,0.0,0.0,0.0,720.0,1.13,49.182631916953454,5.5,3.6,3.9,28.0,88.0,True,1.6330977620730271
97027,26.0,1,6.0,20179.89766540112,2.0,138.0,1283.0,39.31,1914.0,1161.0,694.0,0.0,0.0,0.0,600.0,0.75,112.53478653816474,4.6,4.5,4.3,11.0,82.0,False,1.648578811369509
97029,55.0,0,6.0,12839.46946874124,2.0,136.0,2902.0,122.21,3049.0,4071.0,2051.0,480.0,120.0,1080.0,420.0,1.11,78.42172006692384,4.0,4.1,4.4,22.0,88.0,False,0.7489560304593466
97030,57.0,1,2.0,32861.914242483814,2.0,137.0,1962.0,109.35,2734.0,2537.0,1652.0,60.0,1200.0,1320.0,60.0,0.68,101.5185494980435,4.1,3.5,4.2,24.0,90.0,False,1.0776507686243595
97031,70.0,0,4.0,14035.229145398183,1.0,141.0,1353.0,35.48,1554.0,3592.0,915.0,720.0,1180.0,2620.0,60.0,0.79,95.56869799603584,3.8,3.3,4.1,7.0,90.0,False,0.43262806236080176
97032,50.0,0,3.0,20208.90136801897,2.0,135.0,7284.0,545.2,18073.0,9438.0,6930.0,135.0,180.0,450.0,480.0,0.93,100.03441527367076,3.9,2.6,4.2,22.0,88.0,False,1.9149184149184149
97034,31.0,1,3.0,103165.29203278126,2.0,145.0,1551.0,63.84,1213.0,3206.0,942.0,1140.0,0.0,2280.0,420.0,0.65,120.6407782830614,3.9,3.6,4.3,9.0,90.0,False,0.3783530879600749
97035,36.0,1,4.0,12443.384865771066,2.0,140.0,1864.0,72.46999999999998,4512.0,2635.0,1039.0,0.0,0.0,0.0,300.0,0.79,99.35682892445334,3.8,2.1,3.8,8.0,81.0,False,1.7123339658444023
97039,76.0,0,6.0,25867.77364418861,1.0,136.0,3046.0,94.35,3746.0,4954.0,1592.0,0.0,120.0,120.0,180.0,0.64,98.11302211252956,3.5,3.4,4.8,10.0,274.0,False,0.7561566410981025
97040,58.0,1,4.0,27868.53142785064,1.0,144.0,1337.0,27.96,1592.0,1034.0,478.0,60.0,60.0,180.0,540.0,0.91,73.12710722568785,3.3,3.5,4.0,12.0,94.0,False,1.539651837524178
97041,26.0,1,4.0,31371.808670131828,1.0,147.0,711.0,54.11,2085.0,1022.0,677.0,0.0,1200.0,1200.0,240.0,0.73,116.24462355234466,4.3,3.7,4.0,13.0,84.0,False,2.040117416829746
97042,33.0,1,3.0,95435.89535826296,2.0,141.0,2364.0,124.97000000000004,3223.0,4639.0,2358.0,225.0,0.0,450.0,180.0,0.72,113.14992194550184,4.0,3.3,4.6,11.0,82.0,False,0.6947618021125243
97044,30.0,1,6.0,15137.408055727285,1.0,139.0,1971.0,76.59,4784.0,4473.0,1420.0,0.0,150.0,150.0,240.0,0.63,122.31118798118642,4.2,4.1,4.6,7.0,91.0,False,1.0695282807958864
97046,61.0,0,4.0,9407.685857857452,1.0,139.0,2835.0,89.57999999999998,3846.0,2679.0,1451.0,0.0,0.0,0.0,480.0,1.3,62.50084225939999,3.7,3.9,4.4,14.0,103.0,False,1.4356103023516238
97048,34.0,1,4.0,22304.003599583437,1.0,144.0,3133.0,108.89,4940.0,2025.0,1778.0,900.0,600.0,2400.0,120.0,0.83,94.81095824636552,3.8,3.7,4.0,13.0,90.0,False,2.439506172839506
97049,52.0,0,6.0,13595.943930200396,2.0,138.0,2388.0,63.3,3847.0,3045.0,1314.0,0.0,0.0,0.0,480.0,0.86,104.1834309051395,4.5,3.7,4.3,10.0,91.0,False,1.2633825944170771
97051,68.0,0,6.0,11982.806155964792,1.0,137.0,1956.0,102.68,4732.0,3041.0,1398.0,0.0,420.0,420.0,120.0,0.85,94.6491134724277,3.8,3.8,4.5,24.0,93.0,False,1.556067083196317
97055,53.0,0,1.0,44987.106956583935,2.0,143.0,4665.0,127.15999999999998,7103.0,5075.0,2008.0,120.0,120.0,360.0,420.0,0.86,103.53749363352765,4.9,3.7,4.3,11.0,94.0,False,1.3996059113300492
97056,72.0,1,7.0,16490.274716023432,2.0,135.0,635.0,21.0,1551.0,1213.0,388.0,0.0,90.0,90.0,360.0,10.96,3.383306112815939,4.3,5.5,3.3,57.0,171.0,True,1.2786479802143447
97057,26.0,1,6.0,20179.89766540112,2.0,138.0,1521.0,100.76,2589.0,4212.0,1118.0,0.0,60.0,60.0,360.0,0.73,116.24462355234466,4.1,3.7,4.2,13.0,79.0,False,0.6146723646723646
97059,44.0,0,4.0,31096.35554732472,1.0,139.0,2029.0,105.54,3411.0,2364.0,1082.0,240.0,360.0,840.0,420.0,0.96,99.9561550582794,4.6,2.8,3.7,11.0,87.0,False,1.4428934010152283
97060,20.0,0,4.0,54036.13196010797,1.0,134.0,126.0,1.72,22.0,352.0,30.0,360.0,1300.0,2020.0,180.0,0.97,114.6128000718677,4.0,3.7,4.5,9.0,78.0,False,0.0625
97063,51.0,0,4.0,29032.334779656278,2.0,136.0,2244.0,53.13999999999999,3447.0,2512.0,889.0,240.0,360.0,840.0,600.0,1.02,88.98314729327959,4.6,2.3,4.5,21.0,77.0,False,1.3722133757961783
97064,24.0,0,1.0,62757.68583616197,2.0,136.0,3006.0,95.71999999999998,5743.0,2823.0,1867.0,135.0,570.0,840.0,480.0,0.84,124.88579869380104,4.5,3.8,4.1,14.0,90.0,False,2.034360609280907
97065,42.0,0,4.0,21518.14765830328,1.0,147.0,1752.0,64.22000000000001,3822.0,1659.0,1237.0,180.0,0.0,360.0,180.0,0.98,98.73377588109727,3.8,3.1,4.4,16.0,103.0,False,2.3037974683544302
97067,59.0,0,6.0,11726.218558257868,1.0,148.0,1897.0,49.540000000000006,2831.0,3658.0,1041.0,75.0,0.0,150.0,540.0,1.0,86.700161782722,4.9,2.9,4.2,11.0,108.0,False,0.773920174958994
97071,31.0,1,4.0,25988.453889578625,1.0,136.0,1513.0,81.48,4671.0,2413.0,1004.0,0.0,0.0,0.0,600.0,0.61,122.50159940945234,4.0,2.9,4.4,10.0,80.0,False,1.935764608371322
97077,52.0,1,4.0,20726.161853633195,1.0,146.0,2222.0,65.06,2841.0,1655.0,1230.0,0.0,60.0,60.0,720.0,0.86,81.23365023613746,3.5,3.4,4.1,16.0,113.0,False,1.7166163141993958
97078,28.0,1,4.0,32046.95781866735,1.0,136.0,1210.0,30.78,1913.0,728.0,756.0,360.0,2400.0,3120.0,120.0,0.78,106.03390824991509,3.6,4.0,3.8,12.0,90.0,False,2.6277472527472527
97088,60.0,0,3.0,20743.466010431108,1.0,145.0,2925.0,130.82999999999998,4851.0,3662.0,2113.0,0.0,0.0,0.0,360.0,0.94,92.80373941852558,3.4,2.5,4.2,21.0,100.0,False,1.3246859639541235
97092,31.0,1,4.0,16756.506066794413,2.0,145.0,1618.0,93.39,3339.0,1975.0,1323.0,0.0,60.0,60.0,420.0,0.63,121.55285861570307,3.5,3.3,3.8,8.0,89.0,False,1.690632911392405
97093,35.0,1,4.0,22240.81613255421,1.0,147.0,919.0,29.07,3294.0,1262.0,631.0,300.0,370.0,970.0,180.0,0.81,97.02177519260448,4.3,3.5,3.7,7.0,94.0,False,2.6101426307448494
97094,30.0,1,6.0,12261.967683370362,2.0,148.0,1088.0,43.4,2041.0,948.0,671.0,180.0,0.0,360.0,600.0,0.6,123.75786412164246,4.3,3.8,4.3,12.0,86.0,False,2.1529535864978904
97095,44.0,1,7.0,108780.33022989292,2.0,143.0,3041.0,76.82999999999998,3721.0,4107.0,1975.0,0.0,135.0,135.0,480.0,0.68,110.06734800595726,4.5,3.4,4.0,9.0,96.0,False,0.9060141222303384
97096,69.0,1,3.0,25624.002417793406,2.0,139.0,1227.0,43.96999999999999,1748.0,2245.0,771.0,0.0,480.0,480.0,360.0,0.74,87.52637004652964,4.5,4.9,4.1,15.0,104.0,False,0.7786191536748329
97097,53.0,0,1.0,10239.798065762578,2.0,148.0,3154.0,114.02,6827.0,4384.0,1963.0,0.0,0.0,0.0,960.0,0.79,106.22648189768373,4.4,3.1,4.0,14.0,155.0,False,1.5572536496350364
97098,19.0,0,2.0,19333.557546683514,1.0,144.0,4010.0,232.07,5086.0,5404.0,3146.0,75.0,600.0,750.0,180.0,0.83,129.29712081123125,4.5,3.9,4.7,14.0,100.0,False,0.9411547002220577
97099,77.0,1,3.0,72333.04163979641,2.0,146.0,1593.0,68.85,2687.0,2653.0,1207.0,0.0,90.0,90.0,360.0,0.96,60.9373327106254,3.8,3.8,3.9,20.0,96.0,False,1.0128156803618544
97100,22.0,1,3.0,108737.57992989976,1.0,145.0,3011.0,65.53999999999999,5587.0,2643.0,1633.0,0.0,240.0,240.0,480.0,0.93,89.12197448052662,3.8,3.7,4.3,11.0,90.0,False,2.1138857359061674
97102,70.0,1,2.0,45962.98503104205,1.0,136.0,1743.0,58.690000000000005,3121.0,2082.0,846.0,180.0,180.0,540.0,540.0,0.81,78.04299918085387,4.0,2.7,3.6,22.0,84.0,False,1.4990393852065322
97103,31.0,1,2.0,56452.08437011687,2.0,143.0,2220.0,93.68000000000002,3249.0,2841.0,1314.0,0.0,60.0,60.0,300.0,0.83,96.59653735004878,3.9,3.4,4.1,9.0,84.0,False,1.143611404435058
97104,38.0,0,1.0,99750.03475987689,1.0,148.0,1586.0,63.21999999999999,3086.0,1208.0,848.0,0.0,1800.0,1800.0,180.0,1.05,93.17811242443584,4.0,4.0,4.3,19.0,96.0,False,2.5546357615894038
97105,56.0,0,7.0,208401.41660052465,2.0,141.0,2475.0,105.45,4432.0,4835.0,2411.0,900.0,720.0,2520.0,120.0,1.02,86.25866343385943,4.5,3.8,4.7,18.0,93.0,False,0.9166494312306102
97106,20.0,1,3.0,64118.82215085121,1.0,142.0,1399.0,70.55999999999999,1930.0,2690.0,929.0,0.0,180.0,180.0,480.0,0.76,114.97145892546136,3.8,4.3,4.2,13.0,88.0,False,0.7174721189591078
97108,51.0,0,6.0,8443.22311145936,1.0,143.0,1071.0,42.36,1867.0,913.0,622.0,0.0,120.0,120.0,720.0,0.88,104.10807784232722,4.2,2.9,4.5,18.0,111.0,False,2.044906900328587
97109,74.0,1,3.0,64130.43753208404,1.0,147.0,2299.0,79.92000000000002,4059.0,3799.0,2026.0,0.0,0.0,0.0,480.0,0.96,62.08496827865277,4.3,3.7,3.4,18.0,82.0,False,1.0684390629112925
97111,43.0,0,6.0,23854.663586904862,2.0,138.0,1355.0,34.74,1581.0,2706.0,772.0,180.0,120.0,480.0,600.0,0.97,99.3367502559088,4.2,4.1,4.3,12.0,85.0,False,0.5842572062084257
97115,65.0,0,1.0,15506.810324647167,2.0,148.0,995.0,13.56,507.0,2172.0,428.0,0.0,0.0,0.0,240.0,0.83,97.12756587184924,4.4,2.9,4.8,15.0,108.0,False,0.23342541436464087
97116,23.0,1,1.0,41958.30096607187,1.0,140.0,2059.0,47.91,2411.0,1910.0,1077.0,825.0,1380.0,3030.0,300.0,0.63,127.75362661032143,3.7,3.5,4.4,14.0,88.0,False,1.262303664921466
97117,63.0,1,1.0,11899.801840683152,2.0,135.0,1063.0,38.94,885.0,1541.0,927.0,0.0,0.0,0.0,180.0,0.74,90.85419045857098,4.0,3.8,4.4,17.0,140.0,False,0.5743024010382868
97118,72.0,0,3.0,110616.39947786184,1.0,146.0,3036.0,116.4,4356.0,3469.0,1306.0,720.0,540.0,1980.0,540.0,0.93,87.242333027548,4.7,3.4,4.1,13.0,99.0,False,1.2556932833669645
97121,44.0,1,7.0,39741.33153826867,1.0,137.0,810.0,83.75,1778.0,2495.0,1441.0,400.0,1500.0,2300.0,120.0,0.75,100.61637229246554,3.9,3.3,4.5,14.0,81.0,False,0.712625250501002
97122,29.0,1,4.0,26446.08316863767,2.0,135.0,1450.0,83.78000000000002,2120.0,3248.0,1088.0,600.0,60.0,1260.0,60.0,0.72,116.000080086027,3.9,2.9,3.9,10.0,80.0,False,0.6527093596059114
97123,45.0,1,6.0,15198.392816014832,1.0,138.0,981.0,55.43,3692.0,2278.0,686.0,0.0,120.0,120.0,300.0,0.46,120.18977039592625,3.6,3.4,4.2,6.0,87.0,False,1.62071992976295
97124,62.0,1,3.0,65265.508404474574,2.0,138.0,1508.0,41.63,1942.0,1384.0,1211.0,0.0,900.0,900.0,300.0,1.12,55.59841451367252,4.0,3.1,4.0,23.0,97.0,True,1.403179190751445
97125,57.0,0,4.0,20216.66753842303,1.0,138.0,2968.0,88.15,3605.0,2949.0,1745.0,450.0,450.0,1350.0,120.0,1.0,87.78532534914498,4.5,3.3,4.3,15.0,94.0,False,1.2224482875551035
97127,19.0,0,1.0,9759.835281389487,2.0,136.0,2861.0,125.28000000000002,5780.0,2920.0,1826.0,3240.0,720.0,7200.0,120.0,0.92,122.88951173169444,4.4,4.7,4.4,17.0,91.0,False,1.9794520547945205
97128,29.0,1,1.0,28695.392806127213,1.0,137.0,2364.0,69.9,2616.0,2965.0,1950.0,420.0,0.0,840.0,60.0,0.58,125.551561355982,4.0,4.4,3.8,11.0,84.0,False,0.8822934232715008
97129,40.0,1,6.0,10414.615534037011,1.0,141.0,1910.0,88.43,3079.0,2800.0,1425.0,90.0,60.0,240.0,480.0,0.59,116.7674634532584,3.6,3.5,4.4,11.0,85.0,False,1.0996428571428571
97130,19.0,0,6.0,10105.69501135331,2.0,138.0,1101.0,54.94,1228.0,1302.0,772.0,510.0,1080.0,2100.0,60.0,0.91,124.5118083650725,4.6,4.0,4.5,15.0,79.0,False,0.9431643625192012
97131,53.0,1,4.0,41984.576581394576,1.0,137.0,1252.0,54.24999999999999,2811.0,2345.0,1071.0,0.0,30.0,30.0,660.0,0.76,93.63900534452222,4.0,3.4,3.7,13.0,92.0,False,1.1987206823027718
97137,39.0,1,4.0,21473.884965314268,1.0,147.0,1246.0,41.41,2411.0,594.0,515.0,0.0,0.0,0.0,180.0,0.95,78.1589799035923,3.5,3.8,3.7,8.0,91.0,False,4.058922558922559
97138,47.0,1,3.0,30759.27744669362,2.0,140.0,2926.0,111.75,5669.0,4653.0,2271.0,210.0,150.0,570.0,180.0,0.8,91.39683648165492,4.0,3.7,4.1,13.0,87.0,False,1.218353750268644
97139,29.0,0,1.0,19227.95765271657,2.0,135.0,3285.0,109.02,5084.0,2845.0,2119.0,0.0,135.0,135.0,240.0,0.99,105.75183258999832,4.1,3.8,4.8,19.0,76.0,False,1.786994727592267
97142,44.0,1,1.0,13626.209945852348,2.0,136.0,7463.0,316.91,14473.0,4405.0,5582.0,1140.0,3120.0,5400.0,120.0,0.6,113.43803611067987,4.6,3.7,4.0,12.0,104.0,False,3.2855845629965947
97143,61.0,0,1.0,6924.1614035158445,1.0,140.0,1387.0,85.77,3329.0,3578.0,1118.0,0.0,240.0,240.0,480.0,1.02,83.61759775558961,3.7,3.2,4.2,17.0,166.0,False,0.9304080491894914
97144,18.0,0,3.0,18571.30912838176,2.0,142.0,1971.0,46.73,4281.0,1469.0,860.0,60.0,630.0,750.0,240.0,0.92,123.656180047992,4.3,3.8,4.2,8.0,94.0,False,2.914227365554799
97146,19.0,1,7.0,14390.995625890837,1.0,148.0,939.0,38.44,2264.0,669.0,689.0,120.0,60.0,300.0,240.0,0.69,128.13144072828976,3.5,4.5,4.1,9.0,90.0,False,3.384155455904335
97147,37.0,1,2.0,45289.96884845138,2.0,144.0,1323.0,25.83,2571.0,1021.0,441.0,0.0,0.0,0.0,60.0,0.45,126.9918903173542,4.0,3.5,4.1,9.0,87.0,False,2.5181194906953968
97149,66.0,1,2.0,18508.72157183782,1.0,134.0,2356.0,87.74000000000001,3419.0,4708.0,1572.0,180.0,120.0,480.0,180.0,0.67,96.33563316155356,3.7,3.3,4.1,14.0,91.0,False,0.7262107051826678
97150,58.0,0,4.0,14644.915602044775,1.0,147.0,2099.0,83.0,3683.0,1682.0,1169.0,0.0,1200.0,1200.0,180.0,1.15,73.77063249623764,3.7,3.2,3.8,14.0,97.0,False,2.189655172413793
97153,30.0,0,3.0,51705.53091715985,2.0,143.0,4232.0,147.25,5524.0,4348.0,2497.0,0.0,450.0,450.0,300.0,1.11,91.61393839655402,4.1,3.4,4.2,14.0,99.0,False,1.2704691812327507
97155,52.0,0,3.0,22488.211661932222,2.0,147.0,1922.0,79.99,2286.0,1876.0,892.0,1800.0,1200.0,4800.0,180.0,0.96,95.10459081234966,3.9,3.3,3.7,8.0,96.0,False,1.2185501066098081
97156,45.0,1,6.0,19137.66366333898,2.0,138.0,2283.0,56.24,3739.0,3527.0,1180.0,140.0,135.0,415.0,420.0,0.73,103.28891875590944,4.3,3.8,4.1,8.0,82.0,False,1.0601077402891976
97161,60.0,0,7.0,32201.68854588661,1.0,143.0,2423.0,103.08,4677.0,1889.0,2227.0,0.0,0.0,0.0,180.0,0.82,100.56279683877256,3.6,3.2,3.5,19.0,107.0,False,2.475913181577554
97163,55.0,0,6.0,15815.028733702382,2.0,137.0,1443.0,64.31,3320.0,1328.0,824.0,0.0,0.0,0.0,30.0,0.86,102.2576086937272,3.9,3.0,4.5,14.0,103.0,False,2.5
97166,40.0,1,1.0,54177.79550590918,1.0,148.0,1930.0,72.76,2021.0,3233.0,1181.0,0.0,0.0,0.0,180.0,0.73,106.55130401444308,4.1,3.5,4.2,11.0,106.0,False,0.6251159913393133
97168,54.0,0,3.0,24833.273348159248,1.0,142.0,2849.0,87.74,6078.0,4366.0,1714.0,0.0,3600.0,3600.0,360.0,1.02,87.33830108299492,4.2,3.9,4.3,27.0,101.0,False,1.392120934493816
97169,67.0,1,4.0,18032.568566628142,1.0,139.0,943.0,20.27,1229.0,632.0,435.0,0.0,0.0,0.0,240.0,0.7,94.7330125610515,3.4,3.2,3.9,14.0,89.0,False,1.9446202531645569
97173,18.0,1,3.0,55901.08772312742,1.0,145.0,634.0,36.150000000000006,1597.0,675.0,634.0,2640.0,240.0,5520.0,120.0,0.79,111.12604518896556,4.1,3.6,4.0,5.0,93.0,False,2.365925925925926
97174,26.0,1,7.0,38464.678796518856,2.0,138.0,3460.0,116.86,5651.0,2850.0,1464.0,0.0,60.0,60.0,180.0,0.7,122.24825244259344,4.3,3.7,3.9,19.0,96.0,False,1.9828070175438597
97176,58.0,1,2.0,27604.01524785491,2.0,141.0,2755.0,95.86999999999998,2565.0,2857.0,1605.0,0.0,490.0,490.0,90.0,0.51,108.13209862354304,4.3,2.9,3.9,16.0,100.0,False,0.8977948897444872
97178,55.0,1,4.0,36604.399624904974,2.0,136.0,2063.0,100.59,3559.0,1345.0,1153.0,0.0,360.0,360.0,240.0,0.65,103.91301552500636,4.0,4.4,3.9,11.0,94.0,False,2.6460966542750928
97180,80.0,1,3.0,49813.67771192897,2.0,137.0,1924.0,62.6,4256.0,3537.0,1888.0,0.0,140.0,140.0,300.0,0.91,63.77584578738312,4.3,4.0,3.9,23.0,88.0,False,1.203279615493356
97181,65.0,0,2.0,7514.209472176868,1.0,137.0,2077.0,45.17999999999999,3293.0,1374.0,840.0,240.0,3840.0,4320.0,20.0,0.86,96.09162916005714,3.8,3.2,4.2,20.0,96.0,False,2.3966521106259098
97182,19.0,0,7.0,6937.805360933469,1.0,146.0,2942.0,109.11,5141.0,4201.0,1799.0,200.0,150.0,550.0,300.0,0.79,131.24025224859346,4.0,4.7,4.5,10.0,92.0,False,1.223756248512259
97186,46.0,0,6.0,20742.06882933226,1.0,136.0,2241.0,106.34999999999998,4735.0,2585.0,1800.0,0.0,600.0,600.0,600.0,0.91,105.2648402620275,4.0,3.2,4.7,18.0,210.0,False,1.8317214700193423
97188,80.0,1,3.0,14986.61178651485,2.0,144.0,2225.0,66.57999999999998,1784.0,2028.0,1268.0,0.0,0.0,0.0,300.0,0.92,62.9448937574491,4.4,3.1,4.1,8.0,82.0,False,0.8796844181459567
97189,71.0,0,4.0,12804.277455732165,2.0,147.0,1701.0,71.72,2597.0,1299.0,890.0,0.0,0.0,0.0,300.0,0.85,92.89953234007228,4.1,4.0,3.7,15.0,91.0,False,1.9992301770592764
97192,67.0,1,2.0,13022.86270412244,2.0,139.0,1238.0,21.629999999999995,1443.0,1099.0,894.0,90.0,180.0,360.0,240.0,1.3,45.069939342314576,4.5,4.0,4.4,15.0,85.0,True,1.3130118289353958
97193,28.0,0,1.0,47570.83324438916,2.0,144.0,673.0,14.54,687.0,289.0,158.0,240.0,240.0,720.0,600.0,0.85,121.38271692550154,4.2,4.0,4.0,11.0,105.0,False,2.3771626297577853
97198,73.0,1,3.0,25217.950734512586,2.0,139.0,2281.0,134.45999999999998,3599.0,3649.0,1786.0,0.0,0.0,0.0,300.0,1.01,58.779691482785225,3.9,3.6,4.4,27.0,89.0,True,0.9862976157851466
97200,56.0,0,4.0,14968.154366150073,1.0,145.0,2303.0,58.77,3254.0,2670.0,1094.0,1440.0,1080.0,3960.0,180.0,1.41,58.48708753427509,4.2,2.5,4.6,12.0,103.0,True,1.2187265917602996
97201,60.0,0,4.0,16873.402708062527,2.0,144.0,3234.0,138.39,6116.0,2767.0,1779.0,0.0,1440.0,1440.0,240.0,0.96,90.4885065688136,4.4,3.1,3.9,12.0,86.0,False,2.2103361040838454
97206,69.0,0,3.0,122549.6700507808,1.0,145.0,3734.0,116.40000000000002,3608.0,6250.0,2197.0,2160.0,1920.0,6240.0,180.0,1.21,64.81378551239514,4.5,3.1,3.8,13.0,109.0,False,0.57728
97209,71.0,1,3.0,186909.1457753309,1.0,146.0,1307.0,33.95,1375.0,853.0,413.0,0.0,360.0,360.0,360.0,0.71,90.84581961943222,4.4,4.1,3.9,15.0,87.0,False,1.611957796014068
97210,47.0,0,1.0,56888.45070944908,1.0,135.0,1079.0,26.64,973.0,1425.0,1102.0,0.0,0.0,0.0,360.0,0.64,117.50487188929732,3.9,2.9,4.2,14.0,232.0,False,0.6828070175438596
97215,71.0,1,2.0,10082.355468642534,2.0,141.0,2095.0,115.49,4073.0,3961.0,1921.0,0.0,250.0,250.0,120.0,1.77,30.356174896822733,4.9,4.4,4.0,51.0,121.0,True,1.0282756879575865
97216,69.0,1,6.0,12048.856006402082,2.0,141.0,1335.0,63.040000000000006,2442.0,1281.0,1333.0,180.0,270.0,630.0,480.0,0.7,93.56196474229728,4.4,4.2,3.6,22.0,97.0,False,1.9063231850117095
97217,29.0,1,4.0,26477.63965553813,1.0,138.0,2505.0,99.11,4367.0,2315.0,1507.0,0.0,180.0,180.0,120.0,0.66,121.70212908405996,3.7,3.6,4.3,15.0,82.0,False,1.8863930885529159
97222,53.0,1,4.0,20521.605938182354,1.0,147.0,1514.0,69.57000000000001,3137.0,1564.0,1372.0,0.0,0.0,0.0,420.0,0.65,105.21362000147175,4.0,2.9,3.6,13.0,184.0,False,2.0057544757033248
97223,26.0,0,4.0,45454.061147839006,1.0,141.0,5179.0,280.45,6078.0,6514.0,3796.0,300.0,240.0,840.0,180.0,1.25,81.44438397380328,4.1,3.3,4.3,19.0,85.0,False,0.9330672397912189
97224,72.0,1,3.0,59654.72605692557,2.0,139.0,1557.0,44.88,2534.0,1787.0,850.0,90.0,180.0,360.0,180.0,1.11,52.81124231864225,3.9,3.5,4.7,19.0,95.0,True,1.4180190263010632
97225,80.0,1,3.0,37354.51317716818,2.0,135.0,3318.0,114.52,5646.0,5025.0,2528.0,0.0,240.0,240.0,420.0,0.7,87.37521343984197,5.3,3.8,4.0,18.0,90.0,False,1.1235820895522388
97228,49.0,0,3.0,22439.49664705384,2.0,146.0,2310.0,110.62,5446.0,5947.0,1684.0,0.0,240.0,240.0,60.0,0.78,109.32201811381384,4.3,4.0,3.8,8.0,95.0,False,0.9157558432823272
97229,80.0,1,3.0,24032.8503921122,1.0,135.0,720.0,21.57,1595.0,1157.0,429.0,900.0,1140.0,2940.0,180.0,1.24,43.994650856574886,4.4,4.3,4.4,21.0,93.0,True,1.3785652549697494
97231,27.0,1,6.0,22620.919382276494,1.0,136.0,1137.0,35.419999999999995,1475.0,860.0,799.0,180.0,0.0,360.0,600.0,0.52,130.51291020538966,3.7,3.8,4.3,10.0,105.0,False,1.7151162790697674
97233,69.0,0,6.0,8878.059295218914,1.0,136.0,1521.0,69.45,4173.0,1768.0,753.0,0.0,0.0,0.0,60.0,0.65,102.00001245297533,3.3,3.7,4.3,11.0,113.0,False,2.360294117647059
97234,32.0,1,7.0,43868.0015887275,1.0,139.0,1243.0,32.85,1855.0,2443.0,654.0,480.0,3000.0,3960.0,180.0,0.67,119.02034757046717,4.4,3.6,4.1,10.0,96.0,False,0.7593123209169055
97235,35.0,1,3.0,71462.26903724326,2.0,143.0,2227.0,67.23,3694.0,1888.0,1342.0,3360.0,3360.0,10080.0,120.0,0.79,99.97668436753204,4.6,3.7,3.5,8.0,79.0,False,1.9565677966101696
97236,45.0,0,6.0,25820.537060102663,1.0,139.0,3418.0,141.02,4144.0,5705.0,2277.0,350.0,60.0,760.0,360.0,1.13,81.68454268274654,4.2,3.3,4.4,18.0,107.0,False,0.7263803680981595
97242,75.0,0,3.0,10563.91922488265,2.0,139.0,1961.0,80.74000000000001,4561.0,3560.0,2047.0,180.0,120.0,480.0,180.0,1.08,71.56411086540133,4.2,3.0,4.4,17.0,94.0,False,1.2811797752808989
97245,39.0,0,3.0,33177.62175731194,2.0,139.0,2049.0,103.03,2714.0,1945.0,1121.0,1260.0,1580.0,4100.0,180.0,0.89,111.79297257551902,3.9,3.6,4.2,15.0,93.0,False,1.3953727506426736
97247,45.0,0,1.0,37236.944048905614,1.0,146.0,1661.0,69.35000000000001,5383.0,1897.0,1164.0,135.0,220.0,490.0,300.0,1.03,91.29129011198027,4.3,3.2,4.3,21.0,105.0,False,2.837638376383764
97248,68.0,1,2.0,5287.969499471055,2.0,141.0,2651.0,79.34,3116.0,3584.0,1755.0,0.0,0.0,0.0,180.0,1.16,51.35330529416797,4.5,4.1,4.0,22.0,97.0,True,0.8694196428571429
97249,20.0,1,4.0,41675.37810964634,1.0,139.0,2443.0,70.03,5270.0,2027.0,1334.0,90.0,3660.0,3840.0,600.0,0.63,130.1596164907569,3.9,4.1,3.3,9.0,84.0,False,2.5999013320177604
97250,32.0,0,3.0,18584.7477603872,2.0,147.0,3365.0,122.67,4590.0,3626.0,2062.0,615.0,260.0,1490.0,360.0,0.94,110.45711313858332,4.3,3.6,4.5,17.0,97.0,False,1.265857694429123
97251,41.0,0,4.0,12206.215711788003,2.0,148.0,1333.0,68.73,3952.0,1745.0,801.0,30.0,60.0,120.0,900.0,1.18,79.5022895222958,4.0,3.7,4.1,14.0,101.0,False,2.264756446991404
97252,69.0,1,3.0,77436.11828430691,2.0,134.0,1038.0,38.9,1906.0,1255.0,702.0,0.0,0.0,0.0,300.0,0.68,94.21787672165551,4.5,3.4,3.4,20.0,96.0,False,1.5187250996015935
97253,57.0,1,4.0,25194.447074430136,2.0,147.0,2090.0,59.11,2334.0,2910.0,1484.0,0.0,480.0,480.0,120.0,1.06,61.27199681328827,4.4,3.7,3.8,15.0,82.0,False,0.8020618556701031
97255,29.0,0,4.0,20633.947722587003,2.0,147.0,1919.0,59.09,2844.0,1763.0,881.0,0.0,0.0,0.0,480.0,0.31,163.58712903325946,4.3,4.3,4.1,13.0,96.0,False,1.6131593874078276
97256,57.0,0,3.0,25910.610599994896,2.0,143.0,4435.0,77.55999999999999,3671.0,1964.0,1136.0,120.0,20.0,260.0,1020.0,0.81,102.8370651465466,4.8,3.5,3.6,10.0,97.0,False,1.8691446028513239
97257,26.0,1,1.0,48256.97061490947,2.0,135.0,1820.0,78.18999999999998,2608.0,2396.0,1120.0,360.0,360.0,1080.0,180.0,0.88,92.89259621802216,4.2,3.0,4.2,12.0,86.0,False,1.0884808013355594
97259,57.0,0,4.0,26035.65140110749,2.0,144.0,1524.0,43.99,1664.0,1677.0,902.0,0.0,0.0,0.0,180.0,0.66,109.3981256185834,3.8,3.4,4.4,9.0,90.0,False,0.9922480620155039
97260,45.0,1,2.0,15789.039667580702,1.0,148.0,1062.0,41.19,1323.0,1174.0,640.0,0.0,210.0,210.0,60.0,0.69,109.00075649936792,3.9,3.1,4.0,15.0,118.0,False,1.126916524701874
97261,19.0,0,3.0,61809.69660187882,1.0,146.0,953.0,38.02,2118.0,869.0,907.0,360.0,90.0,810.0,360.0,0.99,112.53768522979388,3.9,4.0,4.9,14.0,105.0,False,2.4372842347525894
97264,67.0,1,1.0,13323.328280865931,1.0,135.0,1580.0,57.7,3865.0,3243.0,1370.0,0.0,90.0,90.0,240.0,0.6,98.31856350757892,3.9,3.1,3.3,18.0,123.0,False,1.1917977181621955
97266,43.0,0,7.0,42133.7555135099,2.0,140.0,3644.0,70.65,3991.0,3601.0,1904.0,3120.0,240.0,6480.0,120.0,0.89,109.04618437844776,4.2,2.7,4.3,4.0,90.0,False,1.108303249097473
97270,36.0,1,4.0,33096.67758174371,2.0,143.0,3605.0,119.29,5932.0,2237.0,1482.0,420.0,120.0,960.0,360.0,0.78,100.88734856260476,3.7,4.1,4.1,10.0,103.0,False,2.6517657577112206
97275,39.0,1,4.0,53385.96294812991,2.0,143.0,2428.0,105.34999999999998,5291.0,2852.0,1453.0,0.0,0.0,0.0,300.0,0.52,121.12711760674718,4.3,3.9,3.7,10.0,83.0,False,1.8551893408134643
97277,47.0,0,1.0,20248.900786384835,2.0,137.0,2798.0,85.5,5324.0,1165.0,1625.0,1260.0,960.0,3480.0,180.0,0.79,110.26529505274232,4.1,4.1,3.7,12.0,102.0,False,4.5699570815450645
97278,27.0,1,4.0,34250.507044201026,2.0,142.0,2276.0,58.58,3674.0,843.0,736.0,0.0,0.0,0.0,840.0,0.78,106.6954198530037,3.9,4.1,3.4,9.0,116.0,False,4.358244365361803
97280,48.0,0,1.0,16358.5169683336,2.0,148.0,1443.0,51.25000000000001,2572.0,2079.0,775.0,600.0,360.0,1560.0,180.0,0.8,109.16616197879256,5.2,2.9,3.9,15.0,151.0,False,1.237133237133237
97284,52.0,1,3.0,196978.68437195395,1.0,135.0,1367.0,72.70000000000002,1590.0,2303.0,1521.0,0.0,60.0,60.0,600.0,0.78,91.33149927380364,3.9,3.9,4.5,10.0,83.0,False,0.6904038211029092
97289,48.0,1,3.0,131802.2952969847,1.0,140.0,1049.0,56.62,1855.0,2129.0,928.0,0.0,330.0,330.0,120.0,0.91,77.81950603764923,4.4,3.6,4.3,13.0,78.0,False,0.8713010803193988
97293,27.0,1,1.0,49882.9706496902,2.0,147.0,2922.0,148.72000000000003,7118.0,3446.0,2101.0,0.0,0.0,0.0,240.0,0.61,125.58731899971744,4.2,4.2,3.5,16.0,94.0,False,2.065583284968079
97297,62.0,1,1.0,7549.242208815665,2.0,144.0,912.0,40.52,1255.0,1015.0,578.0,0.0,0.0,0.0,100.0,0.51,105.47525924105814,4.5,3.4,4.3,12.0,78.0,False,1.2364532019704433
97299,59.0,0,3.0,204386.2188062892,2.0,140.0,4019.0,135.98999999999998,3639.0,3677.0,2397.0,600.0,900.0,2100.0,240.0,0.82,101.19017592953568,4.3,2.9,4.2,15.0,94.0,False,0.9896654881697036
97304,26.0,1,1.0,64795.88678220435,2.0,143.0,2069.0,62.33,4079.0,1391.0,1152.0,0.0,0.0,0.0,300.0,0.71,120.1850058907146,4.0,3.8,3.5,15.0,99.0,False,2.9324227174694464
97305,64.0,0,3.0,111795.52678773142,1.0,135.0,4091.0,208.42,5659.0,6786.0,3296.0,0.0,900.0,900.0,360.0,0.94,90.52352260161712,3.8,3.3,4.5,16.0,96.0,False,0.8339227821986442
97306,20.0,1,1.0,33003.93459433611,1.0,148.0,1586.0,60.54,2306.0,2375.0,1565.0,0.0,0.0,0.0,300.0,0.75,116.81344632386516,4.1,4.3,4.1,12.0,104.0,False,0.9709473684210527
97307,63.0,0,3.0,16512.743372193097,1.0,143.0,2105.0,75.62000000000002,2979.0,1635.0,1033.0,0.0,120.0,120.0,900.0,0.81,99.07033426950296,3.6,2.2,3.7,9.0,194.0,False,1.8220183486238533
97308,51.0,1,3.0,67521.33654762783,2.0,147.0,1618.0,53.32000000000001,2909.0,2062.0,980.0,0.0,40.0,40.0,360.0,0.69,105.00826104510544,3.8,3.3,3.7,13.0,101.0,False,1.4107662463627546
97313,18.0,1,3.0,171537.67196216388,1.0,139.0,1352.0,69.63000000000001,2216.0,1928.0,1101.0,450.0,90.0,990.0,360.0,0.77,114.59864907682773,4.4,3.4,3.9,12.0,90.0,False,1.1493775933609958
97316,27.0,0,1.0,33918.30379267371,1.0,138.0,3492.0,91.18,4425.0,2994.0,1079.0,3600.0,3600.0,10800.0,240.0,0.81,123.9309850339312,3.8,3.8,4.5,15.0,95.0,False,1.4779559118236474
97319,32.0,0,3.0,39662.7076949086,1.0,142.0,2174.0,118.57,4887.0,2697.0,2220.0,0.0,360.0,360.0,840.0,0.99,103.79701860153588,4.1,3.3,4.1,12.0,80.0,False,1.8120133481646274
97320,65.0,0,4.0,10835.092611520471,1.0,139.0,2119.0,72.45000000000002,2781.0,3395.0,1309.0,0.0,0.0,0.0,240.0,0.77,99.35366446702584,4.4,3.5,3.9,11.0,87.0,False,0.8191458026509573
97322,32.0,1,4.0,26162.47770864591,1.0,141.0,1587.0,50.790000000000006,1594.0,1558.0,842.0,480.0,1650.0,2610.0,600.0,0.87,90.7258736311395,3.7,4.1,3.3,13.0,86.0,False,1.0231065468549423
97323,67.0,1,6.0,17030.50188240545,2.0,141.0,1454.0,37.38,1621.0,1280.0,601.0,120.0,180.0,420.0,60.0,0.54,100.84702241198546,3.6,4.1,4.1,14.0,93.0,False,1.26640625
97325,27.0,1,1.0,73457.00299058562,1.0,134.0,1800.0,60.69999999999999,2015.0,1723.0,1089.0,1200.0,0.0,2400.0,60.0,0.67,122.7796107330242,3.4,3.7,4.4,13.0,88.0,False,1.1694718514219384
97326,64.0,0,6.0,5189.435044094636,2.0,135.0,3605.0,102.17000000000002,7587.0,3927.0,1768.0,0.0,0.0,0.0,300.0,0.71,102.45309325796734,4.5,3.4,3.5,19.0,99.0,False,1.9320091673032849
97327,76.0,0,4.0,10448.778371555783,1.0,148.0,881.0,21.93,858.0,1059.0,379.0,0.0,300.0,300.0,360.0,1.62,43.720463895825176,4.1,3.6,4.0,28.0,103.0,True,0.8101983002832861
97330,72.0,0,3.0,88937.16788540625,1.0,141.0,3089.0,91.43,5640.0,2536.0,1717.0,0.0,0.0,0.0,960.0,0.95,85.04298252766228,4.3,3.3,3.9,16.0,123.0,False,2.22397476340694
97332,80.0,1,3.0,29354.2215566432,1.0,140.0,1455.0,43.9,1363.0,1763.0,741.0,0.0,0.0,0.0,660.0,1.22,44.86153204183479,4.4,4.0,3.9,29.0,90.0,True,0.7731140102098696
97334,72.0,1,3.0,117212.51551397856,2.0,135.0,1331.0,37.78,2143.0,1083.0,579.0,0.0,20.0,20.0,480.0,1.35,41.75547574216275,4.5,3.3,3.6,15.0,88.0,True,1.9787626962142197
97336,58.0,1,6.0,18370.44871065357,2.0,136.0,2170.0,65.96,4592.0,5332.0,946.0,1050.0,210.0,2310.0,180.0,0.81,84.09032713317622,3.1,3.7,4.1,12.0,83.0,False,0.8612153038259565
97337,71.0,0,4.0,7953.495696402556,1.0,144.0,1083.0,39.98,1767.0,824.0,404.0,0.0,0.0,0.0,300.0,1.89,37.484666541778736,4.7,3.7,4.0,23.0,87.0,True,2.1444174757281553
97338,37.0,1,7.0,56736.019274426384,2.0,140.0,1594.0,44.7,1857.0,1727.0,883.0,180.0,300.0,660.0,60.0,0.65,116.22193042949988,4.7,2.8,3.7,10.0,98.0,False,1.0752750434279097
97339,80.0,0,3.0,11846.982549954251,1.0,138.0,2570.0,134.38000000000002,6312.0,4717.0,1617.0,1200.0,0.0,2400.0,180.0,1.02,74.29824276778098,3.8,2.9,4.4,14.0,98.0,False,1.3381386474454102
97343,57.0,1,3.0,394721.009801782,1.0,136.0,1215.0,34.34,1183.0,1013.0,606.0,0.0,80.0,80.0,240.0,0.74,94.30853718135629,3.6,4.2,4.0,8.0,88.0,False,1.1678183613030602
97345,18.0,0,6.0,5356.679223932871,2.0,141.0,1421.0,51.21000000000001,2100.0,1410.0,755.0,1080.0,600.0,2760.0,120.0,0.78,132.5680522851939,4.1,4.0,3.9,11.0,99.0,False,1.4893617021276595
97349,31.0,1,6.0,15165.794854807426,2.0,144.0,3670.0,149.32000000000002,6615.0,4328.0,2373.0,0.0,0.0,0.0,600.0,0.49,129.14244187013705,4.6,3.8,3.5,9.0,98.0,False,1.5284195933456561
97352,45.0,0,3.0,83947.51739185934,2.0,142.0,2108.0,97.36999999999998,4844.0,3126.0,1568.0,1180.0,960.0,3320.0,240.0,1.02,92.3663555050772,4.4,3.2,4.1,19.0,96.0,False,1.5495841330774152
97353,80.0,0,3.0,20211.049477672703,1.0,143.0,2978.0,152.68999999999997,6920.0,4084.0,2154.0,0.0,90.0,90.0,180.0,1.98,33.51973064900734,4.4,3.6,3.9,26.0,95.0,True,1.6944172380019589
97354,31.0,1,2.0,55412.39540755521,1.0,138.0,2509.0,70.36,3297.0,2147.0,1317.0,30.0,720.0,780.0,300.0,0.62,122.0224813079607,3.6,2.9,4.4,9.0,87.0,False,1.535631113181183
97356,29.0,1,1.0,94087.0934374869,2.0,143.0,2057.0,60.4,3000.0,1915.0,1100.0,300.0,300.0,900.0,240.0,0.45,133.47011927900704,3.5,3.0,4.0,8.0,86.0,False,1.566579634464752
97357,62.0,0,4.0,10255.96446907404,1.0,147.0,1404.0,69.59,2606.0,1875.0,794.0,0.0,0.0,0.0,360.0,1.24,65.73714869271981,3.8,3.5,4.0,24.0,99.0,False,1.3898666666666666
97360,63.0,0,4.0,10328.341587647024,2.0,134.0,1270.0,137.78,3150.0,3054.0,1722.0,0.0,0.0,0.0,120.0,0.92,93.46962164051295,4.5,3.9,4.2,11.0,96.0,False,1.031434184675835
97361,54.0,0,7.0,13971.77057101767,2.0,135.0,3172.0,105.25,6616.0,3053.0,1998.0,90.0,120.0,300.0,240.0,1.0,89.43859038783556,4.1,2.8,4.2,13.0,103.0,False,2.1670488044546348
97362,22.0,0,3.0,74273.62741542727,2.0,141.0,1278.0,78.33,3021.0,2246.0,1391.0,3000.0,2880.0,8880.0,240.0,1.1,97.33879520450049,4.4,3.2,4.4,18.0,90.0,False,1.3450578806767586
97364,33.0,1,6.0,24386.309150121044,1.0,144.0,1523.0,62.64999999999999,2326.0,1799.0,938.0,0.0,300.0,300.0,180.0,0.88,88.93527408610579,3.9,4.0,4.1,13.0,86.0,False,1.292940522512507
97365,49.0,1,3.0,54504.64495746735,1.0,143.0,1335.0,25.52,1247.0,1410.0,705.0,0.0,0.0,0.0,120.0,0.71,104.16627032220356,3.4,3.8,4.4,9.0,75.0,False,0.8843971631205674
97367,61.0,1,3.0,98715.097560867,2.0,139.0,1612.0,55.0,2613.0,1622.0,833.0,0.0,0.0,0.0,720.0,0.8,83.77550558740427,3.7,3.1,4.2,17.0,96.0,False,1.6109741060419236
97370,62.0,1,2.0,13632.347891480858,1.0,140.0,1556.0,51.63,2893.0,1869.0,1415.0,0.0,0.0,0.0,300.0,0.73,92.92586280348075,4.0,3.2,4.1,22.0,91.0,False,1.5478865703584805
97371,57.0,1,3.0,137719.50116249197,2.0,148.0,2715.0,136.41,7910.0,3824.0,1576.0,90.0,50.0,230.0,480.0,0.61,104.21147949415597,4.1,3.9,4.3,13.0,87.0,False,2.0685146443514646
97373,41.0,1,3.0,37879.88716260801,1.0,142.0,1428.0,27.9,2015.0,1316.0,688.0,420.0,120.0,960.0,60.0,0.85,88.21500901440605,3.9,3.1,4.2,9.0,89.0,False,1.5311550151975684
97374,65.0,0,3.0,64559.63702399859,2.0,142.0,2790.0,119.65,3994.0,2323.0,1743.0,360.0,360.0,1080.0,480.0,1.07,77.01110041819436,4.1,3.7,3.8,19.0,88.0,False,1.7193284545845888
97375,71.0,0,7.0,21401.79512031525,2.0,145.0,1478.0,66.61,2049.0,2406.0,996.0,0.0,0.0,0.0,360.0,1.21,64.01258601395654,4.7,3.1,4.1,21.0,115.0,False,0.8516209476309227
97378,19.0,1,4.0,18523.34787076889,1.0,143.0,1351.0,105.17,1918.0,1719.0,948.0,900.0,1500.0,3300.0,600.0,0.62,131.47765306930418,4.0,4.0,3.7,10.0,87.0,False,1.1157649796393252
97379,38.0,0,2.0,49890.94305977221,2.0,136.0,1239.0,46.98,1174.0,1841.0,1128.0,300.0,100.0,700.0,120.0,0.92,109.19322034272568,3.9,4.0,4.1,14.0,90.0,False,0.6376969038565997
97381,69.0,0,4.0,11076.21581030102,1.0,141.0,2231.0,116.56000000000002,4431.0,2255.0,1893.0,0.0,0.0,0.0,360.0,1.4,54.40717658646264,4.0,4.0,3.9,22.0,88.0,True,1.9649667405764968
97382,36.0,0,6.0,31010.208129463423,2.0,145.0,3062.0,172.34000000000003,6119.0,5905.0,2345.0,0.0,30.0,30.0,300.0,1.1,89.22198071005022,4.2,4.1,4.6,20.0,111.0,False,1.0362404741744284
97383,54.0,0,3.0,142823.50910508496,1.0,141.0,3434.0,75.26999999999998,4479.0,2346.0,1871.0,120.0,360.0,600.0,600.0,1.15,75.62885709883268,3.9,3.6,4.0,15.0,114.0,False,1.9092071611253196
97384,31.0,0,1.0,114702.45341775252,2.0,135.0,3525.0,220.81,8869.0,4194.0,2482.0,2940.0,480.0,6360.0,180.0,0.87,118.3051178860024,4.3,3.5,4.0,11.0,92.0,False,2.114687649022413
97386,60.0,0,7.0,14073.419204964732,2.0,142.0,3290.0,143.39,5345.0,3893.0,2333.0,0.0,0.0,0.0,240.0,1.27,64.67768027421197,4.7,3.1,3.6,13.0,254.0,False,1.3729771384536347
97390,76.0,0,3.0,145905.67683995515,2.0,147.0,1365.0,45.89000000000001,2058.0,853.0,625.0,0.0,150.0,150.0,360.0,0.96,81.91761494107205,4.3,2.3,3.8,17.0,103.0,False,2.4126611957796014
97391,67.0,0,1.0,5826.345249285113,2.0,135.0,866.0,40.74,1201.0,2065.0,605.0,70.0,70.0,210.0,180.0,0.89,93.92610037439826,4.3,3.9,4.6,14.0,99.0,False,0.5815980629539952
97397,80.0,1,3.0,33631.40582050183,2.0,136.0,1857.0,17.51,1079.0,1936.0,541.0,0.0,140.0,140.0,300.0,0.98,58.34915980544514,3.9,3.7,4.5,15.0,104.0,True,0.5573347107438017
97398,69.0,0,6.0,14460.973315782148,1.0,148.0,1227.0,53.31999999999999,3050.0,1647.0,633.0,0.0,0.0,0.0,480.0,1.15,68.8925759276722,4.3,4.3,4.3,16.0,88.0,False,1.8518518518518519
97400,19.0,0,3.0,43713.15080802401,1.0,146.0,1434.0,78.08000000000001,4061.0,1546.0,1177.0,180.0,360.0,720.0,120.0,0.86,127.91807220669708,4.1,4.7,4.3,13.0,91.0,False,2.6267787839586028
97402,23.0,1,6.0,24758.41679642752,2.0,138.0,1147.0,51.330000000000005,2638.0,2020.0,753.0,0.0,120.0,120.0,480.0,0.67,125.87233321134626,3.9,4.0,4.6,14.0,91.0,False,1.305940594059406
97407,55.0,0,4.0,23780.503796157427,1.0,136.0,4000.0,130.57999999999998,6216.0,3974.0,1988.0,0.0,1800.0,1800.0,180.0,0.84,102.98686079803451,3.5,3.0,4.2,12.0,99.0,False,1.564167086059386
97408,67.0,0,3.0,24065.754727325584,1.0,142.0,2641.0,62.650000000000006,3862.0,2650.0,1480.0,0.0,1200.0,1200.0,300.0,1.58,47.64565950820956,4.6,4.1,4.0,14.0,118.0,True,1.4573584905660377
97409,32.0,0,6.0,18297.174669098255,1.0,139.0,1882.0,130.95,3080.0,3020.0,1983.0,240.0,0.0,480.0,660.0,1.01,101.33546490288654,4.1,3.3,4.5,15.0,89.0,False,1.0198675496688743
97412,73.0,0,3.0,88951.57989150505,1.0,141.0,1671.0,40.7,1660.0,2182.0,873.0,0.0,0.0,0.0,120.0,1.1,70.88177417227257,4.9,3.3,4.1,14.0,136.0,False,0.7607699358386801
97415,54.0,0,6.0,16733.443542935598,2.0,138.0,2384.0,171.61,5350.0,3775.0,1693.0,510.0,480.0,1500.0,480.0,1.11,78.91096806895133,4.6,3.2,4.2,22.0,119.0,False,1.4172185430463575
97417,77.0,1,6.0,28489.905545827285,1.0,136.0,1917.0,85.28,3219.0,2811.0,1163.0,0.0,0.0,0.0,360.0,0.57,93.53928800269853,4.0,3.5,4.4,8.0,164.0,False,1.145144076840982
97418,47.0,1,3.0,221220.8279413378,1.0,146.0,1824.0,54.39000000000001,2507.0,2092.0,832.0,0.0,0.0,0.0,720.0,0.67,108.4191755168399,3.9,3.0,4.2,12.0,113.0,False,1.1983747609942639
97422,80.0,0,3.0,68431.69656516002,2.0,146.0,2544.0,77.7,4706.0,2621.0,1473.0,240.0,40.0,520.0,180.0,1.27,57.11290928360739,4.7,3.7,3.8,20.0,100.0,True,1.7954979015642885
97423,32.0,1,2.0,48184.98620767232,2.0,134.0,889.0,38.62,2033.0,1461.0,652.0,0.0,0.0,0.0,120.0,0.63,120.7992308922857,3.9,3.5,3.8,9.0,86.0,False,1.3915126625598906
97424,38.0,1,3.0,33027.81089074417,1.0,140.0,2134.0,75.13000000000001,3617.0,2719.0,1238.0,0.0,0.0,0.0,1080.0,1.24,57.12710212765516,4.0,4.4,3.7,19.0,87.0,True,1.330268481059213
97425,19.0,0,3.0,16133.574569658944,2.0,137.0,2400.0,95.07,2937.0,2910.0,2058.0,180.0,0.0,360.0,420.0,1.0,111.18858707676178,4.8,4.1,4.2,14.0,90.0,False,1.0092783505154639
97428,77.0,0,3.0,10339.03718226555,2.0,139.0,1891.0,77.91,2911.0,2543.0,973.0,0.0,0.0,0.0,600.0,0.74,93.3219958625767,4.1,4.2,4.7,20.0,126.0,False,1.1447109712937475
97429,51.0,0,3.0,34429.01293872369,1.0,140.0,1528.0,14.010000000000002,558.0,924.0,576.0,300.0,600.0,1200.0,60.0,0.95,96.90800259119982,3.9,4.4,4.0,29.0,82.0,False,0.6038961038961039
97430,32.0,0,1.0,45489.19861508856,1.0,142.0,4364.0,169.92,11874.0,6952.0,2387.0,0.0,0.0,0.0,840.0,0.93,111.883894368309,3.7,3.5,4.9,15.0,93.0,False,1.7079976985040277
97432,19.0,0,4.0,16412.556157612828,1.0,136.0,1704.0,85.46,1868.0,2915.0,1177.0,480.0,420.0,1380.0,300.0,0.93,121.30555054803816,4.0,4.3,4.4,14.0,82.0,False,0.6408233276157804
97436,45.0,0,6.0,10106.970283958904,2.0,146.0,2215.0,51.75,2718.0,3109.0,1130.0,240.0,1500.0,1980.0,180.0,0.88,108.06634763368162,4.8,3.5,4.0,12.0,95.0,False,0.8742360887745255
97437,48.0,0,6.0,20541.667248303496,2.0,140.0,2921.0,163.51,3947.0,4722.0,2878.0,60.0,150.0,270.0,600.0,0.94,99.99483475515086,4.3,3.7,4.4,16.0,91.0,False,0.8358746293943244
97441,61.0,0,4.0,10761.122015671332,2.0,145.0,2813.0,114.37,3228.0,4654.0,1650.0,840.0,0.0,1680.0,360.0,0.82,99.93930749837216,3.9,3.1,3.9,14.0,89.0,False,0.6935969058874086
97443,56.0,1,3.0,45135.07481592184,2.0,137.0,1688.0,51.2,2012.0,3117.0,1015.0,0.0,60.0,60.0,360.0,0.86,79.23771411839174,4.3,3.3,4.2,14.0,95.0,False,0.6454924606993905
97444,58.0,0,1.0,18306.364623488236,2.0,148.0,2993.0,116.97,3604.0,5178.0,2261.0,240.0,360.0,840.0,120.0,0.91,97.69475422935987,4.7,3.4,4.2,20.0,128.0,False,0.6960216299729626
97446,52.0,0,1.0,11037.173405686442,2.0,148.0,2776.0,111.32,3531.0,5585.0,2383.0,1500.0,1500.0,4500.0,240.0,1.23,70.63839570832454,4.4,2.5,4.3,23.0,93.0,False,0.6322291853178156
97449,37.0,1,7.0,55076.8733757843,2.0,142.0,5060.0,104.91,5487.0,4527.0,2145.0,0.0,0.0,0.0,240.0,0.66,115.79508216160193,4.0,3.7,4.2,11.0,97.0,False,1.2120609675281644
97450,27.0,1,4.0,36159.10033718687,1.0,147.0,1668.0,65.91,3945.0,1235.0,992.0,480.0,480.0,1440.0,600.0,0.63,124.61468016653464,4.4,2.7,3.8,10.0,89.0,False,3.194331983805668
97451,34.0,1,2.0,62798.69829903027,2.0,138.0,1028.0,40.71,1766.0,776.0,639.0,0.0,180.0,180.0,180.0,0.6,120.71709480821856,3.9,3.0,3.7,10.0,89.0,False,2.2757731958762886
97455,80.0,1,3.0,51936.03497984706,2.0,137.0,697.0,39.19,1507.0,1380.0,576.0,0.0,60.0,60.0,360.0,0.81,73.33712406952934,4.2,3.6,4.0,19.0,142.0,False,1.0920289855072465
97456,38.0,1,4.0,28658.30663045309,1.0,147.0,3009.0,143.58,4436.0,3934.0,2337.0,270.0,180.0,720.0,300.0,1.22,58.25274829232939,4.0,4.2,3.8,22.0,91.0,True,1.1276054905948145
97458,35.0,1,3.0,70450.00650205095,1.0,145.0,2415.0,93.86,3081.0,2537.0,1722.0,220.0,150.0,590.0,300.0,0.71,113.64261556869332,3.7,2.8,4.0,10.0,84.0,False,1.2144264879779267
97460,61.0,1,4.0,16077.472272723213,1.0,145.0,2249.0,117.23999999999998,4647.0,4117.0,1746.0,0.0,0.0,0.0,360.0,0.97,66.48121696247952,4.0,4.3,4.1,18.0,83.0,False,1.1287345154238524
97464,55.0,0,3.0,25233.26108600871,2.0,146.0,2088.0,78.49,2909.0,2751.0,1290.0,0.0,30.0,30.0,15.0,0.8,104.51556885895864,4.3,2.8,3.9,15.0,224.0,False,1.0574336604870955
97465,38.0,0,1.0,33800.19061172326,2.0,144.0,2098.0,77.68000000000002,3169.0,3487.0,1776.0,45.0,0.0,90.0,240.0,0.92,109.19322034272568,4.1,2.9,4.0,16.0,96.0,False,0.9088041296243189
97468,46.0,0,3.0,114915.30943754804,2.0,146.0,3940.0,120.52,7502.0,2577.0,2404.0,300.0,600.0,1200.0,120.0,0.89,107.03047456623212,4.7,3.5,4.1,16.0,93.0,False,2.911136980985642
97469,28.0,1,4.0,31144.800476993594,1.0,144.0,2769.0,127.74,5653.0,3616.0,1945.0,180.0,0.0,360.0,180.0,0.93,85.8576019255484,3.5,3.6,4.5,8.0,90.0,False,1.563329646017699
97471,80.0,1,3.0,83792.94370671938,2.0,142.0,1607.0,53.88,2371.0,1974.0,1068.0,0.0,0.0,0.0,480.0,0.87,67.31049657491492,4.3,3.5,3.5,17.0,90.0,False,1.201114488348531
97473,53.0,0,6.0,15569.064367411034,1.0,136.0,1466.0,65.72,2978.0,3215.0,1049.0,0.0,90.0,90.0,300.0,0.76,107.4757476798004,4.2,3.7,4.4,11.0,91.0,False,0.9262830482115085
97474,20.0,0,3.0,145245.3369049577,2.0,142.0,3047.0,135.43999999999997,5807.0,2497.0,1989.0,0.0,0.0,0.0,540.0,0.81,129.44549921230032,4.2,3.9,4.2,13.0,96.0,False,2.325590708850621
97478,47.0,1,1.0,32233.73173689365,2.0,148.0,2344.0,60.580000000000005,2082.0,3108.0,1241.0,0.0,0.0,0.0,240.0,0.71,105.47004460681336,3.9,2.6,4.1,10.0,110.0,False,0.6698841698841699
97482,70.0,1,3.0,24562.201283845112,1.0,140.0,797.0,39.52,1033.0,1402.0,450.0,0.0,600.0,600.0,480.0,0.95,64.45366941347177,4.8,3.3,3.3,15.0,116.0,False,0.7368045649072753
97483,19.0,0,3.0,31105.17763542437,1.0,139.0,412.0,13.77,1413.0,757.0,170.0,960.0,240.0,2160.0,420.0,0.98,113.9171000284226,3.7,4.4,4.5,10.0,91.0,False,1.8665785997357993
97484,56.0,0,4.0,18149.86894125904,1.0,144.0,1926.0,119.61,4701.0,1762.0,1525.0,0.0,315.0,315.0,480.0,1.05,83.30973859382364,3.9,4.0,4.2,11.0,83.0,False,2.6679909194097617
97485,33.0,1,3.0,151788.47240760634,1.0,144.0,1359.0,61.03,2864.0,2244.0,889.0,0.0,0.0,0.0,600.0,0.64,119.59550591529838,4.2,4.2,4.5,14.0,89.0,False,1.2762923351158646
97486,69.0,1,4.0,10500.488129541158,2.0,134.0,1563.0,46.02,2139.0,898.0,828.0,0.0,0.0,0.0,120.0,0.73,88.96712348009545,3.8,3.8,4.0,14.0,96.0,False,2.38195991091314
97487,53.0,1,6.0,20693.876698325334,1.0,136.0,1900.0,67.82,3657.0,1926.0,1090.0,0.0,180.0,180.0,300.0,0.64,105.60748702038678,3.6,2.4,3.7,14.0,98.0,False,1.898753894080997
97488,80.0,1,3.0,63390.020956360495,2.0,141.0,2192.0,100.49,2960.0,3020.0,1884.0,0.0,120.0,120.0,420.0,0.82,72.26521095589915,3.6,3.5,4.2,26.0,112.0,False,0.9801324503311258
97492,45.0,0,3.0,25856.16948894809,1.0,141.0,5748.0,246.93,12926.0,5503.0,4010.0,3610.0,30.0,7250.0,60.0,1.12,82.56051377940999,3.3,3.0,4.3,13.0,85.0,False,2.3489005996729055
97495,43.0,1,4.0,19194.64650205699,1.0,144.0,1494.0,64.64999999999999,2556.0,2699.0,1115.0,0.0,900.0,900.0,900.0,0.72,106.32715235539774,3.7,3.7,3.8,9.0,88.0,False,0.947017413856984
97497,24.0,0,4.0,34322.67380853577,2.0,140.0,2055.0,55.9,2322.0,933.0,947.0,3360.0,1940.0,8660.0,240.0,1.4,71.97829097622521,4.1,3.7,3.9,9.0,89.0,False,2.4887459807073955
97501,54.0,1,2.0,44644.851168800094,2.0,134.0,591.0,40.17000000000001,857.0,1111.0,494.0,0.0,0.0,0.0,20.0,0.72,99.29630760846462,4.5,3.9,4.2,12.0,105.0,False,0.7713771377137714
97505,73.0,0,3.0,11994.287502433335,1.0,140.0,1528.0,31.03,1478.0,1364.0,1185.0,0.0,0.0,0.0,480.0,1.18,65.15494654855284,4.0,3.3,4.3,26.0,146.0,False,1.0835777126099706
97506,69.0,0,7.0,12132.33441077568,1.0,139.0,2228.0,63.92999999999999,3444.0,3318.0,1406.0,0.0,180.0,180.0,780.0,0.86,93.73062786692223,4.4,3.5,4.2,19.0,173.0,False,1.0379746835443038
97507,20.0,1,2.0,26817.68986627753,2.0,144.0,2051.0,70.41000000000001,3411.0,2014.0,1132.0,80.0,900.0,1060.0,240.0,0.59,132.23365369391593,4.2,3.7,4.0,7.0,78.0,False,1.6936444885799404
97509,47.0,1,3.0,17955.59276937467,1.0,142.0,988.0,52.71,2321.0,1428.0,738.0,240.0,1980.0,2460.0,180.0,0.67,108.4191755168399,4.0,3.5,4.3,11.0,81.0,False,1.6253501400560224
97510,61.0,1,4.0,8695.395224666107,1.0,147.0,1739.0,50.650000000000006,1689.0,1841.0,829.0,300.0,150.0,750.0,480.0,0.79,85.04965031547864,3.4,3.8,4.2,16.0,86.0,False,0.9174361759913091
97512,80.0,0,3.0,60482.0408601191,1.0,139.0,3325.0,73.76,4529.0,2293.0,1752.0,100.0,300.0,500.0,480.0,0.85,87.84245390672214,4.4,3.7,3.7,12.0,138.0,False,1.9751417357174008
97513,54.0,0,4.0,31821.471189461423,2.0,147.0,1187.0,41.260000000000005,1272.0,1588.0,920.0,0.0,0.0,0.0,240.0,1.0,89.43859038783556,4.3,3.5,3.6,10.0,82.0,False,0.801007556675063
97516,62.0,1,2.0,16629.969398490914,2.0,147.0,1143.0,51.91,999.0,1529.0,705.0,0.0,0.0,0.0,60.0,0.87,75.28369579672412,3.9,4.5,3.5,17.0,97.0,False,0.6533682145192936
97518,80.0,0,3.0,14868.699428775088,1.0,140.0,1803.0,71.54,4452.0,2267.0,1368.0,0.0,50.0,50.0,480.0,1.09,68.60992600459812,4.4,2.8,4.5,17.0,89.0,False,1.9638288486987208
97520,57.0,1,4.0,25463.217743250272,1.0,147.0,1447.0,43.63,1955.0,1387.0,910.0,0.0,0.0,0.0,540.0,0.97,68.1558268823069,3.7,3.7,4.2,18.0,98.0,False,1.4095169430425378
97521,53.0,0,1.0,53383.68476863696,2.0,136.0,3885.0,122.54,7314.0,3846.0,1764.0,0.0,300.0,300.0,240.0,0.99,91.088535552537,4.0,3.5,3.8,16.0,99.0,False,1.9017160686427457
97522,20.0,1,1.0,36243.68792231687,2.0,141.0,2676.0,70.82,1696.0,3269.0,2015.0,0.0,900.0,900.0,300.0,0.82,104.95176104047832,3.8,3.1,4.7,10.0,91.0,False,0.5188130926888956
97523,80.0,0,3.0,8508.614255863695,1.0,145.0,1734.0,97.36,2613.0,2201.0,1770.0,0.0,210.0,210.0,300.0,1.15,64.33707909705313,4.3,3.9,4.1,36.0,85.0,False,1.1871876419809178
97524,44.0,1,3.0,72883.26900905465,1.0,146.0,3081.0,96.68,4512.0,2921.0,1547.0,180.0,120.0,480.0,120.0,0.72,105.66792401079428,3.7,3.3,4.1,11.0,90.0,False,1.5446764806573092
97527,63.0,0,4.0,8666.899960069757,1.0,139.0,2540.0,81.97999999999999,3696.0,2509.0,901.0,120.0,1380.0,1620.0,420.0,0.93,92.2648625813928,3.6,2.8,3.8,12.0,122.0,False,1.4730968513351934
97532,28.0,0,4.0,37651.19161334888,1.0,138.0,3903.0,146.98999999999998,5951.0,2266.0,2466.0,1500.0,1500.0,4500.0,240.0,1.17,87.08194269672661,4.2,3.4,4.6,15.0,84.0,False,2.6262135922330097
97533,30.0,0,6.0,17451.354683155194,2.0,134.0,2106.0,125.38,6541.0,3058.0,1639.0,240.0,120.0,600.0,600.0,1.01,102.60380803210388,4.0,3.6,4.4,14.0,92.0,False,2.1389797253106604
97535,63.0,1,2.0,27089.285135234582,1.0,136.0,2412.0,76.07,5035.0,3314.0,1202.0,540.0,540.0,1620.0,300.0,0.61,100.39440636985336,3.8,3.8,4.1,16.0,90.0,False,1.5193120096560049
97536,80.0,0,3.0,11556.333944492264,1.0,140.0,3138.0,114.69,5138.0,3111.0,1996.0,0.0,0.0,0.0,600.0,0.76,90.86220463833337,4.0,3.7,3.6,11.0,90.0,False,1.6515589842494376
97537,39.0,1,2.0,47144.5966559597,1.0,139.0,3856.0,99.14999999999998,4140.0,4574.0,1980.0,0.0,0.0,0.0,60.0,0.47,124.11452363181824,3.7,2.6,2.9,9.0,151.0,False,0.905115872321819
97538,54.0,1,2.0,21999.854608554408,1.0,146.0,2446.0,106.17,3955.0,2237.0,1675.0,0.0,0.0,0.0,720.0,0.7,102.7104062534988,4.1,3.9,4.5,15.0,97.0,False,1.7679928475637015
97539,41.0,0,3.0,69809.66930550916,1.0,146.0,259.0,2.43,1150.0,148.0,135.0,0.0,360.0,360.0,360.0,1.15,81.99750464076969,3.7,2.6,4.2,19.0,109.0,False,7.77027027027027
97541,38.0,0,4.0,42070.357296006725,2.0,145.0,3518.0,81.22,3078.0,2384.0,1238.0,0.0,0.0,0.0,720.0,0.77,117.5198138304548,3.8,3.6,3.7,9.0,160.0,False,1.2911073825503356
97544,19.0,0,4.0,27400.977209547564,2.0,144.0,5858.0,168.57999999999998,5503.0,7948.0,2513.0,0.0,1800.0,1800.0,120.0,0.84,128.83032240037284,4.7,4.3,4.3,18.0,90.0,False,0.6923754403623553
97548,50.0,1,7.0,10175.65256371489,1.0,140.0,601.0,12.94,700.0,1083.0,219.0,0.0,0.0,0.0,480.0,0.88,80.01233024469624,4.2,4.1,4.2,18.0,83.0,False,0.6463527239150508
97550,47.0,1,3.0,312634.3199699501,1.0,138.0,1658.0,68.83,1140.0,2185.0,1035.0,240.0,180.0,660.0,420.0,0.86,83.79941882215135,4.0,3.4,4.4,11.0,86.0,False,0.5217391304347826
97554,49.0,0,3.0,26389.580120469727,1.0,140.0,1757.0,51.64,2568.0,840.0,619.0,0.0,0.0,0.0,960.0,0.55,121.4872434659636,4.2,3.3,3.9,18.0,97.0,False,3.057142857142857
97555,48.0,1,1.0,64634.3111867281,2.0,135.0,1450.0,45.11,1949.0,1265.0,780.0,0.0,0.0,0.0,300.0,0.69,106.98588641778689,4.1,3.4,4.0,16.0,88.0,False,1.5407114624505929
97557,64.0,1,3.0,8325.814411791222,2.0,148.0,1362.0,70.14000000000001,3081.0,1714.0,938.0,0.0,90.0,90.0,300.0,1.05,59.332802244353886,4.2,4.8,4.2,36.0,155.0,True,1.7975495915985997
97558,56.0,1,3.0,39096.460012654745,1.0,142.0,1874.0,53.830000000000005,1757.0,1587.0,888.0,0.0,600.0,600.0,240.0,0.65,103.26875482875136,3.8,3.9,3.9,5.0,94.0,False,1.1071203528670448
97560,55.0,0,1.0,54358.85877789829,2.0,135.0,1438.0,63.690000000000005,1771.0,1697.0,772.0,0.0,1455.0,1455.0,180.0,1.07,81.95272616847748,4.6,2.9,4.3,20.0,100.0,False,1.0436063641720683
97563,61.0,1,1.0,6213.4687904269695,2.0,138.0,1031.0,57.42999999999999,2184.0,1719.0,942.0,0.0,0.0,0.0,420.0,0.65,100.10687458207904,4.7,3.7,3.7,14.0,108.0,False,1.2705061082024434
97568,41.0,0,2.0,54942.739266532815,2.0,145.0,4514.0,154.64,8391.0,4563.0,3192.0,0.0,270.0,270.0,300.0,0.94,104.44427033310564,4.3,4.6,4.3,17.0,91.0,False,1.838921761998685
97569,42.0,0,4.0,19637.48232251129,2.0,140.0,3695.0,113.9,3642.0,2589.0,1857.0,150.0,0.0,300.0,600.0,1.24,74.444225283169,4.2,2.9,4.1,13.0,93.0,False,1.406720741599073
97570,50.0,1,6.0,14605.672296820298,2.0,138.0,2914.0,72.21,3916.0,2614.0,1244.0,0.0,0.0,0.0,240.0,0.57,110.64231773311954,4.1,3.5,4.4,11.0,109.0,False,1.498087222647284
97571,54.0,0,3.0,25205.802938934918,1.0,139.0,3349.0,88.60999999999999,3168.0,2214.0,1358.0,2100.0,1680.0,5880.0,180.0,0.99,90.52378663211128,3.7,4.4,4.0,8.0,111.0,False,1.4308943089430894
97572,50.0,0,3.0,89966.57554467098,1.0,135.0,2672.0,114.44999999999996,4114.0,4537.0,1733.0,80.0,1260.0,1420.0,300.0,0.89,104.40070243035956,4.2,3.5,4.0,19.0,94.0,False,0.9067665858496804
97573,62.0,1,6.0,8399.344094834523,1.0,142.0,2182.0,96.82,7061.0,2419.0,1004.0,0.0,30.0,30.0,480.0,0.56,103.12446284550464,4.1,3.7,4.1,13.0,108.0,False,2.9189747829681685
97574,44.0,1,6.0,19315.799308033733,2.0,145.0,2451.0,105.45,4374.0,3408.0,1611.0,0.0,0.0,0.0,120.0,0.6,113.43803611067987,4.0,3.3,4.1,13.0,82.0,False,1.283450704225352
97575,24.0,1,3.0,10900.376879456258,2.0,139.0,2444.0,85.28999999999999,4487.0,3271.0,1808.0,0.0,240.0,240.0,600.0,0.86,96.68613087159696,4.1,4.1,3.8,14.0,85.0,False,1.3717517578722103
97576,32.0,0,1.0,114420.51448192324,2.0,142.0,1376.0,47.3,2065.0,1332.0,711.0,4200.0,1260.0,9660.0,240.0,1.09,92.47733701692528,4.2,3.6,3.9,14.0,89.0,False,1.5503003003003002
97577,56.0,1,3.0,26294.394085409163,1.0,142.0,1191.0,37.400000000000006,2311.0,823.0,856.0,0.0,80.0,80.0,420.0,1.77,33.324386298884484,3.4,3.9,4.1,25.0,94.0,True,2.8080194410692587
97578,41.0,0,1.0,30934.57248709164,1.0,148.0,3168.0,136.51000000000005,7521.0,2466.0,1860.0,0.0,0.0,0.0,90.0,0.82,113.17655952541588,3.6,3.5,3.8,21.0,91.0,False,3.0498783454987834
97580,26.0,0,1.0,42141.9158260702,1.0,144.0,1712.0,118.37999999999997,3576.0,2359.0,1508.0,120.0,1440.0,1680.0,360.0,0.83,123.78892770853832,3.6,4.3,4.5,16.0,89.0,False,1.5158965663416701
97582,63.0,0,1.0,7334.039669256147,2.0,144.0,2951.0,116.12,3804.0,3001.0,1886.0,0.0,0.0,0.0,120.0,0.86,97.2943389688813,4.2,2.5,4.1,14.0,103.0,False,1.267577474175275
97585,21.0,0,3.0,306729.7102559915,2.0,134.0,1698.0,94.41,3086.0,1986.0,1122.0,60.0,1500.0,1620.0,360.0,0.84,127.2377786402013,4.2,3.0,4.8,12.0,96.0,False,1.553877139979859
97588,56.0,0,6.0,8966.918140602365,1.0,148.0,2021.0,118.5,4324.0,3307.0,1335.0,60.0,90.0,210.0,360.0,0.95,93.94087570324906,3.8,4.1,3.4,19.0,79.0,False,1.3075294829150288
97589,19.0,1,2.0,29504.3555129763,1.0,146.0,1522.0,59.85,2295.0,1955.0,1133.0,350.0,300.0,1000.0,120.0,0.79,110.43706370879396,4.1,3.6,4.4,10.0,79.0,False,1.173913043478261
97591,29.0,0,3.0,149277.8841141506,2.0,142.0,2217.0,98.23,4991.0,1665.0,1547.0,2760.0,2310.0,7830.0,240.0,1.02,102.03047992633816,4.4,3.0,4.2,15.0,92.0,False,2.9975975975975975
97592,63.0,0,6.0,9284.99065513428,2.0,135.0,2826.0,83.94000000000003,4529.0,6269.0,2020.0,0.0,180.0,180.0,420.0,0.82,98.7039017523726,4.6,3.1,4.5,12.0,106.0,False,0.7224437709363535
97593,60.0,1,4.0,12568.9266372248,2.0,142.0,1377.0,37.93,2128.0,847.0,555.0,0.0,210.0,210.0,360.0,0.92,71.28212805834134,3.8,4.0,3.9,15.0,86.0,False,2.512396694214876
97594,56.0,1,6.0,17018.739001534206,2.0,134.0,1685.0,69.69,3293.0,3163.0,1131.0,0.0,0.0,0.0,240.0,0.7,101.44074540397182,4.2,4.0,4.0,12.0,88.0,False,1.041100221308884
97595,36.0,0,7.0,25693.34305919966,1.0,139.0,5345.0,234.35,10380.0,8567.0,4838.0,0.0,1200.0,1200.0,240.0,0.93,109.13487219443635,3.6,3.9,4.5,13.0,83.0,False,1.2116260067701645
97597,77.0,1,4.0,10037.10129184816,1.0,147.0,1482.0,39.08,2006.0,1575.0,958.0,0.0,0.0,0.0,120.0,1.03,56.00209201110861,3.8,3.8,3.7,12.0,98.0,True,1.2736507936507937
97598,40.0,1,1.0,23603.161586543185,2.0,140.0,987.0,29.190000000000005,2529.0,1543.0,488.0,1560.0,380.0,3500.0,120.0,0.7,112.05430679879755,4.1,3.3,4.1,15.0,90.0,False,1.6390149060272197
97600,23.0,1,6.0,19877.810695530152,1.0,138.0,2649.0,140.09,5292.0,3693.0,1705.0,3900.0,3600.0,11400.0,240.0,0.59,129.78932540517087,3.7,2.9,4.7,12.0,81.0,False,1.4329813160032494
97602,40.0,1,4.0,18831.046636860025,1.0,147.0,3156.0,107.01,2897.0,2732.0,1162.0,0.0,0.0,0.0,600.0,0.86,87.52821257867093,3.5,3.3,3.6,6.0,100.0,False,1.0603953147877012
97605,67.0,1,3.0,24069.99127534168,1.0,146.0,1278.0,48.32000000000001,2884.0,1287.0,1093.0,0.0,0.0,0.0,600.0,0.73,90.0806609755848,4.4,3.7,4.1,12.0,91.0,False,2.240870240870241
97606,80.0,1,4.0,7710.914269313588,1.0,147.0,2181.0,77.03000000000003,3570.0,1838.0,1003.0,0.0,0.0,0.0,180.0,1.4,38.03227063908676,4.7,4.2,3.6,24.0,95.0,True,1.942328618063112
97608,79.0,0,6.0,17245.33160083535,2.0,134.0,2195.0,96.78,4040.0,2915.0,1634.0,0.0,0.0,0.0,240.0,1.08,69.80575834528925,4.2,4.5,4.1,27.0,98.0,False,1.385934819897084
97609,66.0,0,7.0,10378.834123438686,1.0,137.0,1998.0,72.78,2070.0,1893.0,1143.0,720.0,120.0,1560.0,360.0,0.93,90.5593541320316,3.8,4.1,4.0,23.0,166.0,False,1.0935023771790808
97610,28.0,0,2.0,46714.42326791902,1.0,144.0,3173.0,155.04,5726.0,3303.0,2808.0,180.0,180.0,540.0,360.0,1.25,80.43760433464807,3.8,4.0,4.6,22.0,87.0,False,1.7335755373902513
97611,68.0,0,7.0,8607.920303756411,2.0,145.0,1253.0,54.53,1533.0,2490.0,754.0,0.0,45.0,45.0,900.0,0.96,86.09647285282215,4.9,3.0,4.1,19.0,77.0,False,0.6156626506024097
97617,30.0,0,4.0,22164.606172410924,1.0,147.0,5852.0,197.49,8871.0,3776.0,3551.0,2580.0,480.0,5640.0,180.0,0.8,122.09733322291598,4.0,3.8,4.4,13.0,73.0,False,2.3493114406779663
97618,64.0,0,1.0,32591.090033384076,1.0,148.0,2316.0,71.80000000000001,3812.0,3585.0,1609.0,0.0,0.0,0.0,540.0,0.92,92.89010998634176,4.2,3.4,4.2,10.0,99.0,False,1.0633193863319386
97619,65.0,0,3.0,76614.60635562705,1.0,142.0,1649.0,48.35,2559.0,2422.0,1087.0,0.0,540.0,540.0,240.0,0.85,96.431644546097,3.4,3.5,4.4,11.0,120.0,False,1.0565648224607762
97620,41.0,1,7.0,25615.069941081147,2.0,137.0,1263.0,28.52,1002.0,2000.0,604.0,0.0,0.0,0.0,240.0,0.7,111.35957009664504,3.5,3.1,3.8,9.0,138.0,False,0.501
97621,19.0,1,4.0,12410.184844374053,1.0,145.0,1561.0,65.71000000000001,2825.0,1196.0,755.0,0.0,0.0,0.0,600.0,0.75,117.54220801354914,3.6,2.5,4.3,12.0,71.0,False,2.362040133779264
97623,71.0,1,6.0,11360.817879637078,2.0,148.0,1131.0,38.54,1633.0,1732.0,738.0,0.0,120.0,120.0,600.0,0.67,93.38603106700616,3.7,3.6,4.2,12.0,126.0,False,0.9428406466512702
97624,32.0,1,6.0,28516.409280622327,1.0,136.0,1723.0,63.080000000000005,3012.0,1948.0,1001.0,0.0,80.0,80.0,360.0,0.78,103.42862205919808,3.6,4.0,4.4,15.0,88.0,False,1.5462012320328542
97627,34.0,1,3.0,139325.88356395465,1.0,134.0,2717.0,97.75,5934.0,2482.0,1665.0,60.0,315.0,435.0,360.0,0.69,116.7187413338814,3.9,3.3,3.9,12.0,108.0,False,2.3908138597904913
97630,78.0,1,3.0,42232.51860143397,2.0,139.0,2437.0,59.240000000000016,3496.0,2000.0,1044.0,0.0,1260.0,1260.0,360.0,1.2,46.33299962515205,3.6,2.6,4.0,25.0,126.0,True,1.748
97631,18.0,1,4.0,15861.14087710689,1.0,147.0,2841.0,52.95,3398.0,1630.0,1090.0,0.0,60.0,60.0,480.0,0.9,95.03363845054471,3.8,3.6,3.7,11.0,84.0,False,2.0846625766871165
97635,56.0,1,2.0,57401.42209093739,2.0,134.0,1621.0,30.85,2404.0,1529.0,608.0,0.0,0.0,0.0,240.0,0.71,99.72867783660064,4.4,3.4,3.9,14.0,102.0,False,1.5722694571615434
97638,51.0,0,4.0,43245.38804837841,2.0,144.0,604.0,0.05,89.0,1139.0,29.0,0.0,120.0,120.0,120.0,1.39,61.37764320911608,4.2,3.4,4.0,14.0,83.0,False,0.0781387181738367
97640,41.0,0,1.0,62114.80274886314,1.0,146.0,3902.0,157.59,5769.0,4923.0,2624.0,1200.0,1140.0,3540.0,180.0,0.69,119.23282822446572,4.6,3.2,4.2,14.0,99.0,False,1.1718464351005484
97641,49.0,1,3.0,182239.80559538465,1.0,145.0,1787.0,51.8,2087.0,2019.0,783.0,0.0,0.0,0.0,720.0,0.93,75.34554778951197,3.7,3.3,4.3,11.0,86.0,False,1.0336800396235761
97642,74.0,0,3.0,9214.283129748696,1.0,140.0,3607.0,144.99,6675.0,3355.0,2448.0,480.0,1080.0,2040.0,360.0,1.14,67.48682122425716,4.6,3.3,3.9,20.0,94.0,False,1.9895678092399405
97644,24.0,0,2.0,51747.65648054023,2.0,146.0,1718.0,27.25,2111.0,1227.0,614.0,2940.0,540.0,6420.0,5.0,1.04,102.82889440378187,4.4,5.7,5.0,17.0,236.0,False,1.7204563977180114
97648,32.0,1,3.0,143260.60033680132,1.0,141.0,2799.0,99.48,4322.0,2864.0,1684.0,240.0,1560.0,2040.0,360.0,0.91,85.96161995603993,3.7,3.1,4.1,11.0,86.0,False,1.5090782122905029
97650,69.0,1,4.0,17463.777810540283,2.0,147.0,1590.0,58.27,2725.0,1466.0,813.0,0.0,60.0,60.0,240.0,1.34,42.92311413330742,4.5,3.3,3.8,23.0,85.0,True,1.858799454297408
97656,60.0,0,6.0,7947.266266683975,2.0,141.0,714.0,46.89,1235.0,1406.0,530.0,0.0,0.0,0.0,480.0,0.76,102.8971679839622,4.5,3.1,4.3,16.0,108.0,False,0.8783783783783784
97657,60.0,1,3.0,33002.15281381414,2.0,136.0,2272.0,68.70000000000002,2988.0,1975.0,799.0,0.0,210.0,210.0,240.0,0.66,100.36145308671232,3.6,3.0,4.1,19.0,90.0,False,1.5129113924050632
97659,46.0,0,2.0,76373.97666786065,2.0,145.0,2417.0,112.5,7498.0,2908.0,1564.0,0.0,0.0,0.0,90.0,0.98,96.30785621911429,4.7,3.3,3.8,17.0,98.0,False,2.578404401650619
97662,73.0,0,3.0,21744.944663687413,2.0,143.0,3554.0,96.57,3765.0,4195.0,2263.0,90.0,240.0,420.0,240.0,0.86,91.42763711180102,4.4,2.9,3.4,12.0,97.0,False,0.8974970202622169
97666,69.0,0,4.0,9627.455683523522,1.0,139.0,3016.0,60.28,1325.0,2859.0,1194.0,0.0,450.0,450.0,240.0,1.33,57.86125681519759,4.0,3.8,3.5,22.0,108.0,True,0.46344875830710036
97667,62.0,1,4.0,11028.935113552723,1.0,145.0,1373.0,35.61,2141.0,1300.0,591.0,0.0,0.0,0.0,300.0,1.0,63.69774153736978,3.6,3.4,4.1,11.0,94.0,False,1.646923076923077
97668,77.0,0,3.0,11695.865178878845,2.0,137.0,1925.0,62.88000000000001,3522.0,1816.0,1387.0,0.0,0.0,0.0,720.0,1.5,47.65322093008956,4.5,3.1,3.6,25.0,89.0,True,1.9394273127753303
97670,27.0,1,7.0,35826.33228250425,1.0,134.0,1223.0,40.73,2841.0,3346.0,710.0,0.0,180.0,180.0,180.0,0.56,128.20263900761557,3.9,4.4,4.2,11.0,84.0,False,0.8490735206216378
97671,20.0,1,2.0,60016.15343896096,2.0,134.0,1024.0,47.92,1529.0,1493.0,808.0,0.0,0.0,0.0,120.0,0.71,124.75453294423926,3.8,4.5,3.4,10.0,63.0,False,1.0241125251172136
97672,45.0,1,1.0,21622.13389987528,2.0,140.0,2587.0,103.66,3373.0,3098.0,1827.0,2100.0,2100.0,6300.0,120.0,0.7,108.62343073362948,3.9,2.7,3.7,6.0,90.0,False,1.0887669464170433
97675,41.0,1,4.0,49395.91589220917,1.0,143.0,2581.0,129.07999999999998,6585.0,4950.0,1769.0,0.0,240.0,240.0,120.0,0.79,96.31472393084532,3.9,3.7,4.1,9.0,100.0,False,1.3303030303030303
97676,63.0,0,6.0,12271.359639861505,1.0,138.0,2147.0,61.440000000000005,1989.0,1690.0,1031.0,0.0,0.0,0.0,180.0,0.85,97.63861008295406,3.9,3.0,4.4,17.0,129.0,False,1.176923076923077
97683,49.0,1,1.0,23178.39619381846,2.0,141.0,2484.0,59.620000000000005,1585.0,2931.0,1457.0,0.0,0.0,0.0,300.0,1.13,59.64073689805278,4.0,4.5,3.8,14.0,95.0,True,0.5407710678949164
97684,47.0,1,3.0,15079.144499487556,2.0,135.0,1765.0,85.83999999999999,3846.0,1444.0,1281.0,0.0,0.0,0.0,600.0,0.55,113.70059034885377,4.1,3.6,4.2,14.0,86.0,False,2.6634349030470914
97685,23.0,0,2.0,57093.5580778547,2.0,145.0,1539.0,43.510000000000005,3900.0,1472.0,515.0,600.0,1020.0,2220.0,240.0,0.85,125.21659563299708,4.2,3.5,3.9,10.0,97.0,False,2.6494565217391304
97688,56.0,1,4.0,12622.66753159364,1.0,144.0,1793.0,83.14,3383.0,2254.0,1147.0,0.0,300.0,300.0,420.0,0.69,101.79312063902118,3.8,3.8,3.8,19.0,222.0,False,1.5008873114463177
97689,60.0,0,3.0,30907.469637388636,1.0,142.0,1132.0,52.830000000000005,1890.0,1769.0,691.0,240.0,990.0,1470.0,480.0,0.87,98.78120337095568,3.9,3.1,4.0,11.0,88.0,False,1.06840022611645
97691,29.0,1,4.0,25225.45265866576,1.0,145.0,6323.0,132.13,8885.0,5402.0,3382.0,0.0,0.0,0.0,420.0,0.71,117.96339587257454,3.8,3.3,3.6,15.0,90.0,False,1.64476119955572
97692,31.0,0,2.0,54873.42362285321,2.0,141.0,3219.0,96.57,6210.0,2843.0,1790.0,1860.0,1860.0,5580.0,300.0,0.93,112.5819021617116,4.0,3.4,4.1,18.0,89.0,False,2.1843123461132605
97693,80.0,0,4.0,12847.52107123063,2.0,146.0,1186.0,65.03,2174.0,2045.0,992.0,0.0,0.0,0.0,120.0,1.61,42.96429572940803,4.3,2.9,4.2,24.0,77.0,True,1.063080684596577
97694,19.0,1,3.0,48745.92177223757,1.0,134.0,2355.0,104.38,4179.0,1758.0,1426.0,0.0,0.0,0.0,600.0,0.62,131.47765306930418,3.7,3.5,4.0,12.0,101.0,False,2.3771331058020477
97695,52.0,1,6.0,15956.425111603365,1.0,136.0,1229.0,60.88,1484.0,2398.0,689.0,0.0,0.0,0.0,240.0,1.43,44.12968884085293,3.8,3.8,4.0,39.0,75.0,True,0.6188490408673895
97699,55.0,1,1.0,44188.35569176515,2.0,135.0,1903.0,83.98999999999997,3803.0,2614.0,1508.0,0.0,0.0,0.0,300.0,0.65,103.91301552500636,4.3,3.4,4.3,12.0,98.0,False,1.454858454475899
97701,42.0,0,3.0,308134.4053215055,2.0,137.0,3955.0,219.97,7869.0,3895.0,3026.0,0.0,0.0,0.0,540.0,1.19,78.21331316040836,4.1,3.8,3.9,13.0,96.0,False,2.0202824133504493
97702,21.0,1,4.0,27163.118454730444,2.0,147.0,2505.0,59.23,3445.0,1396.0,1084.0,1200.0,1200.0,3600.0,120.0,0.76,114.2586358801235,4.3,3.1,3.7,12.0,87.0,False,2.4677650429799427
97703,35.0,0,2.0,53585.31895167525,1.0,134.0,4102.0,179.75999999999996,6906.0,5407.0,2114.0,1800.0,750.0,4350.0,120.0,0.82,117.47962001739184,4.2,3.4,3.9,14.0,102.0,False,1.2772332162012205
97704,54.0,1,4.0,26221.4551486132,1.0,145.0,1414.0,26.270000000000003,2056.0,1301.0,581.0,1500.0,2520.0,5520.0,240.0,0.66,104.17727330165486,3.6,3.5,3.7,10.0,85.0,False,1.5803228285933897
97706,50.0,0,1.0,36270.40705239638,2.0,138.0,3388.0,177.84999999999997,6662.0,4127.0,2554.0,120.0,0.0,240.0,240.0,0.83,106.62465005505776,4.5,2.8,4.2,26.0,212.0,False,1.6142476375090864
97708,76.0,0,4.0,9244.1766862255,2.0,135.0,1421.0,50.83,2740.0,1644.0,1003.0,0.0,0.0,0.0,240.0,0.83,90.7050404757967,4.1,3.2,4.0,13.0,91.0,False,1.6666666666666667
97709,22.0,1,3.0,165607.37584200606,2.0,142.0,1172.0,45.71,2220.0,1399.0,763.0,0.0,480.0,480.0,180.0,0.63,128.5506405819294,4.1,3.6,3.8,15.0,86.0,False,1.5868477483917083
97711,80.0,1,3.0,54757.29845381024,1.0,139.0,1563.0,58.13,2575.0,1123.0,786.0,0.0,0.0,0.0,480.0,2.33,20.638531493956773,4.1,4.9,3.7,34.0,95.0,True,2.292965271593945
97712,69.0,1,4.0,12110.931311304548,2.0,145.0,1224.0,52.6,2583.0,1036.0,775.0,0.0,0.0,0.0,300.0,1.86,28.960192752382024,4.2,4.8,3.9,39.0,272.0,True,2.4932432432432434
97713,80.0,1,4.0,23428.14337630321,2.0,142.0,2246.0,91.71,2968.0,2752.0,1743.0,120.0,240.0,480.0,120.0,1.02,55.61419964068941,4.8,3.6,3.8,12.0,62.0,True,1.0784883720930232
97714,47.0,0,7.0,20099.201469848515,2.0,141.0,1700.0,74.08,3722.0,2764.0,1108.0,90.0,480.0,660.0,240.0,0.74,112.46418648860056,3.8,3.5,4.3,12.0,93.0,False,1.3465991316931982
97716,29.0,1,3.0,116445.2037124487,1.0,143.0,2635.0,61.830000000000005,3039.0,4987.0,1484.0,0.0,840.0,840.0,240.0,0.59,125.03538324610938,4.7,3.9,4.5,12.0,88.0,False,0.6093843994385402
97719,80.0,0,7.0,36930.3541593652,2.0,146.0,1553.0,45.13000000000001,2310.0,2747.0,993.0,0.0,0.0,0.0,600.0,0.9,86.33914371525887,4.4,3.6,4.4,10.0,99.0,False,0.8409173643975246
97723,19.0,1,1.0,25920.54749957768,1.0,148.0,1940.0,71.01,2432.0,3544.0,1112.0,0.0,960.0,960.0,480.0,0.6,132.5207511796617,4.1,3.5,4.2,6.0,86.0,False,0.6862302483069977
97726,39.0,1,1.0,36035.706311657246,1.0,135.0,1655.0,55.9,1991.0,2223.0,1140.0,0.0,420.0,420.0,480.0,0.65,114.7852460631798,4.0,4.1,4.4,11.0,82.0,False,0.8956365272154746
97730,19.0,1,2.0,29106.29878548853,1.0,139.0,549.0,13.79,1118.0,399.0,462.0,0.0,0.0,0.0,120.0,0.29,157.8993793038476,3.4,3.8,4.1,7.0,90.0,False,2.8020050125313283
97735,30.0,0,1.0,67398.47330736303,2.0,143.0,2170.0,74.42,3882.0,1533.0,1295.0,0.0,360.0,360.0,360.0,1.23,80.99589230747816,4.1,4.1,4.2,22.0,89.0,False,2.532289628180039
97737,57.0,0,3.0,141308.6337757692,2.0,140.0,1761.0,64.73,2652.0,2133.0,1443.0,180.0,180.0,540.0,480.0,0.91,98.30424052058754,4.5,3.2,4.6,12.0,83.0,False,1.2433192686357244
97739,36.0,1,4.0,22544.39843751204,2.0,147.0,1638.0,29.17,1981.0,618.0,582.0,120.0,0.0,240.0,480.0,0.92,82.75701906236851,4.2,3.4,3.9,11.0,94.0,False,3.205501618122977
97741,36.0,1,3.0,67499.8960188999,1.0,143.0,2276.0,52.12000000000001,2032.0,1633.0,868.0,0.0,0.0,0.0,600.0,0.67,116.09598051602612,3.3,2.8,4.0,8.0,98.0,False,1.2443355786895285
97744,55.0,0,6.0,17955.740823110806,2.0,138.0,2079.0,89.1,4000.0,2827.0,1610.0,40.0,0.0,80.0,240.0,0.98,91.06524228576316,4.2,3.8,4.5,24.0,87.0,False,1.4149274849663955
97745,66.0,0,3.0,139754.70172924965,2.0,136.0,1265.0,50.43,1951.0,2096.0,703.0,0.0,225.0,225.0,240.0,1.0,83.00664385952577,4.4,2.9,4.4,23.0,99.0,False,0.9308206106870229
97746,71.0,0,3.0,60686.05092303916,2.0,139.0,2255.0,69.87,2959.0,2663.0,1702.0,180.0,240.0,600.0,360.0,0.96,84.50498658380886,4.1,3.2,4.4,21.0,100.0,False,1.1111528351483289
97747,47.0,0,4.0,17595.055710120923,1.0,141.0,1506.0,54.56000000000001,2526.0,1220.0,662.0,0.0,300.0,300.0,600.0,1.2,75.06102725553306,4.1,3.1,3.8,17.0,96.0,False,2.0704918032786885
97748,50.0,1,6.0,17018.739001534206,2.0,134.0,1371.0,81.36,1797.0,2323.0,1069.0,90.0,30.0,210.0,360.0,0.79,91.07173614677602,4.4,4.5,4.2,16.0,82.0,False,0.7735686612139475
97751,54.0,1,2.0,20246.69281541583,2.0,144.0,2379.0,79.39000000000001,5106.0,5615.0,1304.0,0.0,0.0,0.0,240.0,0.62,105.75883970808276,4.6,4.0,3.8,11.0,87.0,False,0.9093499554764025
97752,77.0,0,3.0,122013.96842477524,1.0,146.0,3147.0,104.12000000000002,7540.0,4468.0,1784.0,0.0,0.0,0.0,960.0,1.33,55.05284942272138,4.0,3.0,3.6,22.0,212.0,True,1.6875559534467324
97753,62.0,0,3.0,165542.4426250246,2.0,141.0,2125.0,94.46,4828.0,3055.0,1448.0,90.0,540.0,720.0,180.0,0.9,96.56636277485984,4.3,3.3,3.9,16.0,88.0,False,1.5803600654664485
97756,23.0,1,1.0,35336.48697108895,1.0,146.0,2539.0,72.24000000000001,4505.0,2410.0,1364.0,0.0,600.0,600.0,420.0,0.68,125.4237154993746,3.9,3.2,3.9,12.0,108.0,False,1.8692946058091287
97758,54.0,1,4.0,19331.278719943053,1.0,139.0,2829.0,96.23,3730.0,4309.0,2008.0,0.0,180.0,180.0,360.0,0.62,105.75883970808276,3.0,3.6,3.8,12.0,89.0,False,0.8656300765838941
97760,55.0,1,2.0,58566.06201630404,2.0,146.0,1300.0,43.34,2507.0,776.0,625.0,0.0,0.0,0.0,240.0,0.67,103.15684229479876,4.0,2.7,3.6,9.0,127.0,False,3.2306701030927836
97761,56.0,1,4.0,29492.92050815828,1.0,145.0,1515.0,50.870000000000005,1826.0,1864.0,725.0,150.0,135.0,435.0,180.0,0.83,82.68683503933518,3.1,3.8,4.9,13.0,92.0,False,0.9796137339055794
97762,50.0,1,3.0,105240.38389271533,2.0,143.0,1370.0,37.48,1340.0,1591.0,748.0,0.0,1500.0,1500.0,180.0,0.77,93.91765822093848,4.2,3.9,3.9,14.0,103.0,False,0.8422375864236329
97763,21.0,1,3.0,51861.142064027816,2.0,141.0,1994.0,67.36,2561.0,2371.0,1241.0,0.0,2880.0,2880.0,2.0,0.93,89.67797794377805,3.8,,4.2,,,False,1.0801349641501476
97766,65.0,0,7.0,5168.129019122317,1.0,147.0,1349.0,73.93,2466.0,1181.0,944.0,0.0,0.0,0.0,300.0,1.05,78.77469012028969,3.2,3.7,4.0,10.0,97.0,False,2.088060965283658
97768,56.0,1,7.0,34908.67302510671,2.0,144.0,2155.0,90.6,4048.0,2455.0,1180.0,0.0,40.0,40.0,240.0,0.88,77.08162705467984,4.7,4.0,3.7,17.0,98.0,False,1.6488798370672098
97769,80.0,0,3.0,16020.032134803469,1.0,148.0,1214.0,46.05,1651.0,1158.0,612.0,0.0,90.0,90.0,420.0,1.33,54.035201997418696,4.7,3.9,3.6,22.0,103.0,True,1.4257340241796201
97770,61.0,1,3.0,186963.2915831611,2.0,146.0,3099.0,94.82000000000002,4434.0,2756.0,1428.0,0.0,0.0,0.0,180.0,0.73,93.50559750803058,4.1,4.0,3.8,18.0,91.0,False,1.6088534107402033
97771,31.0,1,3.0,118184.75640004576,1.0,144.0,4040.0,172.48,4598.0,5791.0,3400.0,0.0,0.0,0.0,480.0,0.55,125.596877107096,4.0,4.3,3.1,8.0,80.0,False,0.7939906751856329
97774,33.0,0,1.0,34792.419606391966,2.0,136.0,1835.0,97.71,3142.0,1585.0,1637.0,3660.0,60.0,7380.0,120.0,0.62,129.4297289018725,3.6,3.0,4.7,10.0,100.0,False,1.9823343848580441
97775,67.0,0,7.0,46543.17663877856,1.0,134.0,2989.0,160.66,4888.0,5070.0,1822.0,2880.0,1650.0,7410.0,120.0,0.9,93.60969620657262,4.5,2.6,4.0,20.0,119.0,False,0.9641025641025641
97776,58.0,1,2.0,13772.628441092016,2.0,134.0,2559.0,103.1,4385.0,4853.0,2200.0,0.0,0.0,0.0,120.0,0.71,98.49587580180284,4.1,3.3,4.1,15.0,87.0,False,0.9035648052750875
97777,60.0,0,4.0,5168.129019122317,1.0,147.0,2730.0,82.82999999999998,3940.0,2732.0,1539.0,0.0,300.0,300.0,900.0,1.13,74.40888008573589,3.6,3.9,4.3,10.0,92.0,False,1.4421669106881405
97782,39.0,1,4.0,15637.235677623798,1.0,145.0,3278.0,101.17,5898.0,2777.0,1994.0,1500.0,1725.0,4725.0,180.0,0.91,82.29956469009588,4.2,4.5,3.6,15.0,73.0,False,2.123874684911775
97783,46.0,1,4.0,15414.031754290048,2.0,146.0,2524.0,57.89,3545.0,3693.0,1117.0,0.0,0.0,0.0,180.0,0.81,90.60624516720716,4.0,2.7,3.2,7.0,82.0,False,0.9599241808827511
97784,31.0,0,3.0,33787.54087331495,2.0,139.0,2495.0,87.14000000000001,4635.0,2580.0,1540.0,1200.0,1200.0,3600.0,120.0,0.93,112.5819021617116,4.4,3.5,4.3,12.0,75.0,False,1.7965116279069768
97787,52.0,0,7.0,20562.2760763707,1.0,145.0,2299.0,108.05,2941.0,3068.0,1476.0,0.0,1500.0,1500.0,120.0,0.91,101.40918448736092,4.4,3.6,3.4,13.0,80.0,False,0.9586049543676662
97788,73.0,0,7.0,24626.643090553294,1.0,136.0,2839.0,132.82999999999998,3637.0,4154.0,2433.0,0.0,0.0,0.0,240.0,1.2,63.85402917479537,4.0,2.8,4.5,16.0,85.0,False,0.8755416466056812
97793,19.0,0,6.0,17031.62842154306,2.0,135.0,1566.0,39.580000000000005,1927.0,2339.0,986.0,900.0,0.0,1800.0,240.0,0.81,130.25306823535956,4.5,2.8,4.7,7.0,100.0,False,0.8238563488670372
97794,45.0,1,6.0,6150.671451908885,1.0,144.0,1596.0,62.80000000000001,2265.0,2418.0,1069.0,720.0,780.0,2220.0,420.0,0.56,114.6248626942762,4.0,3.3,4.2,17.0,89.0,False,0.9367245657568238
97795,33.0,1,3.0,30217.477566984388,1.0,146.0,890.0,26.11,1199.0,1408.0,774.0,70.0,1360.0,1500.0,60.0,0.71,115.0649984509446,3.3,3.3,4.0,8.0,94.0,False,0.8515625
97799,18.0,0,7.0,32239.3110727024,1.0,146.0,748.0,39.43,1849.0,839.0,542.0,1260.0,0.0,2520.0,120.0,1.15,94.60711752270724,4.0,5.5,4.1,23.0,94.0,False,2.2038140643623363
97801,80.0,0,3.0,34730.59204275586,1.0,144.0,3672.0,129.12,4321.0,4125.0,2674.0,90.0,510.0,690.0,180.0,1.23,59.34889190914557,4.8,3.4,4.0,20.0,97.0,True,1.0475151515151515
97802,71.0,0,3.0,41377.703764264064,2.0,139.0,2197.0,111.31,4776.0,3956.0,1581.0,0.0,0.0,0.0,480.0,1.67,43.48585880538408,4.7,3.6,3.9,37.0,197.0,True,1.2072800808897877
97806,18.0,1,3.0,49629.79636667722,1.0,146.0,1309.0,82.96,1856.0,2279.0,1445.0,240.0,110.0,590.0,360.0,0.67,129.84801665611494,3.8,3.8,4.6,8.0,87.0,False,0.8143922773146117
97809,71.0,0,7.0,6353.190296935391,1.0,144.0,1560.0,62.33000000000001,2360.0,1625.0,966.0,120.0,480.0,720.0,300.0,0.94,86.66712549317985,4.0,3.3,4.2,14.0,103.0,False,1.4523076923076923
97810,57.0,0,7.0,19677.292886495747,2.0,135.0,3604.0,169.02,8209.0,4795.0,2456.0,0.0,3600.0,3600.0,900.0,0.89,99.95312289080611,4.2,3.9,4.3,19.0,86.0,False,1.7119916579770595
97811,26.0,1,4.0,26446.08316863767,2.0,135.0,2166.0,88.13000000000001,5672.0,1964.0,1455.0,1800.0,600.0,4200.0,480.0,0.88,92.89259621802216,4.3,3.7,4.3,17.0,81.0,False,2.8879837067209775
97813,60.0,1,3.0,44348.2958232847,2.0,141.0,968.0,36.16,946.0,2052.0,710.0,0.0,420.0,420.0,600.0,0.86,77.29081877346049,3.8,3.5,4.1,9.0,94.0,False,0.46101364522417154
97817,64.0,1,6.0,15873.316395764889,1.0,148.0,2191.0,134.39,8103.0,3510.0,1779.0,0.0,0.0,0.0,240.0,0.64,98.6242298851608,4.0,4.2,4.2,13.0,95.0,False,2.3085470085470083
97823,29.0,0,2.0,33096.33117964989,1.0,146.0,1443.0,88.53999999999998,3044.0,1811.0,1184.0,480.0,1320.0,2280.0,120.0,0.93,113.99100885715993,3.9,2.9,4.5,11.0,102.0,False,1.6808393152954169
97825,18.0,0,3.0,39083.900321384855,1.0,135.0,1144.0,27.17,1612.0,824.0,487.0,240.0,120.0,600.0,480.0,1.02,109.25492241664487,4.5,3.6,4.4,9.0,87.0,False,1.9563106796116505
97827,50.0,0,6.0,17955.740823110806,2.0,138.0,1728.0,27.33,2012.0,1307.0,501.0,240.0,360.0,840.0,600.0,0.92,101.34062616103245,4.3,3.7,3.9,5.0,100.0,False,1.5394032134659525
97829,24.0,0,4.0,27614.726765144176,1.0,147.0,12501.0,396.61,20536.0,9569.0,6456.0,0.0,2400.0,2400.0,300.0,0.93,117.5914201247016,4.3,3.5,3.5,13.0,85.0,False,2.1460967708224477
97830,60.0,0,3.0,150979.09130105365,2.0,142.0,3808.0,192.55,8494.0,3996.0,3617.0,0.0,0.0,0.0,720.0,1.31,62.31510705993197,4.5,2.8,4.0,17.0,141.0,False,2.125625625625626
97832,73.0,0,3.0,13085.79020106394,1.0,145.0,2496.0,85.37,3867.0,2724.0,1529.0,0.0,0.0,0.0,600.0,0.82,92.75220538597944,4.5,4.0,3.6,16.0,83.0,False,1.419603524229075
97840,32.0,0,6.0,31755.90689148885,2.0,138.0,2162.0,75.77999999999999,4247.0,2178.0,1459.0,1155.0,315.0,2625.0,480.0,1.02,100.14445483793315,3.9,4.0,4.2,17.0,87.0,False,1.9499540863177227
97841,44.0,1,3.0,196043.2904256871,2.0,146.0,1883.0,94.63999999999996,3815.0,2449.0,1319.0,0.0,0.0,0.0,540.0,0.57,114.84902438840642,3.8,3.9,4.6,11.0,83.0,False,1.5577786851776234
97845,47.0,0,7.0,30118.45071085233,1.0,140.0,2598.0,83.79,2796.0,2434.0,1250.0,0.0,0.0,0.0,720.0,0.67,115.89044622192318,4.0,3.8,2.6,7.0,91.0,False,1.1487263763352507
97847,65.0,1,3.0,161213.58469229276,1.0,141.0,1107.0,57.49,2059.0,2034.0,1026.0,0.0,60.0,60.0,180.0,0.73,91.2081358189995,3.8,3.8,4.2,13.0,76.0,False,1.012291052114061
97848,30.0,1,4.0,21806.718942659943,2.0,148.0,2080.0,110.43,3246.0,4753.0,1707.0,0.0,0.0,0.0,300.0,0.76,108.0388534035207,4.3,4.0,4.2,15.0,83.0,False,0.6829370923627183
97850,64.0,1,2.0,20648.32335281249,2.0,146.0,1041.0,43.27000000000001,1296.0,1451.0,758.0,0.0,2400.0,2400.0,240.0,0.76,87.44715975992492,3.9,3.4,4.0,17.0,113.0,False,0.8931771192281185
97851,23.0,0,4.0,18131.23091503108,1.0,147.0,1099.0,71.51,1935.0,1054.0,838.0,840.0,600.0,2280.0,600.0,0.93,118.32503534383336,3.9,2.8,4.4,14.0,106.0,False,1.8358633776091082
97859,60.0,0,6.0,11634.353839661302,2.0,141.0,986.0,49.22,3213.0,1613.0,991.0,0.0,0.0,0.0,120.0,0.89,98.10549757754102,4.0,3.0,4.4,13.0,136.0,False,1.9919404835709857
97862,19.0,0,4.0,16653.611101568567,1.0,146.0,4254.0,202.22,9295.0,4722.0,2904.0,480.0,1680.0,2640.0,180.0,1.27,83.46333734998292,4.5,4.2,4.1,13.0,95.0,False,1.9684455739093605
97866,39.0,0,3.0,153632.15076704798,2.0,143.0,2369.0,116.05,4064.0,3149.0,1843.0,0.0,120.0,120.0,360.0,1.02,95.87819591468472,4.3,3.9,4.4,14.0,90.0,False,1.2905684344236266
97869,80.0,1,3.0,39007.65760516151,2.0,141.0,2411.0,85.71,4188.0,2475.0,1569.0,0.0,120.0,120.0,360.0,1.35,39.72879341265188,4.7,4.1,4.1,19.0,113.0,True,1.6921212121212121
97871,64.0,1,2.0,21925.146038534083,1.0,148.0,1058.0,50.39,2085.0,1313.0,940.0,0.0,0.0,0.0,360.0,0.51,104.17142049543423,3.6,3.5,3.9,10.0,143.0,False,1.5879664889565879
97876,58.0,0,3.0,12849.99503931288,2.0,144.0,2431.0,150.79999999999995,3937.0,4005.0,1622.0,300.0,1200.0,1800.0,120.0,0.93,95.1790525176578,3.9,3.5,3.4,18.0,70.0,False,0.9830212234706617
97878,49.0,1,4.0,8940.53756917559,2.0,148.0,1831.0,71.89,4218.0,4639.0,1125.0,780.0,1140.0,2700.0,600.0,0.92,76.32938094900652,4.0,3.8,4.3,14.0,178.0,False,0.9092476826902349
97882,18.0,1,1.0,37520.54354101751,2.0,140.0,1777.0,68.87,4605.0,2383.0,1015.0,960.0,300.0,2220.0,360.0,0.63,131.78873079378815,4.9,3.5,4.1,16.0,88.0,False,1.9324381032312212
97883,71.0,1,3.0,51535.04828688545,2.0,139.0,831.0,39.58,1046.0,1810.0,671.0,960.0,1860.0,3780.0,240.0,0.71,90.84581961943222,3.6,4.3,4.4,11.0,86.0,False,0.5779005524861879
97886,54.0,1,6.0,26550.057620761178,2.0,134.0,1449.0,51.010000000000005,1635.0,3389.0,1268.0,0.0,0.0,0.0,840.0,0.61,106.17409904352448,3.8,4.0,4.2,11.0,107.0,False,0.482443198583653
97891,69.0,0,6.0,11037.031195828406,1.0,141.0,878.0,24.340000000000003,761.0,1317.0,307.0,135.0,165.0,435.0,120.0,1.18,66.79614875274244,4.6,3.8,3.9,13.0,63.0,False,0.577828397873956
97895,63.0,0,3.0,239578.46038678856,1.0,143.0,2218.0,97.75,4796.0,1755.0,1212.0,0.0,270.0,270.0,240.0,1.07,77.97499297232129,4.4,2.4,3.6,16.0,173.0,False,2.7327635327635327
97896,57.0,1,7.0,93213.70039126492,1.0,145.0,1351.0,25.21,1082.0,1680.0,453.0,0.0,2880.0,2880.0,240.0,0.67,101.88166279936108,4.1,2.7,3.7,9.0,108.0,False,0.6440476190476191
97897,58.0,0,6.0,24182.15770469399,2.0,134.0,1411.0,71.00999999999999,2914.0,1553.0,1144.0,0.0,0.0,0.0,180.0,0.83,101.44941757797542,4.4,3.2,3.8,13.0,93.0,False,1.8763683193818417
97901,45.0,0,3.0,21088.421528565657,2.0,144.0,4025.0,193.39,7190.0,5325.0,2559.0,0.0,130.0,130.0,300.0,0.94,101.8780420417084,4.5,3.0,4.4,14.0,96.0,False,1.3502347417840375
97902,62.0,0,2.0,5994.976216918613,2.0,141.0,1488.0,73.88000000000001,1755.0,2568.0,1227.0,0.0,450.0,450.0,180.0,0.85,98.2477461088288,3.9,3.6,4.3,12.0,190.0,False,0.6834112149532711
97903,78.0,1,3.0,92913.17802970432,2.0,135.0,374.0,9.6,599.0,480.0,250.0,0.0,1980.0,1980.0,240.0,1.2,46.33299962515205,3.4,3.2,4.0,20.0,85.0,True,1.2479166666666666
97904,34.0,0,4.0,40425.49270259676,1.0,144.0,4915.0,180.91,5657.0,5839.0,3488.0,450.0,450.0,1350.0,300.0,1.3,73.92870092888265,4.2,3.3,4.4,12.0,83.0,False,0.96883027915739
97905,64.0,1,4.0,11206.874035686078,2.0,146.0,1046.0,30.940000000000005,1826.0,1006.0,462.0,0.0,0.0,0.0,360.0,1.06,58.66174541621413,4.3,3.9,3.7,21.0,167.0,True,1.8151093439363817
97908,62.0,0,3.0,25740.165254758875,2.0,136.0,2940.0,64.89,3149.0,2490.0,1036.0,0.0,0.0,0.0,240.0,0.9,96.56636277485984,5.3,3.4,3.8,13.0,85.0,False,1.2646586345381525
97909,45.0,1,6.0,18503.524887173477,2.0,135.0,2031.0,89.64000000000003,4263.0,2495.0,1705.0,0.0,0.0,0.0,480.0,0.61,112.28652785867963,4.1,3.5,4.0,11.0,97.0,False,1.7086172344689379
97915,42.0,1,1.0,24557.52951078485,1.0,148.0,2038.0,64.69,3853.0,2348.0,1298.0,90.0,0.0,180.0,60.0,0.54,117.81165843905396,3.9,3.0,3.9,15.0,80.0,False,1.6409710391822827
97923,43.0,1,3.0,95237.10890777652,2.0,146.0,2923.0,70.11,1735.0,2373.0,1130.0,0.0,50.0,50.0,300.0,0.35,129.9791700175507,4.2,4.1,3.0,4.0,85.0,False,0.7311420143278551
97926,80.0,0,3.0,8524.895312813582,1.0,142.0,3764.0,111.09000000000002,4325.0,5688.0,2928.0,0.0,0.0,0.0,840.0,1.17,63.01961046184105,4.0,2.5,3.9,20.0,108.0,False,0.7603727144866386
97928,56.0,0,1.0,44702.66561808848,1.0,148.0,2693.0,105.44,3954.0,3065.0,1445.0,180.0,90.0,450.0,600.0,1.04,84.27192674301895,4.0,2.8,4.1,14.0,101.0,False,1.2900489396411092
97929,76.0,1,3.0,53510.59692191146,1.0,146.0,3617.0,100.91000000000004,6582.0,3110.0,1594.0,0.0,0.0,0.0,360.0,0.57,94.12284967065658,4.1,3.4,4.1,15.0,100.0,False,2.1163987138263667
97930,32.0,0,7.0,31445.67835872352,2.0,138.0,2814.0,116.44,6212.0,2795.0,2052.0,0.0,1860.0,1860.0,360.0,1.1,91.4694127034811,4.4,3.3,4.2,16.0,111.0,False,2.2225402504472274
97934,25.0,0,3.0,284008.3863367623,2.0,134.0,1996.0,54.37,3860.0,2036.0,1057.0,1800.0,300.0,3900.0,120.0,0.76,127.92006976770332,3.8,4.2,4.2,20.0,100.0,False,1.8958742632612966
97937,61.0,1,6.0,16134.587508193425,2.0,134.0,942.0,23.38,2179.0,3526.0,479.0,0.0,630.0,630.0,120.0,0.61,101.65097094626388,4.5,4.5,4.3,9.0,102.0,False,0.6179807146908678
97940,29.0,0,6.0,39663.95742854923,2.0,146.0,1443.0,60.3,4469.0,1442.0,584.0,315.0,420.0,1050.0,480.0,0.77,124.28541394272392,3.8,3.7,4.3,10.0,95.0,False,3.0991678224687935
97941,28.0,1,1.0,45504.82468400877,2.0,140.0,1866.0,76.05,3528.0,3125.0,1384.0,120.0,140.0,380.0,300.0,0.92,86.9786974414376,4.1,3.2,4.2,18.0,85.0,False,1.12896
97943,19.0,1,3.0,44171.07990376806,2.0,143.0,1748.0,30.73,3582.0,2052.0,750.0,90.0,540.0,720.0,300.0,0.74,119.45086444420625,4.6,4.0,4.6,8.0,94.0,False,1.7456140350877194
97944,63.0,1,3.0,164921.14474065934,1.0,134.0,2126.0,94.17000000000002,3070.0,3602.0,1796.0,0.0,0.0,0.0,360.0,0.76,87.9927145903853,3.8,4.2,3.7,9.0,102.0,False,0.8523042754025542
97945,28.0,1,1.0,7618.018038547516,2.0,135.0,1753.0,48.88000000000002,2120.0,2559.0,1186.0,60.0,0.0,120.0,180.0,0.49,131.57458737174403,4.1,3.0,4.1,7.0,85.0,False,0.8284486127393513
97946,34.0,1,3.0,76090.84416855202,2.0,141.0,1109.0,28.78,1362.0,1273.0,756.0,900.0,720.0,2520.0,240.0,0.79,100.6004068902516,3.8,3.4,4.1,10.0,91.0,False,1.0699135899450118
97947,80.0,1,3.0,64893.45464616893,1.0,137.0,1457.0,60.06999999999999,2126.0,2045.0,1216.0,0.0,0.0,0.0,240.0,0.86,68.25080154930112,3.5,4.2,4.3,21.0,95.0,False,1.0396088019559901
97948,32.0,1,3.0,47808.94340873906,2.0,139.0,1929.0,42.16,2058.0,1255.0,657.0,0.0,1260.0,1260.0,180.0,0.69,118.17962586984908,3.5,4.4,4.3,10.0,94.0,False,1.6398406374501993
97949,30.0,1,3.0,95942.4514261342,1.0,144.0,2020.0,74.0,2481.0,1751.0,1397.0,180.0,0.0,360.0,600.0,0.72,115.28087958949364,3.8,3.5,4.0,12.0,83.0,False,1.4169046259280411
97950,69.0,1,4.0,13571.080107617956,2.0,146.0,1755.0,56.71000000000001,3094.0,1553.0,866.0,0.0,300.0,300.0,480.0,1.04,58.18043633585784,4.1,3.9,3.4,15.0,88.0,True,1.9922730199613652
97951,24.0,1,6.0,24758.41679642752,2.0,138.0,759.0,60.620000000000005,2128.0,2031.0,1023.0,90.0,15.0,195.0,120.0,0.83,100.89476006370154,4.1,3.9,4.6,15.0,82.0,False,1.0477597242737569
97952,57.0,0,6.0,9494.206985111368,1.0,141.0,1766.0,48.61,2811.0,1549.0,944.0,0.0,0.0,0.0,480.0,1.11,77.45230526901337,3.8,3.1,3.8,10.0,113.0,False,1.814719173660426
97955,65.0,0,3.0,237953.755341776,1.0,135.0,3473.0,96.65,3347.0,3633.0,2075.0,300.0,1080.0,1680.0,180.0,0.67,103.61663838275,4.7,4.0,3.5,16.0,108.0,False,0.9212771813927884
97956,80.0,0,3.0,34713.60065083864,2.0,142.0,898.0,72.05,1834.0,1495.0,782.0,0.0,840.0,840.0,240.0,1.78,38.08857683347388,4.0,3.5,4.2,29.0,83.0,True,1.2267558528428093
97958,24.0,1,4.0,56533.58427015811,2.0,145.0,2376.0,106.54999999999998,6223.0,2126.0,1617.0,600.0,60.0,1260.0,180.0,0.8,105.45188281161845,4.0,3.0,3.6,13.0,107.0,False,2.9270931326434617
97959,80.0,0,3.0,13081.10722311354,1.0,140.0,2579.0,102.4,3025.0,3719.0,1663.0,0.0,540.0,540.0,420.0,0.8,89.46554233062918,4.4,3.4,4.3,16.0,143.0,False,0.8133906964237698
97963,29.0,0,3.0,59165.98734143869,1.0,135.0,2510.0,110.18,5461.0,2986.0,1756.0,2250.0,2250.0,6750.0,240.0,1.03,100.84293238903336,3.7,3.8,4.3,12.0,96.0,False,1.8288680509042197
97964,74.0,0,4.0,11431.228102122885,1.0,145.0,1948.0,74.86,3425.0,3184.0,961.0,720.0,2520.0,3960.0,240.0,1.01,78.04033867898532,4.1,3.6,3.8,14.0,217.0,False,1.0756909547738693
97965,32.0,0,6.0,35006.43580352041,1.0,136.0,2523.0,95.78000000000002,4136.0,3400.0,1536.0,0.0,0.0,0.0,240.0,1.01,101.33546490288654,4.3,3.8,4.2,14.0,91.0,False,1.2164705882352942
97966,54.0,1,3.0,20953.09195401362,2.0,136.0,2659.0,90.93,5409.0,4137.0,1933.0,0.0,30.0,30.0,180.0,0.71,100.97690996778198,4.4,3.2,4.5,14.0,94.0,False,1.3074691805656273
97967,40.0,1,1.0,34981.57236792632,2.0,136.0,2050.0,64.14,2548.0,2116.0,1474.0,180.0,420.0,780.0,180.0,0.69,112.4435504162343,4.0,3.2,4.1,15.0,89.0,False,1.2041587901701323
97969,62.0,1,1.0,6388.436303058457,2.0,135.0,1171.0,38.27,1813.0,1535.0,634.0,0.0,100.0,100.0,180.0,0.72,94.476770327692,4.1,3.9,4.3,20.0,88.0,False,1.1811074918566775
97970,61.0,1,4.0,11806.763910803778,2.0,145.0,2575.0,84.34999999999998,3091.0,3338.0,1465.0,0.0,0.0,0.0,780.0,0.95,68.16425862227577,4.2,2.6,3.6,13.0,85.0,False,0.9260035949670461
97971,71.0,0,3.0,70528.6030809053,1.0,135.0,2466.0,86.96000000000001,3001.0,4198.0,1653.0,0.0,600.0,600.0,180.0,0.95,85.57353846615241,4.3,3.3,4.2,19.0,83.0,False,0.7148642210576465
97972,30.0,1,4.0,33367.89474110429,1.0,136.0,2030.0,54.32000000000001,4018.0,2289.0,1078.0,0.0,1680.0,1680.0,360.0,0.7,119.2445747588726,3.9,3.6,3.8,7.0,101.0,False,1.7553516819571866
97973,64.0,0,1.0,10885.643242074671,1.0,148.0,1911.0,90.67,3288.0,2082.0,1381.0,360.0,330.0,1050.0,300.0,1.08,76.63133003059869,4.1,4.6,4.2,23.0,108.0,False,1.579250720461095
97974,44.0,1,6.0,7337.110145404884,1.0,144.0,1533.0,42.17,2534.0,1420.0,688.0,0.0,0.0,0.0,720.0,0.63,112.11199431587151,3.8,2.9,3.9,14.0,96.0,False,1.7845070422535212
97976,62.0,0,2.0,7238.981601855708,1.0,144.0,1008.0,49.05,2296.0,1921.0,1203.0,0.0,0.0,0.0,60.0,0.53,113.31197232421854,3.7,2.5,3.4,9.0,142.0,False,1.1952108276939095
97978,41.0,1,4.0,27290.271707947875,1.0,138.0,1319.0,43.29,1773.0,1564.0,761.0,0.0,240.0,240.0,600.0,0.78,97.79838215559984,4.2,4.0,3.7,9.0,123.0,False,1.1336317135549872
97980,78.0,0,1.0,9428.5144783888,2.0,144.0,1977.0,95.83,3797.0,2759.0,1648.0,0.0,80.0,80.0,360.0,1.14,65.82864898206702,4.3,3.7,4.2,23.0,130.0,False,1.3762232693004712
97983,61.0,0,2.0,11905.685540375884,2.0,136.0,2528.0,100.1,3799.0,2137.0,1211.0,960.0,720.0,2640.0,420.0,0.98,87.7296914369089,4.3,2.6,3.9,22.0,121.0,False,1.777725783809078
97986,29.0,1,4.0,24354.115337847383,2.0,146.0,2832.0,142.39,4487.0,2387.0,1677.0,0.0,120.0,120.0,480.0,0.89,89.94753722493893,4.3,3.5,3.6,17.0,82.0,False,1.8797653958944283
97987,58.0,1,3.0,168066.6413207373,2.0,143.0,1860.0,37.59,1677.0,1308.0,894.0,0.0,150.0,150.0,720.0,0.98,66.9047225158982,4.2,4.1,4.1,12.0,102.0,False,1.2821100917431192
97997,70.0,1,3.0,73397.69494215315,2.0,142.0,950.0,25.29,1802.0,764.0,557.0,0.0,120.0,120.0,660.0,0.77,82.93294798700413,3.9,4.1,4.0,16.0,95.0,False,2.358638743455497
97999,80.0,1,4.0,29760.02884599612,2.0,148.0,1552.0,94.2,2706.0,3263.0,1305.0,0.0,150.0,150.0,720.0,1.77,28.70370632649917,4.2,3.2,3.6,31.0,93.0,True,0.8292981918479927
98005,67.0,0,3.0,71302.9841618051,1.0,143.0,2104.0,164.98999999999998,3911.0,3519.0,1659.0,0.0,0.0,0.0,360.0,1.18,67.63218810392034,3.6,4.1,4.5,27.0,131.0,False,1.1113952827507814
98006,36.0,0,4.0,38151.20386534181,2.0,140.0,2743.0,104.45000000000002,4893.0,2616.0,1967.0,1140.0,900.0,3180.0,180.0,1.22,78.79729075701779,4.7,3.4,3.1,14.0,89.0,False,1.8704128440366972
98008,80.0,1,3.0,37266.216810590704,1.0,142.0,2278.0,72.64000000000001,3308.0,2996.0,1327.0,0.0,320.0,320.0,480.0,0.91,63.77584578738312,3.9,4.5,3.8,19.0,92.0,False,1.1041388518024031
98009,57.0,0,3.0,44358.71807854832,2.0,143.0,3550.0,84.95000000000002,5067.0,2544.0,2303.0,960.0,1440.0,3360.0,240.0,1.06,81.85682296090599,4.1,3.1,4.3,13.0,89.0,False,1.991745283018868
98010,27.0,1,6.0,12856.715372993784,1.0,138.0,1632.0,62.46,2376.0,3066.0,1281.0,0.0,0.0,0.0,180.0,0.57,127.6569427645414,3.9,3.7,4.4,12.0,103.0,False,0.7749510763209393
98014,59.0,1,3.0,222099.0954159984,1.0,148.0,2668.0,125.46,3549.0,3025.0,2030.0,0.0,0.0,0.0,480.0,0.41,113.26536457571476,3.9,3.4,3.8,10.0,346.0,False,1.1732231404958677
98015,49.0,0,4.0,15641.562961307967,1.0,145.0,1054.0,35.42,1686.0,566.0,801.0,0.0,0.0,0.0,480.0,0.83,107.28984710712191,3.5,4.1,4.4,14.0,95.0,False,2.978798586572438
98018,22.0,0,4.0,32362.46579130165,1.0,146.0,1367.0,50.8,2186.0,1531.0,1035.0,1560.0,420.0,3540.0,420.0,1.02,106.57049490342844,3.7,3.3,4.5,12.0,97.0,False,1.4278249510124101
98019,80.0,0,7.0,13848.756196441303,1.0,146.0,1481.0,68.67,3495.0,1829.0,985.0,0.0,0.0,0.0,720.0,1.05,71.75820881702404,4.6,3.7,4.3,21.0,226.0,False,1.910880262438491
98022,18.0,1,4.0,19866.54230366738,2.0,140.0,2218.0,57.31,4128.0,2434.0,1094.0,0.0,0.0,0.0,480.0,0.62,132.29790004961177,3.9,3.8,3.5,6.0,82.0,False,1.695973705834018
98028,34.0,1,3.0,32141.706328021493,1.0,141.0,1622.0,59.50000000000001,2394.0,2693.0,1255.0,3000.0,1260.0,7260.0,120.0,0.76,105.3843050851688,3.7,4.6,4.3,10.0,92.0,False,0.8889714073523951
98030,24.0,1,4.0,49594.22851133992,2.0,146.0,2071.0,26.770000000000007,3754.0,1473.0,577.0,0.0,0.0,0.0,120.0,0.58,129.51711320691763,4.3,3.2,4.1,10.0,90.0,False,2.548540393754243
98031,31.0,0,7.0,44775.60152131583,2.0,140.0,2914.0,97.69,4363.0,2699.0,1637.0,600.0,1050.0,2250.0,180.0,0.85,119.13896731670292,4.6,2.8,3.8,13.0,83.0,False,1.6165246387550944
98032,72.0,0,3.0,111926.90405027232,1.0,139.0,1834.0,79.24000000000001,3154.0,4048.0,1172.0,0.0,420.0,420.0,480.0,0.93,87.242333027548,3.8,3.0,4.6,20.0,125.0,False,0.7791501976284585
98033,42.0,1,4.0,19992.29327155828,2.0,134.0,1469.0,54.9,1531.0,2226.0,648.0,720.0,360.0,1800.0,480.0,0.79,95.71757264247408,4.1,3.7,3.9,9.0,80.0,False,0.6877807726864331
98035,35.0,1,1.0,59407.31728075899,2.0,136.0,1235.0,50.89,1891.0,1506.0,792.0,1410.0,510.0,3330.0,60.0,0.6,119.9686488204076,4.2,3.5,3.8,15.0,89.0,False,1.2556440903054449
98036,38.0,1,6.0,26271.931568101445,2.0,138.0,1887.0,43.71,2531.0,2237.0,1010.0,0.0,1260.0,1260.0,180.0,0.75,104.44188473314392,4.1,4.4,3.9,11.0,82.0,False,1.1314260169870363
98040,65.0,0,6.0,11055.983055964683,2.0,136.0,2351.0,120.07,3706.0,2988.0,1597.0,0.0,0.0,0.0,300.0,1.21,66.44639413660063,4.6,3.7,4.6,25.0,78.0,False,1.2402945113788488
98041,55.0,1,1.0,46216.34753835741,2.0,143.0,1325.0,25.67,1307.0,631.0,527.0,0.0,960.0,960.0,120.0,0.71,100.35085312598174,4.1,3.4,3.8,13.0,96.0,False,2.071315372424723
98043,61.0,0,4.0,11017.920639334274,2.0,147.0,661.0,22.09,840.0,1265.0,280.0,0.0,270.0,270.0,120.0,0.78,101.46016148318203,4.2,4.0,4.2,10.0,94.0,False,0.6640316205533597
98045,40.0,1,6.0,28756.784849792257,2.0,138.0,2218.0,56.14999999999999,3761.0,2727.0,1216.0,540.0,90.0,1170.0,180.0,0.58,117.24950947107467,3.9,3.9,4.2,7.0,86.0,False,1.379171250458379
98046,49.0,1,3.0,30005.72009071271,1.0,135.0,736.0,35.26,1394.0,1007.0,483.0,0.0,0.0,0.0,180.0,0.59,110.41111045263344,4.1,2.8,3.8,16.0,118.0,False,1.384309831181728
98047,53.0,0,1.0,53144.28741938579,2.0,143.0,1139.0,47.78,1231.0,2750.0,1048.0,90.0,0.0,180.0,240.0,0.93,98.18528727734774,4.0,4.1,3.8,14.0,105.0,False,0.4476363636363636
98049,67.0,0,6.0,12243.47293085854,2.0,138.0,3348.0,176.37,6738.0,5559.0,2629.0,45.0,320.0,410.0,180.0,1.11,72.78204810942464,4.5,3.5,3.8,20.0,99.0,False,1.2120885051268213
98052,26.0,1,4.0,40995.30094302023,2.0,134.0,3282.0,116.47,5844.0,4139.0,1635.0,0.0,0.0,0.0,480.0,0.74,114.3621322008728,4.1,4.0,4.0,9.0,83.0,False,1.411935250060401
98054,43.0,0,3.0,34415.4012911697,1.0,142.0,3874.0,193.29,7248.0,3997.0,3114.0,2880.0,2880.0,8640.0,240.0,0.74,115.29707148866632,3.7,3.5,4.9,14.0,121.0,False,1.8133600200150113
98056,34.0,1,3.0,72833.3394880091,1.0,142.0,1362.0,55.48,2109.0,1703.0,1102.0,1020.0,1200.0,3240.0,60.0,0.67,117.54907040275396,4.6,3.8,3.8,9.0,85.0,False,1.2384028185554903
98057,21.0,0,1.0,38188.30702153896,2.0,146.0,4737.0,98.56,3874.0,3363.0,2447.0,1200.0,960.0,3360.0,60.0,0.81,128.64293711718406,4.3,4.5,4.1,14.0,97.0,False,1.151947665774606
98058,80.0,1,1.0,29594.233040357147,1.0,148.0,1011.0,39.54,1567.0,1534.0,645.0,0.0,0.0,0.0,240.0,0.73,83.0842044052104,3.3,3.6,4.4,30.0,103.0,False,1.0215123859191655
98060,80.0,0,3.0,11665.509074416614,1.0,140.0,3529.0,93.08,3950.0,2228.0,1311.0,0.0,600.0,600.0,420.0,0.89,86.63097315200568,4.0,3.4,4.4,10.0,102.0,False,1.772890484739677
98061,19.0,0,4.0,12656.133256673833,2.0,145.0,2123.0,74.05999999999999,4117.0,2671.0,909.0,1920.0,1200.0,5040.0,600.0,1.01,109.86884599869543,4.6,3.7,4.7,11.0,91.0,False,1.541370273305878
98062,80.0,1,3.0,24368.894059129598,1.0,142.0,1817.0,66.74,3656.0,3018.0,1329.0,0.0,0.0,0.0,540.0,0.78,76.7348015756592,3.6,3.5,3.6,16.0,133.0,False,1.2113982770046388
98065,29.0,1,7.0,49054.19489430295,1.0,146.0,977.0,25.34,1509.0,648.0,686.0,1440.0,2280.0,5160.0,60.0,0.78,105.37649801876562,3.9,3.6,4.8,9.0,89.0,False,2.3287037037037037
98066,19.0,0,1.0,37990.50773553988,1.0,148.0,2266.0,85.28999999999999,3450.0,2998.0,1646.0,0.0,0.0,0.0,180.0,0.81,130.25306823535956,4.5,4.2,4.6,18.0,97.0,False,1.1507671781187458
98071,61.0,1,3.0,216961.0841254594,2.0,143.0,1675.0,66.68999999999998,2138.0,2283.0,1172.0,0.0,675.0,675.0,240.0,0.69,98.67642132440872,3.8,3.6,3.9,9.0,84.0,False,0.9364870784056066
98075,66.0,1,3.0,192913.74013985004,1.0,141.0,2533.0,77.91000000000001,2884.0,2700.0,1449.0,0.0,0.0,0.0,540.0,1.08,56.65151094273276,3.8,3.8,4.1,20.0,90.0,True,1.068148148148148
98081,56.0,0,4.0,16258.803837101785,1.0,140.0,3048.0,67.16,3404.0,1053.0,805.0,0.0,0.0,0.0,360.0,1.09,79.65464989461398,3.9,3.0,4.0,9.0,102.0,False,3.2326685660018994
98082,46.0,1,3.0,37858.472466356034,1.0,135.0,679.0,13.12,783.0,1579.0,319.0,0.0,520.0,520.0,600.0,0.62,111.1539084533038,3.8,3.6,4.0,7.0,297.0,False,0.49588347055098164
98083,54.0,1,4.0,45896.43524186984,2.0,142.0,503.0,9.2,588.0,502.0,202.0,0.0,0.0,0.0,300.0,0.91,74.96912192944289,4.1,3.4,3.9,22.0,90.0,False,1.1713147410358566
98084,80.0,1,3.0,28995.012683265948,1.0,137.0,854.0,41.81,1895.0,1724.0,958.0,0.0,0.0,0.0,840.0,1.23,44.42421516488708,4.1,3.6,3.4,23.0,141.0,True,1.0991879350348028
98087,74.0,1,3.0,90248.43165432966,2.0,141.0,1941.0,67.28,3651.0,2451.0,1117.0,240.0,900.0,1380.0,300.0,0.96,62.08496827865277,4.0,3.8,4.1,15.0,83.0,False,1.4895960832313342
98088,33.0,0,3.0,102800.05296973969,1.0,135.0,1791.0,63.55,3115.0,1835.0,831.0,240.0,1800.0,2280.0,360.0,0.94,109.77227903712412,4.1,3.1,4.5,13.0,90.0,False,1.6975476839237058
98094,45.0,1,1.0,44047.58629701694,1.0,148.0,1858.0,66.27999999999999,3248.0,2041.0,1431.0,120.0,80.0,320.0,360.0,0.56,114.6248626942762,3.9,3.9,4.5,12.0,96.0,False,1.5913767760901518
98095,80.0,1,3.0,33401.16735172922,2.0,141.0,1677.0,58.92,2372.0,2268.0,1338.0,0.0,350.0,350.0,480.0,0.94,61.34122904523039,4.7,3.7,4.1,22.0,97.0,False,1.0458553791887126
98097,29.0,0,3.0,185712.6553161515,2.0,143.0,4028.0,134.52,9794.0,4679.0,2445.0,20.0,990.0,1030.0,540.0,0.87,119.78585795628044,3.9,3.2,4.5,12.0,101.0,False,2.093182303911092
98099,54.0,0,3.0,35718.760061984096,1.0,137.0,1152.0,31.35,2079.0,2887.0,840.0,0.0,0.0,0.0,360.0,0.99,90.52378663211128,4.4,3.7,4.3,16.0,99.0,False,0.7201246969172151
98100,33.0,0,3.0,217665.4682725732,2.0,147.0,2394.0,54.02,2849.0,3178.0,962.0,0.0,0.0,0.0,360.0,0.88,116.44009866336876,5.3,3.8,4.4,10.0,105.0,False,0.8964757709251101
98102,35.0,1,6.0,18414.216061207597,1.0,141.0,2620.0,51.98,3399.0,2070.0,1200.0,0.0,90.0,90.0,360.0,0.58,120.95284063066092,3.9,3.6,3.5,8.0,95.0,False,1.6420289855072463
98103,37.0,0,4.0,38211.6538094582,2.0,144.0,2058.0,59.57,4803.0,1045.0,1633.0,0.0,135.0,135.0,120.0,1.12,86.77216784738334,3.6,3.9,4.1,10.0,77.0,False,4.5961722488038275
98106,76.0,1,2.0,13590.962607016594,1.0,140.0,1831.0,58.04,2160.0,1485.0,1051.0,0.0,0.0,0.0,120.0,0.58,93.72916783526152,3.8,3.8,4.1,15.0,113.0,False,1.4545454545454546
98107,61.0,0,1.0,6751.973028838992,2.0,144.0,2701.0,135.71,5403.0,2268.0,2103.0,0.0,0.0,0.0,30.0,0.67,106.226660557778,3.9,2.9,3.4,16.0,92.0,False,2.382275132275132
98111,19.0,1,7.0,8540.124532902353,1.0,144.0,2492.0,81.94,4754.0,3394.0,1572.0,0.0,0.0,0.0,480.0,0.77,113.88813745255138,4.0,4.1,4.0,12.0,97.0,False,1.4007071302298173
98113,25.0,1,3.0,90876.60064266626,1.0,135.0,3266.0,133.42000000000002,4942.0,2530.0,2001.0,0.0,0.0,0.0,480.0,0.68,123.87328271480617,4.1,4.0,4.1,15.0,86.0,False,1.9533596837944665
98119,30.0,1,3.0,109723.76446702686,2.0,142.0,1740.0,74.5,4013.0,2542.0,1541.0,720.0,2460.0,3900.0,300.0,0.54,126.94054562516726,4.3,4.3,3.6,10.0,95.0,False,1.5786782061369
98120,41.0,1,3.0,228798.1918899456,2.0,144.0,3397.0,101.02,7397.0,2641.0,1948.0,0.0,0.0,0.0,780.0,0.78,97.79838215559984,4.0,4.4,3.6,11.0,99.0,False,2.8008330177962892
98121,73.0,0,3.0,9951.44696626394,1.0,140.0,3029.0,83.37000000000002,4621.0,3382.0,1531.0,720.0,540.0,1980.0,180.0,1.3,58.00611494266153,4.2,3.5,4.0,30.0,165.0,True,1.3663512714370196
98124,31.0,0,3.0,68275.0196713611,1.0,143.0,8538.0,128.52000000000004,12350.0,6979.0,5055.0,150.0,2160.0,2460.0,240.0,0.85,119.13896731670292,4.5,3.4,4.5,14.0,89.0,False,1.7695944977790514
98125,76.0,1,3.0,83756.96233720782,1.0,144.0,1961.0,71.45000000000002,2979.0,3185.0,1330.0,360.0,90.0,810.0,300.0,0.81,75.18442893351454,3.9,4.1,4.0,13.0,92.0,False,0.9353218210361067
98130,68.0,0,3.0,22528.72790035059,2.0,139.0,1960.0,64.02,2405.0,2485.0,903.0,0.0,240.0,240.0,300.0,0.81,96.03700116233598,4.8,2.8,3.8,15.0,96.0,False,0.9678068410462777
98131,40.0,1,4.0,4884.460611425601,2.0,145.0,1626.0,55.06,2630.0,2373.0,1099.0,0.0,0.0,0.0,840.0,0.89,83.99978864343159,3.8,3.6,3.4,14.0,95.0,False,1.1083017277707543
98133,80.0,1,3.0,34145.13892952082,2.0,142.0,1305.0,23.23,1413.0,1628.0,526.0,0.0,0.0,0.0,360.0,0.78,76.7348015756592,4.3,3.0,3.9,9.0,96.0,False,0.8679361179361179
98134,62.0,0,1.0,6924.1614035158445,1.0,135.0,2468.0,85.06,2512.0,3036.0,2967.0,90.0,120.0,300.0,120.0,1.0,85.097516373144,4.1,3.6,3.9,23.0,92.0,False,0.8274044795783926
98135,42.0,1,3.0,66114.24542184222,1.0,147.0,2338.0,72.89999999999999,2385.0,2216.0,1158.0,1800.0,480.0,4080.0,180.0,0.72,106.99049341456804,4.0,3.8,3.4,9.0,98.0,False,1.0762635379061372
98137,78.0,1,6.0,10274.78912432621,1.0,144.0,1314.0,51.23000000000001,1215.0,1915.0,1090.0,180.0,60.0,420.0,540.0,0.87,68.15297364784112,4.0,4.0,4.4,18.0,96.0,False,0.6344647519582245
98139,60.0,0,1.0,9597.753314663463,1.0,138.0,2646.0,102.73,2879.0,3231.0,2146.0,840.0,230.0,1910.0,150.0,0.87,98.78120337095568,4.3,3.5,4.1,27.0,136.0,False,0.8910554008047045
98141,56.0,1,1.0,14702.28771717054,2.0,148.0,1649.0,70.81,2595.0,2689.0,1762.0,0.0,0.0,0.0,120.0,0.69,101.79312063902118,4.2,3.4,4.0,17.0,106.0,False,0.965042766827817
98142,65.0,0,4.0,15980.786823647088,1.0,144.0,3643.0,195.03,5282.0,2916.0,2514.0,0.0,0.0,0.0,240.0,1.24,64.52200286801929,3.8,3.8,4.0,17.0,81.0,False,1.8113854595336076
98143,80.0,1,3.0,18493.871178647867,1.0,136.0,1980.0,108.07,3003.0,2807.0,1575.0,0.0,495.0,495.0,240.0,1.23,44.42421516488708,4.2,3.6,4.4,18.0,83.0,True,1.0698254364089776
98144,45.0,1,3.0,162321.4923918447,2.0,145.0,1220.0,61.32,2025.0,1356.0,743.0,0.0,30.0,30.0,240.0,0.73,103.28891875590944,3.9,3.0,3.9,16.0,87.0,False,1.4933628318584071
98145,24.0,1,3.0,113643.61237371236,1.0,134.0,1526.0,68.63,3187.0,2760.0,1003.0,540.0,780.0,1860.0,180.0,0.72,119.66394796091193,4.5,3.9,4.3,17.0,88.0,False,1.1547101449275363
98147,29.0,0,3.0,92243.27055126218,1.0,146.0,4111.0,135.73,4505.0,4969.0,2571.0,60.0,0.0,120.0,600.0,1.15,88.35125586816305,4.3,3.9,4.2,17.0,101.0,False,0.9066210505131818
98148,37.0,1,3.0,51197.062216915365,1.0,142.0,3855.0,23.38,3768.0,2466.0,665.0,0.0,900.0,900.0,300.0,0.89,85.58176049657727,4.0,3.8,4.4,6.0,89.0,False,1.5279805352798053
98152,62.0,0,4.0,19351.570012543085,1.0,144.0,957.0,32.43,5379.0,878.0,964.0,3360.0,2400.0,9120.0,180.0,1.04,81.18520243716152,3.9,2.8,3.6,11.0,106.0,False,6.126423690205011
98153,55.0,0,6.0,6792.722340978443,2.0,135.0,1800.0,52.88000000000001,3284.0,1975.0,695.0,450.0,690.0,1590.0,120.0,0.93,96.97156395755158,4.1,3.5,3.8,12.0,89.0,False,1.6627848101265823
98156,46.0,1,1.0,17503.194672535767,2.0,141.0,2009.0,65.16000000000001,2278.0,2080.0,1187.0,0.0,0.0,0.0,30.0,0.55,114.40993192679991,3.9,3.7,4.0,8.0,119.0,False,1.0951923076923078
98158,69.0,0,4.0,13198.661267867416,1.0,139.0,1619.0,64.26,1916.0,1780.0,945.0,0.0,0.0,0.0,360.0,1.24,62.93667713737418,3.8,3.3,4.1,12.0,89.0,False,1.0764044943820226
98161,43.0,1,3.0,107122.80683987534,1.0,135.0,1973.0,79.80999999999999,2546.0,2858.0,1154.0,0.0,180.0,180.0,600.0,0.67,111.1501698505097,4.3,3.8,4.1,17.0,89.0,False,0.8908327501749476
98165,55.0,0,3.0,20950.83666460668,1.0,135.0,2197.0,97.99,4228.0,3712.0,2283.0,1200.0,1200.0,3600.0,360.0,0.86,102.2576086937272,3.9,2.6,4.2,15.0,121.0,False,1.1390086206896552
98169,28.0,1,2.0,42505.24861704193,1.0,134.0,1289.0,46.96,2370.0,1315.0,901.0,1635.0,1620.0,4890.0,180.0,0.41,137.3499047332129,3.4,4.3,4.1,6.0,79.0,False,1.8022813688212929
98170,18.0,1,1.0,36980.13628487164,2.0,135.0,1134.0,32.31,1883.0,1078.0,572.0,0.0,0.0,0.0,300.0,0.69,128.93081176120924,4.3,3.8,3.9,14.0,93.0,False,1.7467532467532467
98172,62.0,0,1.0,6943.373271258249,1.0,137.0,7375.0,223.91,8346.0,9804.0,5568.0,0.0,0.0,0.0,300.0,0.77,101.22479656428506,3.8,2.6,3.8,12.0,112.0,False,0.8512851897184822
98173,71.0,1,1.0,8727.633165819603,2.0,142.0,600.0,18.37,866.0,1702.0,433.0,0.0,450.0,450.0,45.0,0.41,105.11992349372298,4.0,2.8,3.9,14.0,80.0,False,0.5088131609870741
98174,48.0,0,4.0,17963.74963041013,2.0,143.0,2885.0,114.13,5136.0,2905.0,1876.0,0.0,2880.0,2880.0,300.0,0.95,98.73307542673528,3.7,3.5,3.8,17.0,107.0,False,1.767986230636833
98175,69.0,1,4.0,13692.00123372958,1.0,139.0,1374.0,49.81999999999999,2592.0,1490.0,658.0,0.0,0.0,0.0,600.0,0.73,88.96712348009545,4.3,3.8,3.6,18.0,96.0,False,1.7395973154362416
98178,47.0,0,3.0,265329.6325654619,2.0,138.0,564.0,16.93,877.0,537.0,394.0,360.0,64.0,784.0,480.0,0.98,95.71074751055578,4.6,2.7,4.4,18.0,95.0,False,1.633147113594041
98180,49.0,0,1.0,16229.652966218777,2.0,140.0,3349.0,76.17,3132.0,1451.0,1389.0,0.0,240.0,240.0,30.0,0.69,113.4456335687927,3.8,2.6,3.8,13.0,209.0,False,2.158511371467953
98187,32.0,1,2.0,53594.96613443512,2.0,145.0,3350.0,76.16,5287.0,3735.0,1740.0,0.0,0.0,0.0,300.0,0.47,129.637204663699,3.7,4.2,3.7,10.0,68.0,False,1.415528781793842
98189,43.0,0,3.0,219248.0448436924,1.0,136.0,3699.0,151.82000000000002,6120.0,3463.0,2471.0,1890.0,1890.0,5670.0,150.0,0.85,110.57112804401125,4.3,4.2,3.8,15.0,92.0,False,1.767253826162287
98195,28.0,0,4.0,36176.23033666316,1.0,146.0,4319.0,139.82999999999998,9217.0,5056.0,1997.0,660.0,660.0,1980.0,120.0,1.06,98.03566629773404,4.7,3.8,4.2,17.0,111.0,False,1.8229825949367089
98197,69.0,0,4.0,18798.44275539253,1.0,141.0,1036.0,20.22,1882.0,844.0,336.0,75.0,60.0,210.0,600.0,1.3,59.467243663401554,4.2,4.5,4.2,26.0,88.0,True,2.2298578199052135
98198,80.0,0,3.0,49096.80599658195,2.0,142.0,3428.0,104.10000000000002,6678.0,4377.0,2845.0,10.0,110.0,130.0,120.0,0.92,84.09174325259,4.1,2.8,4.1,14.0,87.0,False,1.5257025359835503
98202,50.0,0,4.0,35490.13789600016,2.0,142.0,2691.0,81.75999999999999,3846.0,2140.0,1013.0,1440.0,180.0,3060.0,720.0,1.17,75.94618136817637,4.3,3.1,3.6,21.0,98.0,False,1.797196261682243
98203,35.0,0,3.0,248771.63264827317,1.0,143.0,333.0,17.150000000000002,639.0,613.0,309.0,60.0,180.0,300.0,720.0,0.84,116.62777012572678,3.8,3.8,4.4,11.0,100.0,False,1.0424143556280587
98204,60.0,0,3.0,30713.55871568553,1.0,135.0,2192.0,74.41,4690.0,3314.0,1004.0,0.0,0.0,0.0,360.0,1.1,76.8506735338014,3.9,2.9,4.6,13.0,85.0,False,1.4152082076041037
98207,46.0,0,7.0,120251.79251865926,2.0,139.0,5493.0,138.98000000000002,6836.0,4809.0,2839.0,840.0,1980.0,3660.0,600.0,1.18,77.06809033762835,4.2,4.2,4.3,15.0,90.0,False,1.421501351632356
98208,39.0,1,3.0,112605.82230152904,1.0,139.0,240.0,8.93,2233.0,176.0,153.0,0.0,330.0,330.0,600.0,0.77,100.5676585064542,3.7,4.4,4.5,10.0,95.0,False,12.6875
98209,58.0,0,3.0,141181.2557713349,1.0,142.0,1985.0,66.38,2279.0,2829.0,1355.0,0.0,1260.0,1260.0,180.0,0.99,88.29958896613265,4.1,3.8,4.2,17.0,108.0,False,0.8055850123718629
98211,74.0,0,2.0,22387.891127280636,1.0,134.0,1199.0,24.32,1392.0,1150.0,378.0,0.0,0.0,0.0,240.0,0.98,80.91583184237238,3.9,2.6,3.8,19.0,104.0,False,1.2104347826086956
98212,18.0,1,3.0,34380.32624956548,1.0,135.0,1817.0,63.74,3035.0,1478.0,1148.0,0.0,0.0,0.0,300.0,0.76,116.41047398424608,4.1,4.1,4.2,11.0,80.0,False,2.0534506089309876
98215,51.0,1,3.0,30731.43585719273,2.0,142.0,1519.0,63.38999999999999,2817.0,2177.0,1206.0,0.0,0.0,0.0,240.0,0.66,106.1392486442389,4.1,3.3,4.1,13.0,85.0,False,1.2939825447864033
98216,47.0,0,2.0,44179.19969932096,2.0,137.0,1904.0,50.88999999999999,3047.0,2578.0,743.0,0.0,240.0,240.0,180.0,1.06,87.1093876169541,4.2,3.1,4.0,16.0,83.0,False,1.1819239720713732
98220,50.0,0,4.0,9117.478052037515,1.0,147.0,2140.0,96.97000000000004,3796.0,2188.0,1209.0,330.0,3600.0,4260.0,180.0,0.9,104.0490129932253,3.3,3.5,4.4,13.0,72.0,False,1.7349177330895795
98222,26.0,1,3.0,273574.8160089044,2.0,147.0,1801.0,39.32,1452.0,2057.0,857.0,180.0,1320.0,1680.0,240.0,0.96,83.68253501403433,4.1,4.7,3.9,16.0,83.0,False,0.7058823529411765
98223,52.0,0,4.0,18794.242986510835,1.0,144.0,1881.0,73.31,3017.0,1682.0,908.0,1800.0,2160.0,5760.0,360.0,1.0,90.55802889550912,4.4,3.4,4.3,15.0,101.0,False,1.7936979785969085
98225,26.0,0,4.0,40360.55924714981,1.0,144.0,1336.0,35.44,2185.0,1385.0,405.0,180.0,60.0,420.0,600.0,1.03,102.74211193703567,4.3,3.3,4.6,20.0,81.0,False,1.5776173285198556
98227,61.0,1,1.0,7592.163214818824,1.0,140.0,1424.0,39.09,2499.0,1286.0,842.0,3000.0,480.0,6480.0,30.0,0.79,85.04965031547864,4.1,4.1,4.1,11.0,82.0,False,1.9432348367029548
98228,52.0,1,4.0,16941.817780335474,1.0,144.0,4472.0,181.88,5015.0,4192.0,3648.0,360.0,180.0,900.0,480.0,0.78,91.33149927380364,3.9,2.7,3.7,12.0,109.0,False,1.1963263358778626
98230,61.0,1,2.0,18272.1821277251,1.0,145.0,1427.0,41.98,1768.0,1407.0,775.0,0.0,0.0,0.0,300.0,0.77,87.70738681500607,4.1,5.0,3.6,11.0,81.0,False,1.2565742714996446
98236,80.0,1,6.0,10737.86534671492,1.0,137.0,1476.0,95.35,3500.0,1743.0,1085.0,20.0,20.0,60.0,180.0,0.77,77.93221633987184,3.7,4.0,4.3,16.0,102.0,False,2.0080321285140563
98238,44.0,1,7.0,27277.381879788136,1.0,138.0,1065.0,40.2,1558.0,1160.0,554.0,0.0,600.0,600.0,120.0,0.3,134.062380937159,3.6,4.0,3.3,13.0,103.0,False,1.3431034482758621
98241,32.0,0,6.0,14674.594643869686,1.0,139.0,1860.0,98.96000000000002,2853.0,2459.0,1280.0,0.0,60.0,60.0,480.0,1.1,91.4694127034811,4.1,4.3,4.4,15.0,98.0,False,1.1602277348515657
98242,53.0,1,4.0,41238.25935458503,1.0,143.0,447.0,16.16,724.0,395.0,283.0,180.0,90.0,450.0,720.0,0.91,75.43683027716128,3.5,4.1,4.5,10.0,108.0,False,1.8329113924050633
98244,80.0,0,3.0,13104.0820740149,1.0,142.0,1196.0,68.96999999999998,3151.0,2995.0,850.0,60.0,0.0,120.0,90.0,0.92,84.09174325259,4.1,3.6,3.7,22.0,84.0,False,1.0520868113522537
98255,19.0,1,4.0,8970.2989931425,1.0,145.0,1406.0,64.09,1981.0,1596.0,1125.0,90.0,240.0,420.0,480.0,0.84,102.59642251453484,3.9,4.4,3.9,13.0,89.0,False,1.2412280701754386
98256,25.0,1,4.0,79198.53182969696,1.0,144.0,1608.0,28.290000000000003,1213.0,1386.0,650.0,1260.0,1440.0,3960.0,300.0,0.65,125.22763415611428,3.9,4.4,4.2,8.0,90.0,False,0.8751803751803752
98257,71.0,0,3.0,87666.63691561474,1.0,141.0,3738.0,191.75,11104.0,5400.0,3189.0,1800.0,1320.0,4920.0,240.0,1.19,65.30575626541567,4.3,3.1,4.3,18.0,93.0,False,2.0562962962962965
98258,73.0,0,3.0,110582.13135232078,1.0,141.0,2340.0,80.85,3267.0,2151.0,1191.0,0.0,0.0,0.0,720.0,1.17,65.8237722726422,4.5,3.3,4.1,26.0,96.0,False,1.5188284518828452
98259,52.0,1,4.0,29166.59916090264,1.0,146.0,1671.0,53.35,3401.0,989.0,806.0,0.0,360.0,360.0,600.0,0.84,83.56010305475766,3.7,3.5,3.5,12.0,135.0,False,3.4388270980788676
98262,59.0,0,3.0,46680.34848043788,1.0,143.0,2800.0,72.53,2552.0,2743.0,1385.0,0.0,390.0,390.0,300.0,0.93,94.58894239204834,4.2,3.6,3.9,14.0,95.0,False,0.9303682099890631
98264,72.0,0,3.0,159824.2742518467,1.0,141.0,2476.0,113.45999999999998,3381.0,4553.0,2138.0,1080.0,960.0,3120.0,180.0,0.93,87.242333027548,4.0,4.0,4.5,19.0,99.0,False,0.7425873050735778
98266,41.0,1,2.0,54648.62880231567,2.0,146.0,936.0,45.71000000000001,2754.0,1341.0,794.0,60.0,840.0,960.0,360.0,0.62,114.66470977385406,4.2,3.8,3.8,16.0,85.0,False,2.053691275167785
98267,49.0,0,4.0,30521.14598261786,2.0,142.0,3236.0,114.51,6978.0,2449.0,1313.0,0.0,0.0,0.0,120.0,0.99,93.38298460428818,4.8,3.0,4.1,9.0,91.0,False,2.8493262556145367
98269,76.0,0,7.0,76386.67339142703,1.0,143.0,1748.0,61.54,2881.0,2260.0,801.0,0.0,0.0,0.0,120.0,0.7,95.49340897003708,3.5,3.2,4.4,18.0,104.0,False,1.274778761061947
98270,62.0,1,4.0,22652.193554888083,2.0,134.0,5047.0,188.67,12218.0,4672.0,2283.0,120.0,540.0,780.0,420.0,0.69,98.0646275121974,4.4,4.3,3.6,22.0,89.0,False,2.615154109589041
98271,50.0,0,6.0,13595.943930200396,2.0,138.0,2083.0,68.89999999999999,2032.0,3523.0,1316.0,0.0,45.0,45.0,11.0,0.84,106.2397055420496,4.2,3.0,3.7,12.0,102.0,False,0.5767811524269089
98272,55.0,0,2.0,56328.022656808,2.0,146.0,4280.0,186.76999999999995,8807.0,3603.0,2354.0,2400.0,1200.0,6000.0,120.0,1.08,81.04298554773835,4.3,3.4,3.8,17.0,92.0,False,2.4443519289480986
98274,52.0,1,3.0,281271.94059347,1.0,137.0,2212.0,61.540000000000006,2564.0,1861.0,835.0,0.0,480.0,480.0,300.0,0.74,97.28727667403513,3.8,4.2,4.0,16.0,89.0,False,1.3777538957549704
98277,18.0,1,3.0,112660.5127174846,1.0,134.0,587.0,17.3,1896.0,440.0,302.0,0.0,0.0,0.0,540.0,0.69,128.93081176120924,3.7,3.4,3.9,9.0,78.0,False,4.3090909090909095
98280,31.0,1,6.0,32716.646801185725,2.0,145.0,1182.0,37.06,1646.0,1296.0,766.0,30.0,0.0,60.0,300.0,0.45,131.8202203913324,4.1,3.4,3.8,8.0,113.0,False,1.2700617283950617
98284,38.0,1,3.0,38527.91024799296,1.0,136.0,1699.0,68.75,3221.0,3082.0,1217.0,30.0,30.0,90.0,720.0,0.72,109.6855003621752,3.7,3.9,3.4,10.0,82.0,False,1.04510058403634
98285,24.0,1,6.0,36739.89036578458,2.0,135.0,2191.0,61.830000000000005,3157.0,2732.0,1125.0,720.0,1560.0,3000.0,420.0,0.72,119.66394796091193,4.1,3.8,4.1,10.0,81.0,False,1.1555636896046853
98287,61.0,1,4.0,16764.446986695828,2.0,146.0,1542.0,46.040000000000006,3133.0,1138.0,714.0,0.0,0.0,0.0,120.0,0.79,85.04965031547864,3.8,3.4,3.7,24.0,123.0,False,2.7530755711775043
98288,64.0,0,3.0,43145.763524694055,1.0,145.0,3359.0,111.87999999999998,5237.0,2248.0,1946.0,1800.0,1440.0,5040.0,240.0,1.26,63.689848493252455,4.1,3.8,3.9,19.0,93.0,False,2.329626334519573
98289,71.0,0,4.0,13905.99403700042,2.0,134.0,242.0,8.41,411.0,565.0,184.0,0.0,0.0,0.0,600.0,1.13,69.48861962463256,4.3,3.8,4.1,11.0,88.0,False,0.727433628318584
98292,42.0,1,4.0,15674.722115028691,1.0,141.0,2668.0,88.3,3910.0,2440.0,1514.0,0.0,30.0,30.0,480.0,0.79,95.71757264247408,3.1,3.7,4.1,12.0,89.0,False,1.6024590163934427
98293,52.0,1,4.0,26985.160820399786,1.0,139.0,2465.0,76.11,2836.0,2297.0,1303.0,0.0,90.0,90.0,360.0,0.93,73.95279149224442,3.5,4.1,3.8,18.0,134.0,False,1.2346538963865912
98295,23.0,1,1.0,36604.44189078877,2.0,140.0,1509.0,63.88999999999999,2842.0,2653.0,971.0,0.0,1440.0,1440.0,300.0,0.65,126.7950183835638,4.2,3.8,4.2,11.0,86.0,False,1.071240105540897
98298,28.0,1,7.0,61125.41298563582,2.0,140.0,1554.0,35.160000000000004,1224.0,1671.0,758.0,140.0,1620.0,1900.0,360.0,0.66,122.4613897002012,4.3,3.8,3.6,7.0,93.0,False,0.7324955116696589
98300,48.0,1,3.0,188854.2666245038,1.0,145.0,547.0,3.29,322.0,775.0,139.0,0.0,1080.0,1080.0,240.0,0.82,88.17825856896944,4.2,3.4,4.3,15.0,106.0,False,0.4154838709677419
98301,68.0,1,4.0,28492.80992635596,1.0,143.0,1293.0,82.97000000000001,2040.0,3016.0,1138.0,0.0,180.0,180.0,240.0,0.86,73.53936021964435,3.8,3.8,4.4,17.0,107.0,False,0.6763925729442971
98302,29.0,0,1.0,35251.271284788985,1.0,147.0,5872.0,148.32,6506.0,4168.0,2053.0,0.0,0.0,0.0,180.0,0.79,123.3266630331226,3.6,4.0,4.2,6.0,78.0,False,1.560940499040307
98303,34.0,1,4.0,12668.92961850628,2.0,148.0,465.0,23.32,1168.0,314.0,347.0,0.0,0.0,0.0,240.0,0.68,117.13011737580138,4.1,3.5,4.1,9.0,83.0,False,3.7197452229299364
98304,79.0,1,3.0,74417.93123286938,2.0,144.0,1636.0,50.220000000000006,2331.0,1851.0,896.0,0.0,150.0,150.0,420.0,0.56,92.77790687992608,4.7,4.0,4.4,10.0,99.0,False,1.2593192868719612
98308,35.0,0,1.0,56356.507459975,1.0,135.0,2379.0,95.11,4110.0,3868.0,1609.0,960.0,1320.0,3240.0,120.0,0.75,120.68847927166654,3.6,4.4,4.3,13.0,82.0,False,1.062564632885212
98309,73.0,1,3.0,7364.40214866436,2.0,139.0,1617.0,37.76,1831.0,1512.0,1016.0,0.0,0.0,0.0,240.0,1.26,45.07837962836396,5.4,3.0,4.1,20.0,112.0,True,1.210978835978836
98310,47.0,1,1.0,39375.52147427311,1.0,148.0,1895.0,65.26,3828.0,1588.0,1397.0,0.0,0.0,0.0,300.0,0.58,112.25455726091992,3.5,3.7,3.9,9.0,85.0,False,2.4105793450881614
98316,63.0,1,3.0,178416.49409822095,1.0,139.0,1932.0,60.5,2749.0,1659.0,880.0,0.0,0.0,0.0,480.0,0.82,80.3241990777936,4.3,4.4,3.9,16.0,103.0,False,1.6570223025919228
98318,40.0,0,3.0,17756.45374742696,2.0,141.0,1128.0,84.75,2252.0,1451.0,848.0,990.0,990.0,2970.0,300.0,1.17,80.81947370456255,4.2,3.1,4.1,12.0,111.0,False,1.5520330806340454
98320,48.0,1,4.0,12312.062628366595,1.0,147.0,879.0,21.26,2000.0,349.0,342.0,0.0,60.0,60.0,480.0,0.69,106.98588641778689,3.0,3.1,3.9,11.0,93.0,False,5.730659025787966
98322,29.0,1,3.0,135154.32220379356,2.0,142.0,1000.0,56.04,2785.0,1148.0,1165.0,420.0,420.0,1260.0,60.0,0.61,124.03486382066328,4.3,4.6,3.1,12.0,99.0,False,2.4259581881533103
98323,31.0,1,3.0,53908.374034259294,1.0,135.0,2462.0,68.08,3463.0,3275.0,1359.0,60.0,1590.0,1710.0,120.0,0.7,118.5052583953676,4.0,3.9,4.3,11.0,82.0,False,1.0574045801526717
98326,55.0,1,4.0,25607.82306986888,1.0,141.0,1391.0,82.96999999999998,2212.0,2585.0,1368.0,0.0,0.0,0.0,540.0,0.71,100.35085312598174,3.9,3.5,4.3,10.0,86.0,False,0.8557059961315281
98328,30.0,1,6.0,15264.148751069608,2.0,144.0,2402.0,110.15,3453.0,3216.0,1654.0,0.0,110.0,110.0,120.0,0.47,131.25978031363277,4.0,3.5,3.1,6.0,82.0,False,1.0736940298507462
98331,64.0,1,6.0,10762.63386590997,2.0,148.0,893.0,49.97,2076.0,969.0,629.0,0.0,180.0,180.0,180.0,0.66,97.89554088822166,4.1,4.0,4.3,15.0,99.0,False,2.1424148606811144
98332,34.0,1,3.0,29776.854053978004,2.0,139.0,1131.0,33.510000000000005,1393.0,1004.0,546.0,0.0,1800.0,1800.0,60.0,0.92,83.79282914744438,3.8,4.5,4.5,12.0,83.0,False,1.3874501992031874
98334,62.0,0,6.0,5844.708047400313,2.0,135.0,2362.0,77.03,6070.0,3254.0,1458.0,180.0,135.0,495.0,600.0,1.05,80.25825745448341,4.4,3.4,3.8,10.0,95.0,False,1.8653964351567303
98336,41.0,1,4.0,23306.01218679849,1.0,144.0,3505.0,112.45,5105.0,3726.0,1671.0,180.0,1560.0,1920.0,60.0,1.07,66.92442684299931,3.9,4.0,3.9,13.0,111.0,False,1.3701019860440151
98338,54.0,0,3.0,34938.79347139016,2.0,139.0,2657.0,109.31,3949.0,2554.0,1588.0,0.0,270.0,270.0,300.0,1.22,70.45197122009002,4.3,3.8,4.6,22.0,180.0,False,1.5462020360219264
98339,80.0,0,3.0,7914.096555038411,2.0,137.0,1817.0,74.78,2787.0,2943.0,1638.0,0.0,0.0,0.0,360.0,1.07,70.15170248970922,4.8,3.9,3.7,16.0,88.0,False,0.9469928644240571
98341,71.0,0,3.0,15835.878466062932,1.0,134.0,3352.0,117.47,5884.0,5191.0,1908.0,0.0,0.0,0.0,480.0,0.73,97.26901982922764,3.7,3.1,4.2,14.0,117.0,False,1.1335002889616643
98343,31.0,1,4.0,13215.888980858408,1.0,144.0,1046.0,32.77,1821.0,1377.0,722.0,0.0,20.0,20.0,300.0,0.64,121.09239684443466,3.3,3.0,3.8,12.0,108.0,False,1.3224400871459694
98345,22.0,0,6.0,20971.46340377593,1.0,138.0,1155.0,56.98,3179.0,1399.0,784.0,840.0,840.0,2520.0,180.0,1.07,100.62285962822736,4.1,4.5,4.0,20.0,93.0,False,2.272337383845604
98350,36.0,1,1.0,38881.42078758904,2.0,148.0,1137.0,57.29,1895.0,1710.0,668.0,600.0,0.0,1200.0,720.0,0.64,117.38479275605825,4.2,3.5,3.5,11.0,206.0,False,1.108187134502924
98351,38.0,1,1.0,37921.04297748775,2.0,137.0,2359.0,50.75000000000001,3444.0,2038.0,1110.0,180.0,180.0,540.0,240.0,0.7,113.45680996255834,4.1,3.6,4.4,15.0,98.0,False,1.689892051030422
98352,18.0,0,3.0,41914.11102526163,1.0,134.0,4789.0,165.63,5648.0,4007.0,2097.0,45.0,300.0,390.0,360.0,0.95,118.9851856976651,3.9,3.4,4.6,10.0,94.0,False,1.4095333166957824
98353,68.0,1,6.0,11336.403016109472,1.0,140.0,1469.0,49.650000000000006,1508.0,2720.0,900.0,240.0,255.0,735.0,240.0,0.65,95.84221661718756,3.9,4.0,4.6,14.0,91.0,False,0.5544117647058824
98354,57.0,1,4.0,15479.58119802592,1.0,147.0,2740.0,83.91000000000001,4230.0,3919.0,1458.0,120.0,480.0,720.0,180.0,0.74,94.30853718135629,3.3,2.9,3.7,16.0,109.0,False,1.079356978821128
98357,21.0,0,4.0,16345.012609527392,1.0,147.0,3066.0,125.31,4482.0,2542.0,1686.0,4320.0,0.0,8640.0,480.0,0.98,112.50890696139524,3.8,3.6,4.3,9.0,81.0,False,1.7631785995279308
98360,71.0,0,3.0,13956.159321898327,1.0,142.0,1967.0,91.22,4896.0,2634.0,1992.0,20.0,0.0,40.0,480.0,1.15,68.04095621678773,4.5,3.8,3.4,32.0,89.0,False,1.85876993166287
98364,37.0,0,3.0,179458.8380745103,2.0,137.0,2679.0,83.97,4320.0,2140.0,1465.0,180.0,90.0,450.0,480.0,0.82,116.02738864576968,4.1,3.1,4.3,12.0,91.0,False,2.0186915887850465
98366,80.0,1,4.0,14568.011855875371,2.0,145.0,604.0,17.29,708.0,481.0,201.0,0.0,0.0,0.0,180.0,4.76,8.75744774104635,4.6,3.0,3.7,24.0,97.0,True,1.471933471933472
98368,80.0,0,3.0,51507.41471938179,2.0,147.0,1833.0,56.23,2811.0,2078.0,1132.0,0.0,0.0,0.0,480.0,1.11,67.12915399002529,4.1,3.6,3.9,17.0,169.0,False,1.3527430221366699
98369,69.0,0,3.0,23397.261540455424,1.0,140.0,1315.0,64.98,2926.0,2312.0,1393.0,0.0,870.0,870.0,240.0,1.12,71.11286972952897,4.8,4.2,4.3,24.0,119.0,False,1.2655709342560553
98371,63.0,1,4.0,14149.288379379514,2.0,146.0,2756.0,98.63,5801.0,2342.0,2327.0,0.0,0.0,0.0,480.0,0.59,101.2042315325947,4.0,3.3,3.6,11.0,164.0,False,2.4769427839453457
98372,70.0,0,7.0,11198.895670139673,2.0,142.0,3634.0,99.77,4994.0,3438.0,2302.0,360.0,480.0,1200.0,180.0,0.95,86.10740437326668,4.1,3.9,3.5,21.0,100.0,False,1.452588714368819
98373,62.0,1,3.0,163149.3364311193,2.0,141.0,1468.0,66.28,2854.0,2020.0,1053.0,240.0,0.0,480.0,480.0,1.04,60.76927108924858,4.3,3.7,3.9,26.0,84.0,False,1.4128712871287128
98374,42.0,1,3.0,27906.170619649318,2.0,146.0,3234.0,39.33,2480.0,2926.0,736.0,0.0,120.0,120.0,300.0,0.87,85.25524032443421,3.9,4.1,3.9,5.0,105.0,False,0.8475734791524265
98375,19.0,0,2.0,33144.97459711908,2.0,138.0,1986.0,91.47,2122.0,2017.0,1121.0,0.0,0.0,0.0,120.0,0.92,122.88951173169444,4.7,2.9,4.1,15.0,95.0,False,1.0520575111551809
98376,20.0,0,2.0,63999.18174531942,2.0,144.0,2201.0,68.8,2808.0,1143.0,1027.0,0.0,0.0,0.0,300.0,0.89,125.81535530979016,4.0,4.3,4.6,21.0,76.0,False,2.456692913385827
98379,63.0,1,4.0,9471.968462276864,1.0,140.0,1372.0,86.72999999999999,1996.0,2467.0,1026.0,0.0,30.0,30.0,1020.0,0.84,78.03472126279522,3.7,2.8,3.8,13.0,199.0,False,0.8090798540737738
98381,40.0,0,6.0,15875.29798316736,2.0,138.0,2890.0,70.14000000000001,4111.0,3556.0,1440.0,0.0,60.0,60.0,480.0,0.94,105.09586469420977,4.6,2.7,3.8,15.0,100.0,False,1.15607424071991
98383,69.0,0,1.0,13242.725341839594,2.0,137.0,1466.0,41.1,2156.0,2204.0,501.0,0.0,0.0,0.0,180.0,0.95,86.64460089883947,3.9,3.4,3.0,24.0,403.0,False,0.9782214156079855
98384,54.0,1,1.0,21121.202719155342,2.0,135.0,2160.0,77.53,2490.0,3563.0,1490.0,0.0,0.0,0.0,240.0,0.8,87.50323528498794,3.9,3.0,3.8,15.0,91.0,False,0.6988492843109739
98385,61.0,0,3.0,83128.04196137098,1.0,135.0,2951.0,100.14,5378.0,3962.0,1520.0,900.0,630.0,2430.0,600.0,1.06,79.84557529498599,4.3,2.7,3.7,15.0,109.0,False,1.3573952549217567
98390,65.0,1,4.0,19009.89943655212,2.0,143.0,1489.0,58.05,2541.0,2363.0,959.0,60.0,240.0,360.0,300.0,0.99,63.2788791566153,4.2,3.7,3.6,9.0,109.0,False,1.075327972915785
98391,80.0,1,3.0,64075.20016354462,2.0,134.0,1639.0,61.2,2890.0,1868.0,1058.0,0.0,0.0,0.0,240.0,0.81,73.33712406952934,4.3,2.9,4.0,18.0,90.0,False,1.5471092077087794
98392,47.0,0,4.0,33419.77360329645,1.0,138.0,2749.0,78.41999999999999,2444.0,3644.0,1218.0,3720.0,960.0,8400.0,480.0,1.38,63.47125641609383,4.4,4.3,4.0,12.0,93.0,False,0.6706915477497256
98393,80.0,1,3.0,16308.792023586877,2.0,139.0,4174.0,122.09,5168.0,3625.0,1604.0,0.0,1680.0,1680.0,480.0,0.79,75.57069009474026,4.3,3.4,3.9,22.0,101.0,False,1.4256551724137931
98394,38.0,1,2.0,74054.37612498355,2.0,140.0,1617.0,63.22999999999999,2620.0,2573.0,1036.0,180.0,240.0,600.0,120.0,0.62,116.82419548614985,4.2,3.6,4.2,9.0,78.0,False,1.0182666148464827
98395,24.0,1,3.0,91778.32619332056,1.0,142.0,2406.0,94.34,3869.0,2641.0,1986.0,0.0,0.0,0.0,480.0,0.41,140.80964153501353,3.9,3.9,2.6,5.0,62.0,False,1.4649753881105643
98399,54.0,0,6.0,8352.764329971797,2.0,148.0,1833.0,61.30999999999999,3798.0,1962.0,982.0,0.0,170.0,170.0,480.0,0.98,91.63336917464596,4.3,3.5,4.3,18.0,90.0,False,1.9357798165137614
98401,41.0,0,4.0,20001.43212416605,1.0,144.0,3382.0,96.01,5509.0,3044.0,1443.0,360.0,0.0,720.0,300.0,1.21,77.1428358828975,4.6,3.2,4.4,12.0,86.0,False,1.8097897503285152
98402,22.0,0,1.0,19382.70543310213,2.0,148.0,2325.0,84.93,3780.0,2053.0,1150.0,270.0,60.0,600.0,420.0,0.75,130.85156273396413,4.3,3.4,3.8,10.0,98.0,False,1.8412079883097905
98403,27.0,0,6.0,52221.30565323713,1.0,137.0,3476.0,155.32,4928.0,4343.0,2526.0,360.0,3360.0,4080.0,240.0,1.11,93.33930787949858,4.1,3.3,4.5,19.0,90.0,False,1.1346995164632743
98408,19.0,1,3.0,24161.85733138388,1.0,138.0,1567.0,48.11,3574.0,1436.0,786.0,180.0,420.0,780.0,360.0,0.69,128.13144072828976,3.6,3.2,3.6,9.0,92.0,False,2.488857938718663
98411,18.0,1,7.0,15618.03257194369,1.0,136.0,1981.0,101.8,4288.0,2789.0,1531.0,120.0,190.0,430.0,300.0,0.57,135.00613604649925,4.0,4.4,3.9,12.0,78.0,False,1.5374686267479383
98412,67.0,1,4.0,11510.835302399126,1.0,143.0,1310.0,52.18,1168.0,2339.0,1531.0,0.0,135.0,135.0,300.0,0.78,83.19657984631601,3.4,4.1,3.4,9.0,109.0,False,0.4993587002992732
98413,80.0,0,6.0,13981.74890936651,1.0,136.0,1525.0,76.55,2459.0,1940.0,1300.0,0.0,300.0,300.0,600.0,1.64,42.02291074546154,3.3,3.7,3.8,20.0,169.0,True,1.2675257731958762
98414,70.0,1,7.0,64797.89764700747,2.0,142.0,1030.0,41.06,1484.0,1619.0,769.0,2040.0,360.0,4440.0,300.0,0.76,84.24413256046056,5.4,4.7,3.7,13.0,103.0,False,0.916615194564546
98416,25.0,1,6.0,18459.294637453968,2.0,137.0,1241.0,92.74,2240.0,3092.0,1101.0,0.0,240.0,240.0,360.0,0.63,126.17439248976036,3.9,3.3,4.4,14.0,81.0,False,0.7244501940491591
98417,79.0,1,3.0,104236.3947041544,1.0,138.0,1495.0,49.46,2744.0,2112.0,1233.0,0.0,225.0,225.0,360.0,0.8,74.90294973202036,4.3,3.4,3.9,11.0,95.0,False,1.2992424242424243
98420,27.0,1,3.0,141528.19313157594,1.0,141.0,1083.0,27.76,1461.0,3098.0,776.0,60.0,390.0,510.0,480.0,0.65,123.6796252428354,3.9,3.5,3.9,10.0,85.0,False,0.4715945771465462
98421,62.0,0,6.0,10607.736857133465,2.0,134.0,1964.0,83.71000000000001,2716.0,2726.0,1174.0,0.0,180.0,180.0,120.0,1.1,75.9006793218729,4.3,3.4,4.4,17.0,124.0,False,0.9963316214233309
98422,63.0,1,3.0,40566.86298432901,1.0,140.0,2267.0,52.96,3896.0,3229.0,1049.0,30.0,390.0,450.0,600.0,0.73,92.3497224540992,4.5,3.7,4.1,12.0,95.0,False,1.2065655001548468
98423,80.0,1,4.0,17639.81843635879,2.0,145.0,2498.0,62.91,3654.0,2333.0,1579.0,0.0,0.0,0.0,480.0,0.82,72.26521095589915,4.0,3.5,3.9,19.0,94.0,False,1.5662237462494641
98426,28.0,0,4.0,20405.897541093756,2.0,147.0,3696.0,131.7,6566.0,3857.0,1660.0,2640.0,600.0,5880.0,180.0,1.05,99.15713826900856,3.9,3.4,4.2,10.0,82.0,False,1.7023593466424682
98427,18.0,0,6.0,13535.559509356835,2.0,136.0,2100.0,70.9,3094.0,1508.0,1177.0,0.0,40.0,40.0,480.0,0.92,123.656180047992,4.1,4.0,4.6,12.0,97.0,False,2.0517241379310347
98429,80.0,1,3.0,85962.15776145052,2.0,147.0,2181.0,93.68,3111.0,2680.0,1541.0,0.0,160.0,160.0,300.0,1.21,45.30680668264024,4.9,3.9,3.7,19.0,92.0,True,1.160820895522388
98431,69.0,1,4.0,12311.101230742348,1.0,146.0,1185.0,48.620000000000005,1736.0,725.0,778.0,0.0,0.0,0.0,300.0,0.67,94.55487685048608,4.2,3.2,3.8,11.0,314.0,False,2.39448275862069
98433,71.0,0,3.0,14971.86305247401,2.0,141.0,4225.0,133.28,6199.0,4541.0,2297.0,0.0,180.0,180.0,300.0,0.98,82.43972339633656,4.3,2.4,4.0,20.0,107.0,False,1.36511781545915
98435,21.0,1,4.0,20824.01008875002,2.0,148.0,2210.0,85.78000000000002,4491.0,2214.0,1485.0,120.0,1200.0,1440.0,180.0,0.94,88.5343740643069,4.1,3.7,3.6,10.0,87.0,False,2.0284552845528454
98436,36.0,0,4.0,29318.84203142372,1.0,140.0,2612.0,101.28,6165.0,3872.0,1786.0,0.0,150.0,150.0,900.0,1.02,97.68387435408252,3.8,3.6,4.0,12.0,95.0,False,1.5922004132231404
98437,32.0,1,4.0,17904.41906637176,2.0,144.0,1665.0,122.28,3186.0,1976.0,1348.0,90.0,2400.0,2580.0,180.0,0.66,119.4524751675974,4.7,3.0,4.0,14.0,92.0,False,1.6123481781376519
98438,62.0,1,1.0,19294.38329795527,1.0,148.0,1185.0,52.88,3179.0,1556.0,722.0,0.0,0.0,0.0,120.0,1.1,56.81366578027693,4.3,3.7,3.7,31.0,84.0,True,2.0430591259640103
98440,19.0,1,4.0,12410.184844374053,1.0,145.0,766.0,51.49,1367.0,1046.0,826.0,660.0,150.0,1470.0,300.0,0.91,93.20038146368152,3.9,3.0,4.0,10.0,80.0,False,1.3068833652007648
98441,22.0,0,3.0,46580.1082181118,1.0,140.0,2228.0,55.85,3226.0,1442.0,1140.0,0.0,120.0,120.0,480.0,0.94,117.54489284337252,5.0,3.7,4.0,12.0,94.0,False,2.2371705963938973
98442,22.0,1,4.0,41679.59462975782,2.0,144.0,2348.0,66.7,3159.0,1692.0,1265.0,2250.0,420.0,4920.0,180.0,0.68,126.20619390156428,4.6,3.2,3.7,6.0,86.0,False,1.8670212765957446
98443,21.0,1,3.0,143124.8645984295,2.0,142.0,2001.0,72.55999999999999,3505.0,1675.0,1207.0,0.0,180.0,180.0,240.0,0.68,126.9935539359673,3.9,3.7,4.0,14.0,84.0,False,2.0925373134328358
98444,59.0,1,3.0,67151.60781734671,1.0,145.0,1996.0,60.66,3052.0,1963.0,647.0,0.0,420.0,420.0,540.0,0.93,70.80232492758533,4.2,3.7,3.6,16.0,96.0,False,1.554763117677025
98445,25.0,1,2.0,81128.97821622921,2.0,134.0,2732.0,87.24000000000001,3798.0,2557.0,1255.0,2760.0,240.0,5760.0,300.0,0.69,123.4382238086552,3.6,2.9,4.2,7.0,81.0,False,1.4853343762221354
98447,32.0,0,3.0,58335.86408723724,1.0,145.0,3345.0,172.41,10492.0,3827.0,2448.0,2400.0,600.0,5400.0,360.0,0.87,117.5716261551092,4.4,4.1,3.8,17.0,90.0,False,2.741573033707865
98452,52.0,0,6.0,29201.798975743084,2.0,135.0,1501.0,47.580000000000005,2086.0,1320.0,1071.0,180.0,3000.0,3360.0,240.0,1.06,84.44227448614791,4.2,3.5,4.9,12.0,85.0,False,1.5803030303030303
98454,63.0,1,1.0,9981.911621475285,1.0,137.0,1654.0,62.03999999999999,3259.0,2086.0,1237.0,0.0,420.0,420.0,240.0,1.07,58.36634440598823,3.7,3.4,3.5,20.0,98.0,True,1.562320230105465
98456,36.0,0,4.0,32277.956043351664,2.0,136.0,1992.0,80.96000000000001,3281.0,1341.0,981.0,0.0,0.0,0.0,60.0,0.77,118.99072481469516,4.1,3.6,3.9,10.0,80.0,False,2.4466815809097686
98458,24.0,0,2.0,28915.174715120946,1.0,147.0,1177.0,46.48,1761.0,1276.0,717.0,0.0,180.0,180.0,120.0,0.83,125.33830468216516,3.9,4.0,4.8,9.0,94.0,False,1.3800940438871474
98460,27.0,1,1.0,24193.78163117144,1.0,137.0,1532.0,34.86,1267.0,1836.0,731.0,2880.0,0.0,5760.0,360.0,0.67,122.7796107330242,3.9,4.3,4.2,11.0,92.0,False,0.6900871459694989
98462,71.0,0,1.0,22291.015471747374,2.0,148.0,1732.0,55.68,2529.0,1778.0,849.0,0.0,0.0,0.0,720.0,0.85,92.89953234007228,3.8,3.3,4.1,13.0,92.0,False,1.422384701912261
98463,66.0,1,3.0,63810.65444558538,2.0,142.0,875.0,34.34,1512.0,1226.0,514.0,840.0,1260.0,2940.0,120.0,1.07,57.28744729653962,4.0,4.1,3.9,16.0,92.0,True,1.233278955954323
98469,41.0,0,6.0,14917.254111053093,2.0,148.0,5914.0,204.05000000000004,9028.0,6753.0,3382.0,0.0,450.0,450.0,480.0,0.93,105.79338330762911,4.2,4.1,4.3,24.0,87.0,False,1.3368873093439952
98470,38.0,1,2.0,45289.96884845138,2.0,144.0,1939.0,59.93,2510.0,1994.0,1345.0,60.0,0.0,120.0,20.0,0.7,113.45680996255834,4.4,3.7,3.7,10.0,97.0,False,1.258776328986961
98473,65.0,1,2.0,21501.815304975476,2.0,136.0,1333.0,40.06999999999999,1388.0,3408.0,825.0,150.0,45.0,345.0,120.0,0.61,99.15337489184805,3.5,3.0,3.9,8.0,94.0,False,0.4072769953051643
98474,35.0,0,4.0,14457.544708078742,1.0,147.0,1144.0,46.67,2359.0,1488.0,849.0,0.0,1530.0,1530.0,180.0,1.07,92.8076031708332,3.7,3.1,4.3,10.0,98.0,False,1.5853494623655915
98475,22.0,0,1.0,51910.71975172593,2.0,141.0,2549.0,79.40999999999998,4658.0,2886.0,1319.0,420.0,0.0,840.0,120.0,1.16,91.32876852007917,3.7,3.5,4.2,14.0,94.0,False,1.613998613998614
98479,27.0,0,6.0,29120.26436734415,2.0,134.0,2750.0,138.19000000000003,4725.0,3550.0,1502.0,240.0,120.0,600.0,480.0,0.99,107.0754522171072,4.7,3.9,4.0,16.0,99.0,False,1.3309859154929577
98483,26.0,1,3.0,76597.19515172577,1.0,142.0,2415.0,92.46,3250.0,2974.0,1840.0,30.0,1820.0,1880.0,120.0,0.68,123.10526836197435,3.9,3.9,4.4,15.0,94.0,False,1.0928043039677202
98485,21.0,0,7.0,36543.891782722174,2.0,143.0,2417.0,118.78,5273.0,1712.0,2161.0,2400.0,1200.0,6000.0,180.0,1.11,96.8881406923078,4.5,3.1,4.1,14.0,84.0,False,3.080023364485981
98489,55.0,1,4.0,27477.931941041075,2.0,146.0,2153.0,57.64,3453.0,1079.0,1025.0,0.0,0.0,0.0,480.0,0.68,102.78918416545584,3.7,3.5,4.2,13.0,107.0,False,3.200185356811863
98490,24.0,0,3.0,213587.7878154313,2.0,141.0,1325.0,32.89,1540.0,1340.0,525.0,180.0,0.0,360.0,600.0,1.09,97.19487733751146,3.7,4.0,4.4,14.0,89.0,False,1.1492537313432836
98491,61.0,1,3.0,40355.88070646001,1.0,135.0,1387.0,59.080000000000005,2991.0,1540.0,895.0,200.0,200.0,600.0,360.0,0.54,104.68130434893529,3.9,4.0,3.9,16.0,100.0,False,1.9422077922077923
98493,18.0,1,1.0,19179.98968578165,2.0,135.0,2017.0,52.32000000000001,4037.0,1699.0,758.0,720.0,600.0,2040.0,600.0,0.66,130.31945630971296,4.4,3.5,4.2,8.0,89.0,False,2.376103590347263
98494,25.0,1,7.0,61782.56468193588,1.0,135.0,1911.0,105.68,3394.0,3220.0,1275.0,180.0,60.0,420.0,420.0,0.79,106.39195898658944,4.1,3.4,4.5,15.0,95.0,False,1.0540372670807454
98495,48.0,0,3.0,31425.78189444095,1.0,141.0,4510.0,218.8,6377.0,5422.0,3037.0,120.0,675.0,915.0,150.0,1.02,90.65897096731084,3.4,3.1,4.3,14.0,92.0,False,1.1761342677978606
98498,74.0,1,3.0,31932.58814964895,1.0,146.0,600.0,36.5,961.0,783.0,430.0,0.0,0.0,0.0,180.0,0.84,72.87470335659705,4.3,3.7,3.9,19.0,95.0,False,1.227330779054917
98500,56.0,1,2.0,26676.5720562455,1.0,140.0,3307.0,92.45,3180.0,7782.0,1828.0,0.0,0.0,0.0,180.0,0.63,104.0494974731224,3.8,3.6,4.2,10.0,123.0,False,0.40863531225905936
98501,68.0,1,2.0,14984.366520543594,2.0,138.0,1359.0,68.42999999999999,4550.0,3132.0,833.0,105.0,840.0,1050.0,30.0,0.6,97.70898841383196,4.3,3.8,3.5,7.0,193.0,False,1.4527458492975733
98502,80.0,1,3.0,97057.4985731975,1.0,146.0,1488.0,84.49999999999999,4083.0,2545.0,1406.0,0.0,0.0,0.0,360.0,0.8,74.43855144368185,4.3,3.8,4.1,15.0,111.0,False,1.6043222003929274
98506,64.0,1,4.0,10580.02151211327,2.0,134.0,1016.0,32.35000000000001,1362.0,1389.0,515.0,0.0,0.0,0.0,240.0,1.22,49.55531285639605,4.2,3.7,3.9,17.0,94.0,True,0.980561555075594
98508,62.0,0,6.0,6733.943835046723,2.0,148.0,1886.0,139.36999999999998,3154.0,4484.0,1641.0,240.0,240.0,720.0,420.0,0.89,96.89276058290638,4.4,2.5,4.2,13.0,108.0,False,0.7033898305084746
98509,28.0,1,3.0,92029.60142534628,2.0,142.0,1438.0,52.89,3268.0,1393.0,919.0,0.0,0.0,0.0,360.0,0.52,129.70373016211624,4.0,3.5,3.6,10.0,290.0,False,2.3460157932519743
98512,32.0,1,4.0,24429.864606441104,1.0,147.0,1326.0,56.760000000000005,2026.0,1441.0,1161.0,2160.0,2220.0,6540.0,180.0,0.65,119.89280545770642,4.1,3.6,3.8,13.0,241.0,False,1.4059680777238028
98514,32.0,0,3.0,65509.83619441094,1.0,140.0,2738.0,148.89,5782.0,3274.0,1626.0,120.0,0.0,240.0,360.0,0.84,118.82422624322052,4.4,3.3,4.5,10.0,82.0,False,1.7660354306658521
98517,80.0,1,3.0,26261.052547954347,1.0,139.0,1864.0,58.90999999999999,2744.0,3084.0,1382.0,0.0,0.0,0.0,480.0,1.43,37.07683486774546,5.1,3.9,4.0,31.0,102.0,True,0.8897535667963683
98521,40.0,0,4.0,17879.879989825276,1.0,145.0,1114.0,39.900000000000006,1934.0,1080.0,781.0,135.0,240.0,510.0,240.0,1.07,89.9660222135197,4.0,4.1,4.4,8.0,79.0,False,1.7907407407407407
98524,49.0,1,4.0,24450.703034763457,1.0,136.0,3783.0,122.97999999999998,7080.0,3248.0,2934.0,1080.0,1440.0,3600.0,300.0,0.76,95.99769873789384,3.8,4.0,3.9,20.0,89.0,False,2.1798029556650245
98526,67.0,0,3.0,110793.8917790722,2.0,136.0,2874.0,106.15000000000002,4138.0,5523.0,2848.0,0.0,960.0,960.0,180.0,1.22,64.98005136958821,4.3,3.4,3.9,21.0,96.0,False,0.7492304906753576
98528,32.0,0,3.0,134575.71536522935,1.0,137.0,1667.0,43.16,3697.0,3042.0,1046.0,0.0,0.0,0.0,660.0,0.81,120.13646912077596,3.4,3.0,4.9,7.0,92.0,False,1.215318869165023
98529,70.0,1,3.0,40781.47975349092,1.0,145.0,2174.0,72.49000000000001,2255.0,3087.0,1665.0,0.0,0.0,0.0,300.0,0.79,80.41988801699988,3.9,3.7,4.1,16.0,95.0,False,0.7304826692581795
98530,60.0,0,6.0,15117.597572234432,2.0,147.0,1802.0,52.45,2432.0,2273.0,1052.0,80.0,0.0,160.0,120.0,0.8,101.31551369035644,4.1,3.6,3.5,16.0,118.0,False,1.069951605807303
98531,20.0,1,3.0,153934.21392675335,1.0,144.0,2782.0,106.01999999999998,5342.0,3065.0,2127.0,0.0,1140.0,1140.0,240.0,0.51,136.95973917939023,3.9,3.5,4.3,11.0,81.0,False,1.7429037520391517
98536,77.0,1,3.0,30718.273842923696,2.0,147.0,1729.0,37.830000000000005,2092.0,2078.0,734.0,0.0,0.0,0.0,240.0,0.84,71.52762041687313,4.7,3.1,3.9,19.0,94.0,False,1.0067372473532243
98537,59.0,1,1.0,16184.234783847514,2.0,140.0,1167.0,77.91000000000001,1576.0,2036.0,1001.0,0.0,0.0,0.0,540.0,0.63,102.12615101026228,4.0,3.4,4.1,16.0,82.0,False,0.7740667976424361
98540,63.0,0,6.0,19836.8982680943,1.0,138.0,1582.0,60.87999999999999,3853.0,2359.0,860.0,0.0,0.0,0.0,180.0,0.98,86.64521559243006,4.4,3.3,4.1,13.0,88.0,False,1.6333192030521408
98541,68.0,1,1.0,14894.279961319882,1.0,136.0,1770.0,106.22,4886.0,2057.0,1378.0,0.0,140.0,140.0,180.0,0.82,77.86483468616312,4.2,3.4,4.0,16.0,90.0,False,2.375303840544482
98545,36.0,1,2.0,35016.423435862365,2.0,136.0,1343.0,44.05,1660.0,1590.0,1163.0,20.0,0.0,40.0,240.0,0.7,114.87686724967725,4.5,3.6,3.8,10.0,84.0,False,1.0440251572327044
98548,43.0,0,2.0,86501.22934884208,2.0,144.0,3144.0,151.97,5727.0,3944.0,2301.0,1200.0,1050.0,3450.0,240.0,0.8,112.61418023534856,4.8,3.1,4.1,12.0,107.0,False,1.452079107505071
98549,63.0,1,1.0,11716.351609445015,1.0,148.0,1516.0,61.59,1484.0,2475.0,945.0,0.0,0.0,0.0,1200.0,0.62,100.00175208932002,3.7,4.1,4.3,11.0,91.0,False,0.5995959595959596
98550,40.0,0,4.0,29911.16788076661,1.0,144.0,4480.0,170.86,6644.0,2416.0,2602.0,0.0,45.0,45.0,420.0,0.87,111.86506113710335,4.0,2.8,3.7,15.0,95.0,False,2.75
98551,32.0,1,6.0,20365.160538144224,2.0,138.0,2735.0,69.68,3304.0,3926.0,1550.0,0.0,0.0,0.0,480.0,0.65,119.89280545770642,4.4,4.0,3.9,11.0,87.0,False,0.8415690269994905
98554,63.0,1,2.0,16945.57306554011,1.0,140.0,1143.0,21.42,1038.0,1577.0,483.0,0.0,210.0,210.0,240.0,0.52,104.33192019730554,4.2,3.3,4.4,13.0,197.0,False,0.6582117945466075
98556,48.0,0,6.0,11009.860298373524,2.0,140.0,1875.0,61.79,2218.0,1829.0,790.0,240.0,120.0,600.0,300.0,1.17,76.89674509649136,3.6,4.3,4.1,15.0,90.0,False,1.2126845270639695
98557,80.0,0,4.0,15542.349039221695,2.0,143.0,715.0,38.35,1150.0,1105.0,361.0,0.0,0.0,0.0,540.0,1.24,58.775011974352736,4.3,3.7,4.0,17.0,98.0,True,1.0407239819004526
98558,63.0,1,4.0,12543.1724075525,1.0,147.0,1262.0,34.24,2425.0,1875.0,730.0,0.0,0.0,0.0,180.0,0.84,78.03472126279522,4.1,3.6,4.0,12.0,120.0,False,1.2933333333333332
98561,44.0,0,4.0,27002.324242296912,1.0,141.0,1892.0,96.21,3599.0,2538.0,1418.0,3000.0,2520.0,8520.0,180.0,1.17,78.83371403335208,4.4,3.1,4.0,17.0,100.0,False,1.418045705279748
98562,67.0,1,4.0,7720.135517480581,2.0,140.0,1232.0,34.33,2661.0,831.0,366.0,0.0,0.0,0.0,300.0,1.0,61.7474456220309,3.6,3.9,3.7,14.0,89.0,False,3.2021660649819497
98564,39.0,1,3.0,123871.22022007004,2.0,143.0,1320.0,53.82000000000001,2727.0,2840.0,1151.0,90.0,0.0,180.0,480.0,0.69,113.14504972452636,3.9,3.9,4.4,10.0,94.0,False,0.9602112676056338
98565,57.0,1,3.0,31176.317737448066,1.0,143.0,2502.0,76.78,3802.0,2840.0,1620.0,0.0,0.0,0.0,540.0,0.68,101.5185494980435,3.5,4.2,4.0,18.0,92.0,False,1.3387323943661973
98568,78.0,0,3.0,40329.896278760745,2.0,139.0,3915.0,112.97,4822.0,4713.0,1917.0,0.0,0.0,0.0,300.0,1.16,64.4690360428633,4.4,3.0,3.8,12.0,97.0,False,1.0231275196265648
98569,65.0,0,2.0,6391.164704973049,1.0,140.0,2005.0,73.36999999999999,4587.0,2200.0,1035.0,0.0,0.0,0.0,420.0,1.14,71.37202858095223,4.9,3.0,3.9,17.0,82.0,False,2.085
98571,28.0,1,4.0,18942.848702057712,2.0,148.0,2882.0,84.51,4300.0,3468.0,1610.0,0.0,60.0,60.0,420.0,0.77,107.68852342632148,4.2,2.4,4.0,9.0,89.0,False,1.2399077277970012
98574,56.0,1,4.0,27477.931941041075,2.0,146.0,1807.0,55.38999999999999,1461.0,2209.0,1531.0,0.0,0.0,0.0,600.0,0.75,93.38057929023518,3.9,3.6,4.3,15.0,87.0,False,0.6613852421910367
98581,67.0,1,3.0,27877.090566213257,1.0,145.0,2397.0,117.99999999999996,4041.0,4000.0,1517.0,0.0,360.0,360.0,360.0,1.28,45.91631565000923,4.3,2.6,3.4,21.0,244.0,True,1.01025
98585,51.0,1,1.0,8784.555036325055,2.0,136.0,1341.0,57.99999999999999,1706.0,1926.0,1179.0,0.0,0.0,0.0,60.0,1.02,66.606239042457,3.5,3.5,4.0,20.0,88.0,False,0.885773624091381
98586,72.0,0,3.0,8130.900915165832,1.0,135.0,1531.0,56.24999999999999,2739.0,2780.0,1009.0,0.0,0.0,0.0,600.0,0.9,90.74355678402048,5.3,3.7,5.4,24.0,105.0,False,0.9852517985611511
98589,21.0,1,1.0,47433.83286885087,2.0,141.0,801.0,43.870000000000005,1418.0,896.0,533.0,240.0,3780.0,4260.0,120.0,0.67,127.4477866731739,4.2,3.4,3.4,13.0,94.0,False,1.5825892857142858
98592,68.0,1,6.0,7324.99843591813,2.0,135.0,1455.0,59.94,2797.0,1525.0,818.0,0.0,720.0,720.0,240.0,1.03,59.22612502859008,3.9,4.3,4.4,17.0,110.0,True,1.8340983606557377
98594,38.0,1,1.0,14137.276665581992,2.0,136.0,1529.0,74.32000000000001,4041.0,2178.0,1440.0,0.0,150.0,150.0,720.0,0.59,118.2289578089512,3.7,3.1,3.9,11.0,95.0,False,1.8553719008264462
98595,50.0,1,1.0,14791.655684001798,2.0,148.0,1474.0,92.2,2662.0,1811.0,1195.0,3540.0,4860.0,11940.0,30.0,0.64,107.5963976432085,3.8,3.5,3.8,21.0,91.0,False,1.469906129210381
98597,66.0,1,1.0,8438.366223811438,2.0,136.0,1599.0,61.170000000000016,2054.0,2084.0,1221.0,100.0,90.0,290.0,240.0,0.48,104.3979198512016,4.4,4.0,4.0,16.0,80.0,False,0.9856046065259118
98598,65.0,0,4.0,8295.399226032698,2.0,145.0,7766.0,276.21000000000004,8072.0,6513.0,4188.0,0.0,0.0,0.0,120.0,0.97,86.63388318901245,3.9,3.2,3.4,8.0,93.0,False,1.2393674190081376
98599,80.0,0,3.0,21867.230537388263,1.0,142.0,1110.0,34.49,1808.0,1233.0,713.0,0.0,0.0,0.0,360.0,1.37,52.14756905539935,4.4,3.6,3.9,35.0,125.0,True,1.4663422546634226
98600,80.0,0,3.0,34713.60065083864,2.0,142.0,1087.0,19.42,1526.0,1172.0,441.0,0.0,420.0,420.0,300.0,1.21,60.527997232506735,4.9,3.8,4.3,18.0,85.0,False,1.3020477815699658
98601,41.0,1,4.0,9813.61444477998,1.0,147.0,1176.0,27.61,1976.0,615.0,690.0,600.0,600.0,1800.0,180.0,0.98,74.36591105907303,3.0,3.9,4.1,9.0,104.0,False,3.2130081300813007
98602,64.0,1,1.0,9435.849650291302,2.0,135.0,1759.0,74.47999999999999,4374.0,1811.0,1083.0,0.0,0.0,0.0,360.0,1.76,31.923229324853,4.9,3.1,3.9,39.0,202.0,True,2.4152401987852015
98603,69.0,1,7.0,11730.816852347649,1.0,148.0,1976.0,50.3,2771.0,1323.0,773.0,0.0,270.0,270.0,600.0,0.84,75.1764542202343,4.0,3.3,4.2,14.0,97.0,False,2.0944822373393803
98605,55.0,1,4.0,26221.4551486132,1.0,145.0,1870.0,52.06,1511.0,2680.0,724.0,0.0,0.0,0.0,180.0,0.96,69.87239146985787,3.9,3.9,3.8,9.0,89.0,False,0.5638059701492537
98608,19.0,0,6.0,10456.585653122267,2.0,138.0,1791.0,88.39,4168.0,4915.0,1749.0,30.0,0.0,60.0,420.0,0.87,127.47224182798348,4.2,4.2,4.7,12.0,89.0,False,0.8480162767039674
98609,62.0,1,1.0,21412.48553437932,1.0,134.0,2666.0,100.07000000000002,5788.0,3900.0,1580.0,70.0,210.0,350.0,180.0,0.72,94.476770327692,3.9,3.1,3.7,20.0,101.0,False,1.484102564102564
98610,77.0,0,3.0,94086.32787039754,1.0,140.0,1093.0,40.51,1907.0,1994.0,714.0,0.0,330.0,330.0,600.0,1.17,64.20646166178908,4.5,3.4,4.3,16.0,180.0,False,0.9563691073219659
98611,59.0,1,2.0,28061.514884701384,1.0,140.0,2313.0,138.01,4353.0,3370.0,2062.0,2520.0,2520.0,7560.0,180.0,0.73,94.67593981865528,4.3,3.5,4.1,17.0,110.0,False,1.2916913946587536
98615,60.0,0,4.0,9495.77261736928,1.0,139.0,1971.0,69.17,2058.0,1358.0,975.0,0.0,160.0,160.0,420.0,0.96,90.4885065688136,3.8,3.3,4.0,15.0,134.0,False,1.5154639175257731
98616,44.0,1,6.0,18279.2107399222,1.0,138.0,946.0,62.67,2034.0,1571.0,758.0,0.0,0.0,0.0,480.0,0.66,110.86209008191364,3.9,4.3,4.4,15.0,83.0,False,1.2947167409293443
98617,55.0,1,7.0,107247.79052112794,2.0,135.0,909.0,46.66,1445.0,1377.0,642.0,180.0,240.0,600.0,3.0,0.62,105.10313490189264,4.6,3.5,4.2,10.0,98.0,False,1.0493827160493827
98618,18.0,0,1.0,18506.76734631384,2.0,142.0,4409.0,210.23,7734.0,5700.0,2704.0,0.0,1020.0,1020.0,240.0,0.94,120.50575686744187,4.6,4.0,4.6,13.0,92.0,False,1.3568421052631578
98622,59.0,1,4.0,29507.593488820297,2.0,148.0,2722.0,88.72000000000001,3428.0,2525.0,1703.0,0.0,180.0,180.0,480.0,1.05,61.20683153734033,3.5,3.4,3.9,17.0,83.0,False,1.3576237623762377
98624,53.0,0,4.0,24243.460098398897,2.0,148.0,1465.0,51.870000000000005,1473.0,2078.0,1131.0,0.0,1140.0,1140.0,420.0,1.17,74.54232240826217,4.2,3.6,4.3,11.0,90.0,False,0.7088546679499519
98627,53.0,0,6.0,16456.395429665758,1.0,147.0,4037.0,165.11,8745.0,5201.0,2525.0,300.0,1080.0,1680.0,60.0,0.86,103.53749363352765,3.9,3.4,4.3,19.0,96.0,False,1.6814074216496828
98628,48.0,0,1.0,42879.18468724958,1.0,148.0,3093.0,86.71,1978.0,3198.0,2225.0,0.0,20.0,20.0,420.0,0.94,99.99483475515086,3.9,3.4,4.3,19.0,91.0,False,0.6185115697310819
98629,45.0,0,3.0,20836.935336505263,2.0,139.0,2541.0,89.69,4698.0,3184.0,1791.0,2400.0,2400.0,7200.0,180.0,0.93,103.19400688974802,3.9,4.1,4.2,12.0,80.0,False,1.475502512562814
98630,64.0,0,4.0,10095.269155534705,1.0,137.0,1810.0,72.13,2872.0,2032.0,1300.0,0.0,0.0,0.0,480.0,1.26,63.689848493252455,3.7,3.0,3.7,25.0,94.0,False,1.4133858267716535
98631,43.0,1,3.0,42799.62583301418,1.0,142.0,1276.0,47.31,2189.0,1074.0,927.0,2100.0,2100.0,6300.0,240.0,0.62,113.247275084102,3.8,3.4,3.9,11.0,84.0,False,2.038175046554935
98634,75.0,1,2.0,30438.52033334986,2.0,137.0,1197.0,32.94,2104.0,1962.0,693.0,1260.0,1500.0,4020.0,180.0,0.56,95.11490987566891,4.6,3.4,4.0,12.0,279.0,False,1.072375127420999
98638,65.0,0,4.0,10529.417521459143,1.0,139.0,3220.0,141.76,5222.0,2247.0,1464.0,0.0,0.0,0.0,600.0,1.13,72.13063078845093,3.6,2.5,4.0,14.0,124.0,False,2.32398753894081
98641,67.0,0,3.0,19675.469918161994,1.0,140.0,2783.0,71.24,4845.0,4409.0,2866.0,2400.0,240.0,5040.0,120.0,1.05,77.80091206188634,5.3,3.1,4.2,27.0,195.0,False,1.0988886368791109
98645,75.0,1,3.0,39175.105880412586,1.0,136.0,2230.0,80.56,2733.0,3059.0,1383.0,0.0,0.0,0.0,240.0,0.66,91.42223342013928,3.9,3.5,4.1,14.0,96.0,False,0.8934292252370055
98646,43.0,1,1.0,25006.68599109464,2.0,147.0,1862.0,68.78000000000002,2786.0,2680.0,1683.0,0.0,360.0,360.0,120.0,0.77,98.09667977649852,4.0,4.0,4.1,20.0,89.0,False,1.0395522388059701
98649,75.0,0,3.0,11371.616435447067,1.0,147.0,2526.0,121.31000000000002,3548.0,4917.0,2281.0,0.0,600.0,600.0,300.0,1.15,66.36916870503279,4.5,3.5,4.4,21.0,85.0,False,0.7215781980882652
98650,72.0,0,4.0,9489.279290989369,2.0,146.0,764.0,32.370000000000005,2296.0,858.0,347.0,0.0,0.0,0.0,180.0,1.13,69.05779018295985,3.6,2.8,4.0,14.0,95.0,False,2.675990675990676
98653,57.0,0,4.0,33612.85116627522,2.0,144.0,1833.0,70.75,4260.0,2743.0,1436.0,780.0,720.0,2280.0,900.0,1.3,64.07518964994532,4.0,3.4,4.4,14.0,124.0,False,1.5530441122858185
98656,54.0,0,3.0,128871.4324049946,2.0,139.0,2851.0,129.73999999999998,5337.0,3311.0,1905.0,30.0,60.0,120.0,300.0,0.89,101.83554461591876,4.1,3.1,4.2,16.0,240.0,False,1.611899728178798
98657,55.0,0,2.0,29358.510781743014,1.0,148.0,1997.0,71.78999999999998,3992.0,3073.0,1397.0,240.0,240.0,720.0,480.0,1.06,82.88136593884091,4.0,3.7,4.6,19.0,85.0,False,1.2990562967783925
98661,31.0,1,4.0,14220.6864766499,1.0,147.0,2797.0,88.01,4994.0,2603.0,1819.0,0.0,135.0,135.0,540.0,0.8,100.95952188413142,3.9,4.2,4.3,11.0,88.0,False,1.9185555128697656
98666,53.0,0,4.0,35376.72926756143,2.0,142.0,3643.0,98.01,5757.0,3520.0,1681.0,150.0,0.0,300.0,300.0,1.03,86.86029175261116,4.9,4.0,4.2,8.0,85.0,False,1.6355113636363636
98667,80.0,1,3.0,23081.20342079533,1.0,145.0,1483.0,37.760000000000005,1441.0,2609.0,734.0,0.0,180.0,180.0,420.0,0.94,61.34122904523039,4.0,3.3,4.2,13.0,85.0,False,0.5523188961287849
98669,63.0,0,3.0,116488.25536626826,2.0,134.0,1815.0,96.93,3292.0,1598.0,1099.0,0.0,0.0,0.0,120.0,1.3,61.72823434775989,4.1,2.9,3.8,17.0,124.0,False,2.0600750938673342
98673,55.0,1,6.0,14175.310056426104,1.0,143.0,1420.0,60.53,1963.0,1361.0,887.0,0.0,1200.0,1200.0,240.0,0.52,109.65419759122406,3.8,3.7,3.8,10.0,92.0,False,1.4423218221895664
98675,61.0,0,6.0,8588.976499845048,1.0,148.0,1809.0,74.53,5307.0,2868.0,1483.0,0.0,600.0,600.0,180.0,0.57,111.54084051781514,4.1,3.8,4.2,11.0,152.0,False,1.850418410041841
98677,23.0,0,3.0,61250.6599827952,2.0,146.0,2865.0,81.55999999999999,4486.0,1602.0,1362.0,1800.0,0.0,3600.0,180.0,1.0,108.45664881986316,4.3,3.7,4.0,14.0,96.0,False,2.8002496878901373
98679,65.0,0,1.0,9733.479619720603,1.0,147.0,1498.0,44.11999999999999,2698.0,2069.0,812.0,240.0,240.0,720.0,120.0,0.94,89.96227676148709,4.2,3.3,4.3,21.0,147.0,False,1.30401159980667
98680,37.0,1,4.0,25984.13363399574,2.0,148.0,970.0,56.22,2756.0,1271.0,589.0,120.0,225.0,465.0,660.0,0.69,114.56120493297766,3.9,3.8,3.8,14.0,79.0,False,2.1683713611329662
98684,71.0,0,3.0,68264.20186629273,1.0,134.0,2374.0,74.53000000000002,2905.0,3546.0,1550.0,2160.0,720.0,5040.0,360.0,0.88,91.93148517836228,3.6,3.6,3.7,12.0,76.0,False,0.8192329385222786
98685,64.0,1,7.0,17321.328720595815,1.0,143.0,1811.0,93.56,3228.0,3209.0,1378.0,120.0,720.0,960.0,720.0,0.92,69.53070394373066,4.2,3.5,3.7,13.0,105.0,False,1.0059208476160797
98687,30.0,1,3.0,47635.6532100871,1.0,138.0,1597.0,56.28,1903.0,2838.0,1230.0,2235.0,3000.0,7470.0,300.0,0.73,113.38845690259502,4.2,3.9,4.2,18.0,84.0,False,0.6705426356589147
98689,35.0,0,3.0,32687.715935714252,1.0,137.0,2834.0,110.88,3945.0,4138.0,2584.0,2880.0,1140.0,6900.0,60.0,0.79,118.80943620495869,4.4,3.1,3.9,23.0,99.0,False,0.9533591106814886
98691,56.0,0,2.0,42753.67665914044,1.0,134.0,3985.0,165.23000000000008,6520.0,6079.0,2301.0,0.0,0.0,0.0,120.0,0.74,106.34208664924064,4.1,3.4,4.0,21.0,84.0,False,1.072544826451719
98692,25.0,0,4.0,12711.043624613938,1.0,147.0,1625.0,50.87,2231.0,2141.0,798.0,240.0,520.0,1000.0,480.0,0.99,108.41563863908256,3.7,3.6,4.1,8.0,77.0,False,1.042036431574031
98693,56.0,1,1.0,25611.69529796067,2.0,136.0,1835.0,59.13999999999999,2270.0,2639.0,1335.0,0.0,0.0,0.0,60.0,0.67,102.517269872571,4.2,3.7,4.3,14.0,90.0,False,0.8601743084501705
98694,54.0,1,3.0,41101.44477999704,1.0,145.0,1848.0,82.15,3682.0,2950.0,1601.0,30.0,930.0,990.0,180.0,0.69,103.06719191592134,4.0,3.5,3.8,11.0,86.0,False,1.248135593220339
98697,18.0,0,3.0,77454.36236930816,2.0,145.0,1276.0,54.73,2101.0,1383.0,846.0,720.0,675.0,2115.0,420.0,1.1,99.79068341415068,4.1,3.6,4.6,20.0,89.0,False,1.5191612436731743
98698,27.0,1,6.0,35825.28308995702,2.0,134.0,2210.0,85.43,3610.0,2137.0,1196.0,120.0,960.0,1200.0,240.0,0.86,94.89889563898518,4.0,3.1,3.8,17.0,100.0,False,1.689284043051006
98699,68.0,1,2.0,25910.21939448485,1.0,134.0,744.0,55.07,2007.0,2653.0,546.0,0.0,0.0,0.0,300.0,0.91,68.7176529829177,3.8,3.6,3.6,23.0,101.0,False,0.7565020731247644
98701,74.0,1,3.0,57912.27505581065,1.0,146.0,1295.0,67.66,2137.0,2163.0,1063.0,0.0,0.0,0.0,180.0,0.64,92.67733761216388,4.4,3.7,4.0,9.0,115.0,False,0.9879796578825705
98707,63.0,1,4.0,14716.933740917762,2.0,148.0,1455.0,39.2,2343.0,1381.0,791.0,0.0,80.0,80.0,600.0,0.74,90.85419045857098,4.2,3.7,3.6,8.0,90.0,False,1.6965966690803764
98708,43.0,0,3.0,126314.98250982324,2.0,141.0,2971.0,133.89,4299.0,4761.0,2760.0,600.0,300.0,1500.0,240.0,0.83,111.36909023142913,3.9,2.4,4.6,13.0,85.0,False,0.9029615626969124
98710,24.0,0,1.0,30746.0522225208,2.0,135.0,2803.0,112.38999999999996,5378.0,2817.0,2072.0,1800.0,1800.0,5400.0,240.0,0.89,122.72403279627704,4.5,4.0,4.8,19.0,94.0,False,1.909123180688676
98711,53.0,0,7.0,105067.58243353076,1.0,145.0,1097.0,64.56,2509.0,1074.0,666.0,1500.0,1560.0,4560.0,240.0,0.8,105.82371506212196,3.7,3.4,4.2,14.0,95.0,False,2.336126629422719
98713,59.0,1,7.0,26185.27143504862,1.0,145.0,2143.0,82.13999999999999,3926.0,2610.0,1756.0,0.0,480.0,480.0,360.0,0.97,67.31331453895166,3.9,3.5,4.1,15.0,82.0,False,1.5042145593869731
98714,40.0,1,1.0,54699.70041375389,1.0,135.0,2572.0,97.94999999999996,5243.0,2262.0,1936.0,420.0,360.0,1200.0,240.0,0.68,112.83985851706738,4.0,3.3,3.5,11.0,91.0,False,2.3178603006189213
98717,64.0,0,6.0,6658.248292370827,2.0,138.0,2030.0,57.75000000000001,4312.0,2608.0,1904.0,240.0,1140.0,1620.0,240.0,0.9,95.37265188743665,4.4,3.5,4.3,14.0,99.0,False,1.6533742331288344
98718,35.0,1,2.0,56723.89470447867,2.0,141.0,611.0,50.22,1562.0,1470.0,661.0,360.0,360.0,1080.0,90.0,0.76,104.73092239364075,4.4,3.2,4.0,12.0,101.0,False,1.0625850340136054
98721,55.0,1,4.0,30402.77468215357,1.0,147.0,684.0,16.88,1388.0,655.0,491.0,240.0,120.0,600.0,180.0,0.73,97.06075278137192,3.9,2.7,4.2,12.0,81.0,False,2.119083969465649
98722,57.0,1,4.0,35060.38604251076,1.0,145.0,1866.0,93.44,4218.0,2399.0,1380.0,0.0,540.0,540.0,720.0,0.75,92.80161969863572,4.0,3.5,3.3,11.0,186.0,False,1.7582325969153814
98724,22.0,0,2.0,46653.94366119165,1.0,135.0,3039.0,119.31,6623.0,3484.0,1981.0,2160.0,240.0,4560.0,60.0,0.65,136.63047605745265,3.7,4.1,4.0,19.0,101.0,False,1.9009758897818598
98725,68.0,0,6.0,6517.176183161112,2.0,148.0,3042.0,228.32,6319.0,4434.0,3007.0,0.0,0.0,0.0,120.0,1.1,73.12057827578731,4.2,3.7,4.7,11.0,102.0,False,1.4251240414975193
98726,38.0,0,3.0,169316.65493835774,1.0,138.0,2843.0,151.11,3593.0,5126.0,2605.0,340.0,180.0,860.0,180.0,1.15,83.54176738791202,4.6,3.4,4.3,22.0,98.0,False,0.7009364026531408
98729,30.0,1,6.0,33155.24333973095,2.0,140.0,678.0,17.28,951.0,369.0,247.0,360.0,270.0,990.0,60.0,0.9,88.19932589872519,3.8,3.6,4.0,10.0,80.0,False,2.5772357723577235
98732,66.0,0,3.0,23704.38988230744,1.0,138.0,1742.0,93.67,4058.0,2514.0,981.0,0.0,0.0,0.0,360.0,6.19,9.312881479027608,4.1,4.7,3.8,24.0,50.0,True,1.6141607000795546
98733,36.0,1,3.0,77419.30356179558,1.0,147.0,1947.0,60.3,3717.0,2316.0,1161.0,45.0,105.0,195.0,180.0,0.56,121.22380085318144,4.1,3.0,4.2,10.0,87.0,False,1.604922279792746
98734,32.0,0,3.0,65063.040713343005,2.0,143.0,2451.0,59.220000000000006,3059.0,1768.0,1246.0,0.0,0.0,0.0,240.0,1.08,93.50581205728233,3.8,2.6,4.0,13.0,119.0,False,1.7302036199095023
98740,31.0,0,6.0,17055.9336875447,1.0,138.0,1156.0,39.7,1688.0,1992.0,804.0,480.0,0.0,960.0,360.0,1.22,81.28610681661445,4.1,4.7,4.5,10.0,88.0,False,0.8473895582329317
98741,64.0,1,3.0,48480.155766495336,2.0,146.0,3611.0,104.12000000000003,6018.0,5500.0,2008.0,240.0,90.0,570.0,120.0,0.78,84.76342483152837,3.9,4.2,3.0,12.0,92.0,False,1.0941818181818181
98742,80.0,1,1.0,22029.369326342352,2.0,144.0,1968.0,69.15,2171.0,3190.0,1485.0,0.0,80.0,80.0,300.0,1.19,46.222086289963485,4.0,5.0,3.2,28.0,71.0,True,0.680564263322884
98743,61.0,0,6.0,12522.258300101685,2.0,138.0,3018.0,174.02999999999997,6002.0,5030.0,2690.0,40.0,30.0,110.0,360.0,1.04,81.69169092087093,3.9,4.0,4.0,23.0,94.0,False,1.1932405566600397
98744,64.0,1,4.0,15982.84678895467,2.0,134.0,895.0,44.56,2165.0,1934.0,560.0,120.0,240.0,480.0,180.0,0.74,90.29089447772785,3.6,4.3,4.1,13.0,99.0,False,1.1194415718717683
98745,60.0,1,4.0,9429.518046925044,1.0,139.0,1934.0,51.870000000000005,2665.0,2357.0,1349.0,0.0,45.0,45.0,240.0,0.84,79.50435272972467,3.6,3.8,3.8,13.0,385.0,False,1.1306745863385659
98746,60.0,1,3.0,26589.97548852472,2.0,147.0,1785.0,48.08,2028.0,2679.0,944.0,0.0,0.0,0.0,540.0,1.04,61.52987634751092,4.6,4.2,4.2,10.0,96.0,False,0.7569988801791714
98747,21.0,0,4.0,43906.09470448557,2.0,143.0,861.0,19.43,1322.0,693.0,380.0,240.0,60.0,540.0,120.0,1.05,103.5692991561446,3.9,5.1,4.0,6.0,80.0,False,1.9076479076479076
98748,50.0,0,3.0,45592.43285689528,2.0,143.0,1295.0,51.84,2167.0,1218.0,583.0,0.0,210.0,210.0,360.0,1.11,80.89867370896731,4.2,4.3,3.9,13.0,84.0,False,1.7791461412151068
98749,37.0,0,3.0,30650.33222176308,1.0,145.0,4735.0,117.99,7234.0,1430.0,1875.0,0.0,120.0,120.0,480.0,0.81,116.45813360440562,3.8,3.1,5.0,9.0,90.0,False,5.058741258741259
98751,42.0,0,6.0,23947.943850355987,1.0,138.0,2134.0,76.42,2855.0,2368.0,1361.0,0.0,0.0,0.0,300.0,0.89,109.7264886078162,3.7,3.7,4.7,9.0,92.0,False,1.2056587837837838
98752,68.0,0,4.0,9133.022966347024,2.0,146.0,2527.0,61.25,4098.0,2793.0,1381.0,0.0,0.0,0.0,240.0,1.22,64.57717505109676,4.0,3.5,4.0,16.0,144.0,False,1.4672395273899033
98755,68.0,1,3.0,34066.15665675885,2.0,139.0,1347.0,55.91,2575.0,1525.0,934.0,540.0,90.0,1170.0,180.0,0.61,97.32053285502668,4.1,3.5,4.0,12.0,136.0,False,1.6885245901639345
98756,80.0,0,3.0,20129.656099277352,2.0,139.0,1607.0,38.49999999999999,2633.0,1464.0,766.0,0.0,0.0,0.0,180.0,2.0,33.11789719547246,4.3,3.4,3.7,33.0,90.0,True,1.7984972677595628
98757,41.0,0,3.0,154923.39385791493,1.0,135.0,1589.0,25.63,2320.0,2259.0,616.0,360.0,120.0,840.0,240.0,0.8,114.02369093222876,3.7,3.4,4.5,14.0,87.0,False,1.0270030987162462
98762,28.0,0,3.0,66979.10397601215,1.0,146.0,2806.0,108.26,7320.0,2393.0,1458.0,2160.0,1080.0,5400.0,360.0,0.91,117.7338842472691,4.0,3.9,4.0,21.0,106.0,False,3.0589218554116173
98767,63.0,1,6.0,15081.430678590896,1.0,137.0,1224.0,37.26,1767.0,1631.0,600.0,0.0,0.0,0.0,420.0,0.78,85.29223669906257,3.4,2.7,4.4,10.0,97.0,False,1.0833844267320663
98768,76.0,1,4.0,23020.96976147441,2.0,135.0,2105.0,39.24,1278.0,1755.0,812.0,0.0,120.0,120.0,360.0,1.1,52.076130402739366,4.8,4.2,4.2,26.0,96.0,True,0.7282051282051282
98769,41.0,0,6.0,23854.663586904862,2.0,138.0,1465.0,65.80999999999999,2283.0,1847.0,803.0,0.0,300.0,300.0,180.0,0.95,103.12636693624476,4.3,3.1,4.5,12.0,83.0,False,1.2360584731997835
98770,46.0,1,4.0,23397.779968881503,2.0,146.0,582.0,11.31,648.0,330.0,270.0,0.0,0.0,0.0,600.0,0.71,106.12803844517344,4.0,3.3,3.6,9.0,93.0,False,1.9636363636363636
98775,26.0,0,7.0,19404.0230307659,1.0,141.0,1303.0,75.72,3120.0,2020.0,1388.0,225.0,420.0,870.0,540.0,0.86,122.46862802249602,4.2,3.6,4.2,18.0,95.0,False,1.5445544554455446
98776,45.0,1,3.0,23694.902101113363,1.0,142.0,1758.0,81.12,4245.0,1702.0,1130.0,0.0,0.0,0.0,420.0,0.78,95.39544540914022,3.4,2.8,4.3,11.0,87.0,False,2.4941245593419508
98778,42.0,0,6.0,14726.629248212506,1.0,148.0,3172.0,106.05,3655.0,3877.0,2037.0,120.0,140.0,380.0,360.0,0.84,111.65930466448208,3.8,3.2,4.2,18.0,85.0,False,0.942739231364457
98780,45.0,0,4.0,41722.4774483799,2.0,136.0,2517.0,104.02,5110.0,2387.0,1444.0,900.0,900.0,2700.0,240.0,1.02,92.3663555050772,4.0,3.0,4.2,15.0,101.0,False,2.1407624633431084
98781,55.0,1,3.0,39350.1194942164,2.0,143.0,1473.0,34.17,3150.0,1880.0,781.0,0.0,0.0,0.0,300.0,0.83,83.20269172804909,4.5,3.8,4.1,11.0,94.0,False,1.675531914893617
98782,43.0,1,4.0,17853.89236968275,1.0,147.0,1425.0,77.38,2153.0,1387.0,887.0,720.0,720.0,2160.0,120.0,0.69,110.36504057027986,4.0,3.4,3.5,10.0,90.0,False,1.5522710886806057
98783,40.0,1,3.0,35094.3843642458,2.0,139.0,1419.0,47.07999999999999,2048.0,1527.0,860.0,100.0,945.0,1145.0,180.0,0.92,80.7236532975235,4.3,4.0,3.8,13.0,102.0,False,1.3411918795022921
98784,25.0,1,7.0,83224.22956079914,1.0,140.0,1320.0,36.61,2036.0,2215.0,739.0,180.0,60.0,420.0,480.0,0.68,123.87328271480617,3.9,3.5,4.3,5.0,80.0,False,0.9191873589164785
98788,20.0,1,1.0,37643.375765621895,2.0,138.0,1216.0,28.86,2267.0,1192.0,752.0,180.0,0.0,360.0,240.0,0.57,133.33724959539228,3.9,3.1,4.0,10.0,79.0,False,1.9018456375838926
98789,53.0,1,2.0,27196.053314946384,1.0,134.0,1399.0,71.45000000000002,1455.0,2479.0,1344.0,0.0,0.0,0.0,360.0,0.68,104.0757224531032,4.1,4.2,4.3,17.0,119.0,False,0.5869302137958854
98790,44.0,0,7.0,34079.42857222292,2.0,142.0,1491.0,19.09,1054.0,1304.0,532.0,420.0,2520.0,3360.0,240.0,0.95,101.22008446596492,4.4,3.0,4.0,12.0,94.0,False,0.808282208588957
98791,54.0,0,3.0,256727.4404573773,1.0,146.0,2189.0,94.08,2735.0,3229.0,1449.0,120.0,180.0,420.0,600.0,0.85,103.25965192949796,4.6,3.2,4.3,8.0,88.0,False,0.8470114586559306
98793,46.0,1,6.0,12677.001511328092,1.0,143.0,2768.0,149.68,6593.0,3919.0,2689.0,0.0,0.0,0.0,540.0,0.57,113.42931128248767,3.5,3.8,4.2,17.0,103.0,False,1.6823169175810155
98796,21.0,1,4.0,36513.47717353042,1.0,144.0,4046.0,149.09,10569.0,2325.0,2727.0,120.0,240.0,480.0,120.0,0.69,126.54753623584055,3.7,3.4,3.9,11.0,86.0,False,4.545806451612903
98797,55.0,1,3.0,99848.13773648404,1.0,146.0,599.0,31.05,1536.0,886.0,505.0,0.0,0.0,0.0,300.0,0.68,102.78918416545584,4.3,3.1,4.6,14.0,100.0,False,1.7336343115124153
98799,32.0,1,3.0,111536.49407297616,2.0,141.0,678.0,25.58,3706.0,658.0,429.0,60.0,450.0,570.0,600.0,0.66,119.4524751675974,3.8,4.0,3.8,7.0,92.0,False,5.632218844984802
98803,45.0,0,1.0,49310.57806281321,2.0,146.0,1287.0,60.01,1353.0,1626.0,947.0,0.0,30.0,30.0,180.0,0.8,111.2220932895185,3.8,2.7,4.2,15.0,87.0,False,0.8321033210332104
98804,39.0,1,6.0,28349.764120434487,1.0,138.0,2398.0,142.23000000000002,4536.0,3208.0,1803.0,0.0,0.0,0.0,480.0,0.72,109.00545025992972,4.0,2.9,4.2,11.0,96.0,False,1.4139650872817955
98806,72.0,1,2.0,15563.176394178856,2.0,141.0,2036.0,60.10999999999999,2289.0,2915.0,1089.0,60.0,105.0,225.0,120.0,0.51,99.1152602336806,4.2,3.4,3.6,17.0,88.0,False,0.7852487135506003
98807,29.0,1,1.0,24272.57612564978,2.0,148.0,3052.0,133.47,5286.0,4193.0,2258.0,450.0,0.0,900.0,180.0,0.83,97.80556673153464,4.0,3.2,4.1,13.0,79.0,False,1.2606725494872406
98810,55.0,1,4.0,30022.966584899452,2.0,143.0,1440.0,34.67,2031.0,1185.0,578.0,0.0,0.0,0.0,600.0,0.78,89.6432439689536,4.3,3.6,3.5,7.0,88.0,False,1.7139240506329114
98812,31.0,1,6.0,27332.069788139,1.0,137.0,871.0,59.97,3413.0,1186.0,738.0,0.0,0.0,0.0,120.0,0.57,124.52037187299476,3.4,2.5,4.1,6.0,88.0,False,2.8777403035413154
98814,69.0,0,1.0,10455.297275270288,1.0,148.0,2319.0,78.33,4410.0,2691.0,1557.0,120.0,0.0,240.0,180.0,0.67,101.07074526645708,3.8,3.4,4.5,14.0,153.0,False,1.6387959866220736
98815,75.0,1,3.0,103246.1044598127,2.0,142.0,1461.0,45.330000000000005,1656.0,1981.0,773.0,0.0,0.0,0.0,120.0,0.71,88.61370950253419,3.9,4.3,3.4,9.0,79.0,False,0.8359414437152953
98817,21.0,1,3.0,83135.33025954299,1.0,139.0,1228.0,82.96999999999997,2570.0,2501.0,1151.0,120.0,180.0,420.0,300.0,0.61,130.36224618381786,4.0,3.7,3.9,13.0,87.0,False,1.0275889644142342
98819,58.0,1,4.0,45204.79398101464,2.0,147.0,1954.0,117.14000000000004,3368.0,2177.0,1757.0,0.0,0.0,0.0,300.0,0.7,100.18677954321588,4.4,3.5,4.1,16.0,112.0,False,1.5470831419384474
98820,63.0,0,3.0,31604.630606653045,1.0,142.0,1896.0,68.50000000000001,2667.0,3333.0,1141.0,840.0,1680.0,3360.0,180.0,0.96,88.8158339152664,4.0,3.5,4.1,19.0,94.0,False,0.8001800180018002
98821,35.0,1,3.0,135954.26409467377,2.0,143.0,2128.0,95.57000000000004,2929.0,3520.0,1448.0,180.0,60.0,420.0,420.0,0.67,116.8202661662569,4.2,3.9,4.0,8.0,87.0,False,0.8321022727272728
98823,51.0,1,2.0,14405.91190361313,1.0,134.0,1400.0,33.540000000000006,1028.0,3109.0,1143.0,0.0,30.0,30.0,240.0,0.45,116.40238575404028,4.3,4.2,4.0,6.0,424.0,False,0.3306529430685108
98824,24.0,0,7.0,40866.28189725811,2.0,142.0,3563.0,88.2,5634.0,2263.0,2651.0,0.0,0.0,0.0,240.0,0.85,124.44025274007248,4.5,3.2,3.9,9.0,91.0,False,2.4896155545735748
98827,80.0,1,7.0,52995.48758390301,1.0,136.0,2366.0,91.94,3579.0,3061.0,1576.0,0.0,0.0,0.0,300.0,0.79,75.57069009474026,3.6,3.9,4.2,14.0,96.0,False,1.1692257432211695
98828,29.0,1,4.0,21284.50110741244,1.0,145.0,1243.0,33.66,1337.0,1436.0,545.0,840.0,1620.0,3300.0,240.0,0.75,110.45459019994786,3.8,4.4,3.8,7.0,98.0,False,0.9310584958217271
98829,18.0,0,1.0,11232.286735896976,2.0,136.0,3387.0,224.86,6595.0,6077.0,2750.0,600.0,300.0,1500.0,300.0,0.78,132.5680522851939,4.2,4.6,4.7,12.0,79.0,False,1.085239427349021
98830,66.0,0,7.0,33244.73491280238,2.0,143.0,2329.0,107.17000000000002,3914.0,2180.0,1646.0,150.0,120.0,420.0,720.0,1.06,77.40086539480318,3.8,3.1,4.2,12.0,88.0,False,1.7954128440366972
98832,48.0,1,4.0,18700.160886837715,1.0,145.0,3239.0,186.82,5327.0,5929.0,2446.0,480.0,180.0,1140.0,360.0,0.89,79.9226973326412,3.7,4.3,4.5,11.0,97.0,False,0.898465171192444
98833,75.0,1,3.0,32773.157518327425,1.0,140.0,1900.0,33.03,1172.0,1817.0,727.0,0.0,240.0,240.0,240.0,1.01,58.05308279973929,4.2,3.2,3.9,12.0,84.0,True,0.6450192625206385
98834,55.0,1,3.0,34288.935361547075,1.0,140.0,3075.0,76.73,5460.0,2622.0,1662.0,0.0,0.0,0.0,480.0,0.54,108.66136865625556,4.1,4.1,4.0,8.0,84.0,False,2.082379862700229
98838,70.0,1,3.0,68916.29601612869,1.0,140.0,1205.0,29.340000000000003,1425.0,1242.0,567.0,15.0,0.0,30.0,180.0,0.84,74.71036020406885,4.1,3.3,3.8,10.0,86.0,False,1.1473429951690821
98840,50.0,1,7.0,35897.01126870141,1.0,136.0,1407.0,43.75,2875.0,2476.0,1161.0,0.0,90.0,90.0,120.0,0.84,84.60596476455257,3.9,4.1,3.7,9.0,93.0,False,1.1611470113085622
98842,79.0,0,3.0,100137.64281097607,1.0,136.0,2081.0,106.34,2965.0,3910.0,1447.0,0.0,30.0,30.0,180.0,0.99,77.4885479099586,5.0,3.3,4.7,24.0,93.0,False,0.7583120204603581
98843,56.0,0,3.0,101151.90252558056,2.0,145.0,3468.0,119.18,4066.0,4246.0,1647.0,600.0,1740.0,2940.0,120.0,0.76,105.48906726169858,4.2,3.6,4.2,9.0,90.0,False,0.9576071596796986
98844,76.0,0,4.0,10812.039816066905,1.0,147.0,1871.0,62.57000000000001,2436.0,1964.0,1179.0,0.0,0.0,0.0,360.0,1.41,51.64637492324097,4.1,4.1,4.4,11.0,157.0,True,1.240325865580448
98845,50.0,1,6.0,13746.990710174045,2.0,142.0,783.0,47.53999999999999,788.0,1770.0,829.0,1680.0,0.0,3360.0,120.0,0.61,108.84854165469638,4.5,4.1,3.8,11.0,350.0,False,0.44519774011299434
98846,47.0,1,3.0,24964.9156546779,2.0,137.0,1838.0,17.25,1770.0,1212.0,508.0,0.0,180.0,180.0,300.0,0.7,107.28067567720989,4.3,3.2,3.6,9.0,86.0,False,1.4603960396039604
98847,52.0,0,3.0,23162.568925102507,2.0,142.0,3823.0,157.57999999999998,7992.0,3645.0,2178.0,1800.0,330.0,3930.0,360.0,1.02,88.43145178006125,4.1,3.3,3.9,22.0,90.0,False,2.1925925925925926
98848,78.0,1,6.0,14236.450242657476,1.0,148.0,1669.0,69.08000000000001,1819.0,3622.0,1419.0,0.0,210.0,210.0,120.0,0.73,84.1241096338964,3.9,3.5,3.6,16.0,103.0,False,0.5022087244616235
98851,23.0,1,7.0,85273.81658795441,2.0,141.0,1189.0,60.66,2490.0,1991.0,797.0,0.0,690.0,690.0,480.0,0.73,118.43386385293564,4.1,3.6,4.2,15.0,81.0,False,1.2506278252134606
98853,73.0,0,3.0,65359.71547706128,1.0,142.0,1356.0,55.33,2428.0,1419.0,914.0,540.0,1440.0,2520.0,360.0,0.84,92.07965506535324,4.2,3.2,3.8,16.0,99.0,False,1.7110641296687807
98857,58.0,0,6.0,10828.593598874697,2.0,138.0,2266.0,72.75999999999999,3776.0,3447.0,1648.0,0.0,0.0,0.0,45.0,0.93,95.1790525176578,4.2,3.7,4.2,14.0,98.0,False,1.0954453147664636
98864,62.0,0,6.0,4781.445750756822,2.0,148.0,2412.0,116.03000000000002,5298.0,3423.0,1509.0,120.0,0.0,240.0,240.0,1.29,62.69158250457455,4.5,4.4,4.5,22.0,122.0,False,1.5477651183172656
98865,36.0,0,3.0,115343.09617199238,2.0,145.0,2563.0,93.0,3630.0,3736.0,1484.0,0.0,300.0,300.0,720.0,1.09,90.20514000880766,4.1,3.8,4.2,11.0,79.0,False,0.971627408993576
98866,19.0,0,3.0,61809.69660187882,1.0,146.0,2100.0,183.43,3395.0,3917.0,2814.0,300.0,180.0,780.0,300.0,0.87,127.47224182798348,3.9,4.4,4.6,23.0,84.0,False,0.8667347459790656
98867,60.0,0,4.0,15536.09213632392,2.0,134.0,2913.0,85.78,2210.0,3738.0,1309.0,120.0,0.0,240.0,360.0,0.95,91.6327190932268,4.6,3.9,4.4,14.0,109.0,False,0.5912252541466024
98868,20.0,0,4.0,21801.1000777454,1.0,147.0,4597.0,113.89,5983.0,4253.0,2827.0,1440.0,0.0,2880.0,240.0,1.15,93.43762596302324,4.1,4.7,4.4,13.0,84.0,False,1.4067716905713614
98869,75.0,0,6.0,10570.219970384393,2.0,138.0,2384.0,68.69999999999999,3425.0,2974.0,1122.0,0.0,120.0,120.0,240.0,0.89,89.3672164310298,4.8,3.4,4.0,15.0,113.0,False,1.1516476126429052
98872,44.0,1,4.0,37822.73288183659,2.0,143.0,1712.0,55.49,2604.0,1665.0,770.0,0.0,0.0,0.0,240.0,1.06,66.43166425854102,4.2,3.7,4.0,10.0,90.0,False,1.563963963963964
98876,22.0,0,4.0,26619.46379007317,1.0,144.0,3754.0,109.82,5238.0,2918.0,1952.0,1800.0,780.0,4380.0,120.0,0.91,122.21021775657256,3.9,4.5,3.9,14.0,88.0,False,1.7950651130911583
98877,39.0,0,6.0,35129.994418408285,1.0,136.0,741.0,23.01,851.0,504.0,444.0,240.0,0.0,480.0,240.0,0.96,103.1132748218472,3.7,2.6,4.3,13.0,84.0,False,1.6884920634920635
98878,42.0,1,1.0,22516.1563025665,2.0,136.0,2746.0,113.29,5749.0,3605.0,1982.0,540.0,540.0,1620.0,120.0,0.86,86.44622732718695,4.0,4.2,4.5,16.0,88.0,False,1.5947295423023577
98883,18.0,1,1.0,14211.227137669135,2.0,135.0,1806.0,66.22999999999999,3786.0,1376.0,1111.0,360.0,0.0,720.0,300.0,0.64,131.28949389302238,4.2,4.0,4.4,15.0,77.0,False,2.751453488372093
98884,76.0,0,3.0,90241.50602666328,1.0,140.0,2678.0,114.23,3259.0,3961.0,2257.0,0.0,840.0,840.0,240.0,0.83,90.7050404757967,4.3,3.2,4.4,15.0,88.0,False,0.822772027265842
98892,55.0,0,3.0,407800.803407575,1.0,135.0,2822.0,98.04,4203.0,3292.0,1494.0,840.0,870.0,2550.0,240.0,0.71,108.35130426303613,4.2,3.3,4.4,13.0,90.0,False,1.2767314702308628
98893,69.0,0,2.0,10992.348236050731,2.0,138.0,1504.0,81.83,3000.0,2420.0,1533.0,1200.0,720.0,3120.0,180.0,0.91,91.23472370695356,4.7,3.3,3.8,22.0,178.0,False,1.2396694214876034
98894,35.0,0,6.0,40117.05965639535,1.0,138.0,1550.0,81.02,1514.0,3202.0,1308.0,0.0,0.0,0.0,600.0,1.11,88.80890503853324,4.1,4.1,4.2,11.0,96.0,False,0.4728294815740162
98895,38.0,0,4.0,33152.57115634165,2.0,146.0,2385.0,62.6,3324.0,2657.0,1066.0,1440.0,1440.0,4320.0,60.0,1.03,95.35344707414993,3.7,3.1,4.0,10.0,117.0,False,1.2510350018818217
98898,80.0,0,3.0,51475.179988299176,1.0,141.0,1589.0,78.99999999999999,3117.0,2795.0,1669.0,0.0,720.0,720.0,300.0,1.07,70.15170248970922,4.0,3.2,4.0,18.0,77.0,False,1.11520572450805
98900,36.0,0,3.0,123761.50019108604,2.0,141.0,2312.0,40.27,5504.0,1990.0,976.0,240.0,360.0,840.0,180.0,0.96,105.05521183250174,4.6,2.2,4.3,12.0,94.0,False,2.765829145728643
98901,65.0,0,4.0,7609.1560880066545,1.0,147.0,229.0,6.68,1603.0,1055.0,170.0,480.0,840.0,1800.0,360.0,2.44,28.63822327673176,3.6,4.8,3.7,29.0,116.0,True,1.5194312796208531
98902,56.0,1,6.0,15526.40932492467,1.0,148.0,2108.0,77.12999999999998,3223.0,3760.0,1526.0,0.0,100.0,100.0,360.0,0.56,107.04533483249136,3.8,4.2,4.4,11.0,88.0,False,0.8571808510638298
98903,73.0,1,2.0,35026.21522824583,1.0,137.0,2501.0,78.46,4526.0,3632.0,1377.0,0.0,0.0,0.0,120.0,0.71,89.72282356945743,3.6,3.7,3.9,19.0,92.0,False,1.2461453744493391
98904,51.0,1,3.0,416873.5383785075,2.0,144.0,1039.0,39.73,1647.0,2188.0,792.0,0.0,210.0,210.0,300.0,0.64,106.92929997782062,4.8,3.5,4.0,15.0,86.0,False,0.7527422303473492
98905,63.0,0,3.0,21449.75138872286,2.0,147.0,2341.0,64.53999999999999,3991.0,2243.0,1258.0,120.0,120.0,360.0,420.0,0.84,97.98819541962968,4.5,4.1,3.6,11.0,95.0,False,1.7793134195274187
98906,33.0,0,2.0,27244.558376238427,2.0,141.0,2063.0,79.98,2795.0,1516.0,1336.0,0.0,0.0,0.0,60.0,0.79,120.29648846490694,4.6,3.4,4.6,14.0,92.0,False,1.8436675461741425
98909,68.0,0,2.0,22380.66147558364,2.0,137.0,1355.0,55.48,1601.0,2364.0,889.0,180.0,480.0,840.0,240.0,0.73,99.10089171888316,4.4,3.7,4.0,19.0,97.0,False,0.6772419627749577
98910,22.0,0,4.0,30006.421675721765,1.0,141.0,1800.0,68.18,3303.0,1565.0,1004.0,0.0,780.0,780.0,240.0,1.04,104.11592971592104,3.8,5.1,4.6,10.0,92.0,False,2.1105431309904152
98914,63.0,1,3.0,89218.8921123399,1.0,145.0,1420.0,57.42,1967.0,1764.0,971.0,0.0,0.0,0.0,180.0,0.79,83.99830396012484,3.0,3.9,3.9,20.0,94.0,False,1.1150793650793651
98916,67.0,0,4.0,7293.941216955188,1.0,147.0,2461.0,79.57999999999998,3991.0,2386.0,1260.0,0.0,420.0,420.0,480.0,1.05,77.80091206188634,4.0,4.4,4.3,17.0,85.0,False,1.6726739312657166
98917,56.0,1,3.0,115017.82520745671,1.0,142.0,1589.0,67.91000000000001,2783.0,3226.0,1410.0,0.0,135.0,135.0,180.0,0.84,81.50700526579048,4.3,3.6,4.7,19.0,94.0,False,0.8626782393056417
98918,24.0,0,4.0,24664.88916396786,1.0,145.0,1674.0,57.38999999999999,3072.0,2075.0,666.0,0.0,0.0,0.0,300.0,0.82,125.79796527276534,3.9,4.3,4.4,10.0,79.0,False,1.4804819277108434
98920,23.0,0,3.0,43086.00782299644,2.0,139.0,3871.0,84.60999999999999,4197.0,3288.0,961.0,2400.0,2400.0,7200.0,480.0,0.81,127.05270973143378,3.7,3.2,4.5,9.0,100.0,False,1.2764598540145986
98921,26.0,1,3.0,98614.29470167744,1.0,147.0,1496.0,105.24,1693.0,2546.0,1594.0,0.0,270.0,270.0,330.0,0.64,124.91710577879152,4.6,4.4,4.1,13.0,82.0,False,0.6649646504320503
98922,80.0,0,3.0,41610.35013256209,2.0,136.0,2825.0,168.35,5010.0,5172.0,2794.0,60.0,60.0,180.0,360.0,1.01,75.18186588089276,3.5,3.6,4.1,16.0,80.0,False,0.968677494199536
98923,48.0,1,4.0,11939.876345099396,2.0,145.0,1897.0,48.87,2686.0,2725.0,820.0,0.0,0.0,0.0,780.0,0.8,90.83017609546869,3.5,3.3,3.7,10.0,92.0,False,0.9856880733944954
98924,60.0,0,2.0,9360.17449178068,1.0,140.0,1589.0,75.64000000000001,2146.0,4332.0,1325.0,0.0,0.0,0.0,300.0,0.63,108.89508566045338,3.9,3.6,4.5,13.0,99.0,False,0.4953831948291782
98925,21.0,1,1.0,47206.96498490212,2.0,136.0,1800.0,63.18,2724.0,2125.0,1417.0,280.0,860.0,1420.0,300.0,0.55,133.656140754768,4.3,2.8,3.8,12.0,111.0,False,1.2818823529411765
98926,48.0,1,6.0,18930.065720768736,1.0,138.0,2326.0,90.38000000000002,4318.0,3298.0,1376.0,0.0,300.0,300.0,300.0,0.5,115.62116716318796,3.9,3.9,4.4,14.0,91.0,False,1.309278350515464
98927,18.0,1,4.0,11624.773797782396,1.0,136.0,1922.0,81.96,3737.0,1843.0,1437.0,0.0,1740.0,1740.0,480.0,0.74,120.19608014108093,4.4,3.7,4.1,12.0,94.0,False,2.0276722734671733
98929,62.0,0,1.0,16791.432084108357,1.0,148.0,2064.0,104.86,2899.0,3084.0,1516.0,1500.0,480.0,3480.0,180.0,0.96,89.36992746555282,3.5,3.4,4.2,20.0,88.0,False,0.9400129701686122
98931,68.0,1,4.0,18947.172906832995,1.0,143.0,2751.0,48.01,1599.0,2971.0,1498.0,0.0,270.0,270.0,600.0,0.9,69.63490339390283,3.3,3.8,4.3,13.0,87.0,False,0.5382026253786604
98932,45.0,0,2.0,27132.39751833086,2.0,148.0,2182.0,69.32000000000002,3017.0,2218.0,1166.0,0.0,180.0,180.0,30.0,0.79,111.64540644321453,4.3,3.8,4.3,13.0,112.0,False,1.360234445446348
98933,46.0,1,3.0,106964.9427844101,1.0,141.0,2161.0,68.78,3342.0,2737.0,1693.0,240.0,180.0,660.0,480.0,0.68,108.70674387954077,4.3,4.1,4.0,13.0,83.0,False,1.2210449397150165
98934,80.0,1,3.0,47298.04633751157,2.0,138.0,936.0,35.18,1023.0,1315.0,637.0,0.0,0.0,0.0,600.0,1.61,32.15991160901423,5.0,3.9,3.4,35.0,149.0,True,0.7779467680608365
98935,25.0,0,4.0,54886.8181179087,1.0,138.0,3646.0,149.88,6906.0,3576.0,3260.0,135.0,180.0,450.0,540.0,0.98,109.74452803321007,3.8,4.0,4.1,14.0,82.0,False,1.9312080536912752
98936,27.0,0,3.0,41044.13489402432,1.0,146.0,2741.0,99.48,3388.0,2866.0,2026.0,840.0,840.0,2520.0,120.0,0.93,115.41775232762296,4.2,4.2,3.9,15.0,73.0,False,1.1821353803210048
98938,19.0,1,3.0,34113.56291621779,2.0,142.0,2119.0,134.17000000000002,4474.0,3343.0,1965.0,0.0,0.0,0.0,540.0,0.73,121.41712036226733,4.1,4.2,4.1,7.0,68.0,False,1.338318875261741
98940,64.0,1,1.0,16661.1616176421,2.0,148.0,1611.0,85.41000000000003,1900.0,2351.0,1301.0,0.0,0.0,0.0,120.0,0.7,96.51712371008588,3.9,3.6,4.1,15.0,100.0,False,0.8081667375584858
98941,59.0,1,6.0,12348.397234539543,2.0,148.0,1649.0,77.38000000000001,4394.0,2050.0,1228.0,0.0,0.0,0.0,180.0,0.57,104.61939313134867,3.3,3.5,4.3,15.0,95.0,False,2.1434146341463416
98944,27.0,0,3.0,49678.477788204014,1.0,140.0,3844.0,120.39,5357.0,2941.0,2049.0,2250.0,450.0,4950.0,120.0,0.92,116.92483290856812,4.3,2.9,4.2,11.0,93.0,False,1.8214892893573615
98945,43.0,0,3.0,25708.37505958729,1.0,142.0,2443.0,95.92,3066.0,3439.0,2079.0,0.0,0.0,0.0,360.0,1.11,84.49839401343527,4.0,4.4,4.0,14.0,83.0,False,0.891538237859843
98948,33.0,0,3.0,196474.7140152814,1.0,136.0,2749.0,114.25,5791.0,3400.0,1623.0,10.0,1320.0,1340.0,720.0,0.9,115.65251831363416,4.0,3.0,4.2,16.0,96.0,False,1.703235294117647
98951,52.0,1,4.0,25624.209446323217,2.0,143.0,1787.0,52.42,3181.0,1941.0,1060.0,0.0,0.0,0.0,180.0,1.26,51.367621407347016,3.2,5.4,2.4,26.0,49.0,True,1.6388459556929418
98952,24.0,0,6.0,23445.828883898248,2.0,142.0,1731.0,47.67,2339.0,2199.0,837.0,0.0,870.0,870.0,360.0,0.61,137.55481270506124,3.7,4.2,4.3,11.0,158.0,False,1.0636653024101865
98957,74.0,0,3.0,16879.032260182124,2.0,141.0,2148.0,93.78,3900.0,3482.0,2030.0,0.0,0.0,0.0,120.0,1.2,63.45813419391165,4.6,3.9,3.9,31.0,90.0,False,1.1200459506031017
98958,23.0,1,3.0,77634.25717681415,2.0,141.0,970.0,39.43,1685.0,569.0,437.0,0.0,600.0,600.0,480.0,0.57,130.8725214265413,3.5,3.6,4.6,12.0,85.0,False,2.961335676625659
98959,75.0,0,1.0,14172.373851491104,2.0,141.0,2642.0,110.18,3736.0,3803.0,2233.0,90.0,90.0,270.0,120.0,0.81,91.94572407830871,4.2,3.6,4.6,14.0,103.0,False,0.9823823297396792
98960,35.0,0,3.0,65028.14622239322,1.0,140.0,1707.0,69.87,2437.0,2899.0,1242.0,60.0,840.0,960.0,480.0,0.83,117.05035431819245,4.5,3.6,4.2,13.0,89.0,False,0.8406347016212488
98964,80.0,0,3.0,11199.315841769856,1.0,147.0,2649.0,49.05999999999999,2649.0,2517.0,1125.0,0.0,480.0,480.0,360.0,1.05,71.75820881702404,3.9,2.3,3.9,12.0,110.0,False,1.0524433849821215
98966,68.0,1,6.0,19908.15940075527,1.0,148.0,1446.0,64.44000000000001,2233.0,2046.0,1228.0,0.0,0.0,0.0,480.0,0.73,89.52216087753618,3.8,4.2,4.4,15.0,98.0,False,1.0913978494623655
98968,33.0,0,3.0,86120.63307292887,1.0,142.0,2886.0,165.32,8288.0,3224.0,1809.0,0.0,2880.0,2880.0,240.0,0.87,116.84268207294753,3.8,4.2,4.3,17.0,86.0,False,2.5707196029776673
98971,28.0,1,4.0,17967.375720646683,2.0,145.0,1078.0,44.19,1774.0,1456.0,1043.0,120.0,120.0,360.0,60.0,0.98,80.62820689214838,4.2,3.9,3.7,10.0,107.0,False,1.2184065934065933
98972,67.0,1,3.0,33193.91103089297,2.0,142.0,1377.0,44.27,1594.0,1612.0,935.0,0.0,0.0,0.0,180.0,0.66,96.0859498102275,4.2,3.5,3.8,16.0,92.0,False,0.988833746898263
98980,54.0,0,1.0,53278.90830990466,1.0,136.0,3082.0,96.26,2918.0,4947.0,2571.0,720.0,2880.0,4320.0,180.0,0.81,104.7738002877804,3.8,3.5,3.8,14.0,92.0,False,0.5898524358196887
98981,31.0,0,4.0,25430.041089328955,1.0,144.0,951.0,19.62,1344.0,764.0,309.0,540.0,1800.0,2880.0,180.0,0.83,119.9987613031485,3.3,2.5,4.9,9.0,97.0,False,1.7591623036649215
98982,25.0,1,4.0,20753.44416918632,2.0,140.0,1521.0,41.760000000000005,2285.0,1841.0,819.0,0.0,0.0,0.0,120.0,0.94,86.35905688548645,4.2,3.4,3.7,11.0,69.0,False,1.2411732753938076
98985,31.0,1,6.0,17088.895220862152,1.0,142.0,1266.0,36.07,1511.0,1735.0,761.0,0.0,60.0,60.0,240.0,0.68,119.33603422198212,3.5,4.5,4.3,13.0,81.0,False,0.870893371757925
98988,59.0,1,1.0,21658.431040985048,2.0,137.0,889.0,62.14000000000001,2355.0,1937.0,781.0,0.0,0.0,0.0,60.0,0.46,110.16747591010754,4.1,2.8,3.4,17.0,263.0,False,1.2157976251935982
98989,76.0,1,3.0,28003.391916668617,2.0,139.0,2017.0,84.33,3195.0,3025.0,2304.0,0.0,0.0,0.0,60.0,1.25,44.67020159354264,5.0,4.1,3.6,31.0,112.0,True,1.056198347107438
98992,56.0,0,1.0,38761.265329935726,2.0,144.0,2193.0,153.85,5302.0,3706.0,2293.0,240.0,360.0,840.0,20.0,1.18,72.42100075875773,4.7,3.1,4.3,20.0,91.0,False,1.4306529951430114
98994,30.0,0,7.0,30542.40576445615,1.0,137.0,1593.0,94.85,5304.0,2465.0,1570.0,1440.0,1440.0,4320.0,720.0,0.92,114.7634869217382,3.6,4.2,4.4,19.0,100.0,False,2.1517241379310343
98995,55.0,1,2.0,19424.848286426102,1.0,140.0,1278.0,36.48,2368.0,1285.0,689.0,720.0,1080.0,2520.0,240.0,0.8,86.96071522622101,4.5,3.7,4.5,14.0,91.0,False,1.8428015564202334
98996,69.0,1,4.0,11867.610791178897,1.0,139.0,1602.0,56.45,1930.0,1926.0,1004.0,0.0,0.0,0.0,480.0,0.88,71.09478981102292,4.2,3.7,4.2,14.0,131.0,False,1.0020768431983385
98997,73.0,0,4.0,13905.99403700042,2.0,134.0,1033.0,19.37,999.0,4173.0,704.0,0.0,270.0,270.0,240.0,0.92,87.8335444681877,4.7,3.5,4.3,11.0,104.0,False,0.2393961179007908
98998,51.0,1,4.0,17914.014418660674,2.0,144.0,2041.0,69.21000000000001,2694.0,1221.0,703.0,60.0,60.0,180.0,480.0,0.85,82.8957770560832,3.7,3.8,3.7,16.0,104.0,False,2.2063882063882065
99001,37.0,0,7.0,27255.51607309801,2.0,143.0,1799.0,48.88999999999999,2069.0,1733.0,963.0,600.0,300.0,1500.0,180.0,1.0,99.41274708149578,4.2,3.8,3.9,17.0,92.0,False,1.1938834391229083
99005,26.0,1,4.0,45651.75801343754,1.0,139.0,1306.0,80.87,2556.0,2244.0,1160.0,170.0,2640.0,2980.0,360.0,0.81,102.6073059362341,3.6,3.3,3.9,9.0,82.0,False,1.13903743315508
99007,26.0,0,3.0,51859.77537340206,1.0,142.0,2544.0,140.3,5955.0,3868.0,2302.0,0.0,240.0,240.0,180.0,0.61,135.85442063451885,3.7,3.8,4.7,16.0,86.0,False,1.5395553257497414
99011,77.0,0,3.0,13173.995963155976,1.0,145.0,1282.0,56.03,1407.0,2076.0,666.0,0.0,0.0,0.0,300.0,0.92,85.67544689108665,4.9,4.2,4.0,16.0,95.0,False,0.6777456647398844
99013,19.0,1,1.0,35664.4779907467,1.0,135.0,2364.0,80.62,5359.0,3016.0,1421.0,1080.0,900.0,3060.0,270.0,0.79,110.43706370879396,3.4,4.5,4.5,8.0,86.0,False,1.7768567639257293
99014,68.0,0,3.0,169187.24626502828,1.0,137.0,2914.0,108.14999999999998,4029.0,2782.0,1544.0,0.0,60.0,60.0,480.0,0.88,93.662835034341,3.5,3.1,4.2,13.0,104.0,False,1.44823867721064
99016,36.0,0,2.0,91159.20599118338,1.0,134.0,1613.0,58.2,2740.0,1837.0,870.0,2280.0,2280.0,6840.0,240.0,0.94,107.74314742444446,3.6,3.6,4.5,22.0,95.0,False,1.4915623298856833
99018,68.0,1,3.0,24731.000147523508,2.0,139.0,1891.0,64.27999999999999,2932.0,2804.0,925.0,120.0,1020.0,1260.0,300.0,0.9,69.63490339390283,4.2,3.5,4.0,14.0,97.0,False,1.0456490727532097
99019,41.0,1,1.0,48020.370514581584,1.0,135.0,3330.0,73.11000000000001,3714.0,3452.0,1478.0,0.0,0.0,0.0,1020.0,0.68,112.14025139426158,4.0,3.5,3.6,10.0,116.0,False,1.0758980301274623
99023,32.0,0,3.0,282808.7470779319,2.0,144.0,4232.0,190.75,8054.0,4888.0,2860.0,0.0,540.0,540.0,420.0,0.93,111.883894368309,4.5,3.0,4.4,13.0,100.0,False,1.647708674304419
99024,38.0,1,6.0,13376.020162502607,2.0,145.0,1927.0,77.99,2916.0,3590.0,1290.0,300.0,0.0,600.0,540.0,0.82,93.83645525481496,4.5,4.1,4.0,22.0,88.0,False,0.8122562674094708
99025,45.0,1,3.0,207632.2170683533,2.0,138.0,1075.0,23.83,1059.0,1171.0,518.0,0.0,0.0,0.0,60.0,0.7,108.62343073362948,3.8,3.7,3.7,10.0,93.0,False,0.9043552519214346
99028,42.0,1,1.0,32457.5676597562,2.0,143.0,1941.0,68.95,2680.0,2235.0,1102.0,0.0,0.0,0.0,1080.0,1.01,71.27849767358813,4.1,3.3,3.7,11.0,85.0,False,1.1991051454138701
99033,56.0,0,3.0,81145.36247633545,2.0,145.0,3220.0,111.43,5190.0,2791.0,1633.0,0.0,1890.0,1890.0,30.0,0.88,100.92049922385212,4.4,3.9,4.2,14.0,94.0,False,1.8595485489072017
99036,44.0,0,3.0,21184.576597002942,1.0,142.0,6233.0,160.07000000000002,11352.0,3900.0,2575.0,2100.0,3360.0,7560.0,120.0,1.19,77.2464745969772,4.1,3.3,4.1,17.0,92.0,False,2.9107692307692306
99038,27.0,1,4.0,23047.058254656986,1.0,144.0,2432.0,62.13999999999999,3364.0,2191.0,1338.0,0.0,2400.0,2400.0,120.0,0.82,100.48070582554712,3.6,3.9,3.8,9.0,104.0,False,1.535371976266545
99042,63.0,0,4.0,12065.937113576165,1.0,138.0,2425.0,81.34,2520.0,3173.0,1349.0,60.0,30.0,150.0,360.0,1.5,51.98838981195481,4.2,4.2,4.8,21.0,83.0,True,0.7942010715411283
99044,71.0,1,3.0,36616.8802674014,1.0,146.0,1373.0,50.48,2595.0,2614.0,1232.0,0.0,600.0,600.0,660.0,0.67,93.38603106700616,4.2,3.1,4.1,12.0,94.0,False,0.9927314460596787
99047,80.0,1,3.0,29357.06868159761,1.0,142.0,1690.0,56.47,2090.0,3337.0,1226.0,0.0,0.0,0.0,300.0,0.83,71.22167558465158,3.8,4.3,4.2,19.0,102.0,False,0.62631105783638
99056,80.0,1,3.0,15189.324324190053,2.0,139.0,1293.0,40.59,1509.0,1226.0,871.0,0.0,0.0,0.0,360.0,2.15,22.728969495047743,4.6,3.8,3.8,45.0,117.0,True,1.230831973898858
99057,61.0,0,4.0,11200.590019325691,2.0,134.0,472.0,12.7,458.0,995.0,179.0,0.0,0.0,0.0,180.0,0.87,98.16875991005574,4.5,3.0,3.9,13.0,91.0,False,0.46030150753768845
99058,64.0,1,6.0,13791.108700807248,1.0,148.0,1406.0,81.56,2763.0,1473.0,683.0,0.0,0.0,0.0,60.0,0.52,103.68506229208224,3.1,3.5,4.0,10.0,98.0,False,1.875763747454175
99060,55.0,0,3.0,109691.14780520785,1.0,142.0,3759.0,136.93,5605.0,6560.0,2473.0,0.0,1440.0,1440.0,240.0,0.84,102.98686079803451,4.5,2.8,3.7,22.0,273.0,False,0.854420731707317
99062,29.0,1,2.0,46498.54943093096,2.0,144.0,360.0,8.34,928.0,140.0,125.0,240.0,60.0,540.0,180.0,0.66,121.70212908405996,3.9,3.5,4.4,16.0,79.0,False,6.628571428571429
99063,41.0,0,4.0,22926.610339725663,2.0,140.0,3033.0,74.85999999999999,4132.0,2908.0,1382.0,0.0,0.0,0.0,480.0,1.09,87.44324120587225,3.9,3.8,4.0,16.0,102.0,False,1.4209078404401652
99064,60.0,1,7.0,36375.74474101475,2.0,135.0,1449.0,40.21,1720.0,1009.0,731.0,0.0,0.0,0.0,480.0,0.9,73.18718414805923,4.5,2.8,4.0,9.0,104.0,False,1.7046580773042617
99066,19.0,0,1.0,22179.593269615005,2.0,136.0,3221.0,126.27999999999996,7277.0,1872.0,2356.0,60.0,0.0,120.0,300.0,0.88,127.03303409300769,4.3,4.6,4.4,15.0,91.0,False,3.887286324786325
99067,39.0,0,3.0,47659.91086489895,1.0,142.0,3010.0,124.29999999999998,4967.0,2473.0,1549.0,0.0,60.0,60.0,540.0,0.91,109.94877345234129,4.2,4.1,4.5,17.0,85.0,False,2.0084917104731095
99068,76.0,0,4.0,9786.374964154902,2.0,142.0,2308.0,50.73,3452.0,2374.0,1275.0,45.0,150.0,240.0,60.0,1.5,47.9505141176188,4.7,2.5,3.1,15.0,117.0,True,1.4540859309182814
99069,80.0,1,4.0,14744.680752585537,1.0,147.0,1237.0,45.45,2453.0,1346.0,785.0,0.0,0.0,0.0,720.0,0.95,60.567210385628485,4.2,3.3,3.7,24.0,196.0,False,1.8224368499257058
99070,70.0,0,4.0,8301.265093477,1.0,147.0,1271.0,71.94,2531.0,3559.0,1222.0,1200.0,960.0,3360.0,180.0,1.12,70.6719699372059,4.4,3.6,3.5,9.0,83.0,False,0.7111548187693172
99081,59.0,0,4.0,17770.344640434778,1.0,147.0,1882.0,75.2,3712.0,1412.0,1274.0,60.0,0.0,120.0,120.0,0.67,107.55622326504223,3.7,3.5,3.7,15.0,160.0,False,2.6288951841359776
99083,78.0,0,3.0,43848.82800354019,2.0,143.0,2962.0,76.38,4005.0,3009.0,1397.0,720.0,480.0,1920.0,240.0,0.81,90.24611487811237,4.6,3.1,3.4,12.0,101.0,False,1.3310069790628116
99089,25.0,1,4.0,28801.63589981121,1.0,144.0,1116.0,46.31,2641.0,1605.0,627.0,180.0,60.0,420.0,540.0,0.74,115.07560092661784,4.2,3.7,4.0,8.0,86.0,False,1.6454828660436136
99095,47.0,1,6.0,12541.182986282322,2.0,148.0,1882.0,96.9,3055.0,2475.0,1441.0,120.0,90.0,330.0,120.0,0.54,114.20450392011098,3.7,3.8,3.9,10.0,88.0,False,1.2343434343434343
99098,39.0,1,1.0,15599.154804683252,1.0,148.0,2657.0,111.47,4814.0,3725.0,1865.0,0.0,0.0,0.0,120.0,0.55,119.50079109800592,4.3,3.5,4.2,11.0,94.0,False,1.2923489932885905
99100,75.0,0,4.0,9399.508736215776,1.0,145.0,1584.0,113.37,2551.0,1335.0,1150.0,0.0,0.0,0.0,360.0,0.98,80.41415368494967,3.9,4.0,4.3,23.0,68.0,False,1.9108614232209737
99101,80.0,1,6.0,16009.09196863068,2.0,135.0,1503.0,48.36000000000001,1769.0,3100.0,1202.0,0.0,0.0,0.0,540.0,0.81,73.33712406952934,4.3,3.7,4.4,10.0,93.0,False,0.5706451612903226
99102,50.0,0,1.0,18125.1196614806,1.0,147.0,2873.0,110.46999999999998,5842.0,3342.0,1938.0,0.0,0.0,0.0,180.0,0.85,105.86068189464812,3.8,3.8,4.4,13.0,101.0,False,1.7480550568521844
99103,39.0,0,6.0,18660.753470959666,2.0,143.0,2586.0,90.12,4419.0,2558.0,1153.0,120.0,315.0,555.0,300.0,0.99,99.37515662693104,3.6,3.9,4.3,11.0,93.0,False,1.7275215011727914
99104,63.0,1,3.0,154220.76287430862,2.0,147.0,4099.0,84.75000000000001,6730.0,3392.0,2165.0,50.0,150.0,250.0,480.0,0.94,68.18197896789513,4.6,2.6,4.1,17.0,95.0,False,1.9840801886792452
99105,39.0,1,6.0,20365.160538144224,2.0,138.0,1843.0,60.99000000000001,2499.0,2316.0,1071.0,0.0,15.0,15.0,300.0,0.72,109.00545025992972,4.6,3.3,4.2,13.0,93.0,False,1.0790155440414508
99108,51.0,0,3.0,35513.67161938204,2.0,143.0,3300.0,120.58,3232.0,3639.0,2342.0,0.0,600.0,600.0,300.0,0.64,114.61774054492004,4.1,4.3,4.4,8.0,88.0,False,0.8881560868370432
99110,20.0,1,1.0,50185.65592650056,1.0,146.0,2418.0,116.32999999999998,4519.0,2543.0,1600.0,480.0,420.0,1380.0,360.0,0.59,132.23365369391593,3.9,3.7,4.2,12.0,89.0,False,1.7770349980338183
99111,48.0,1,4.0,14098.740098066864,2.0,145.0,1705.0,94.16,2688.0,2493.0,1103.0,0.0,0.0,0.0,240.0,0.79,92.2116155652832,4.2,3.0,3.6,10.0,83.0,False,1.0782190132370637
99114,41.0,0,2.0,31054.30604899337,2.0,147.0,1950.0,73.33000000000001,1729.0,2829.0,1648.0,0.0,980.0,980.0,180.0,0.75,116.26788421940395,4.1,3.8,3.9,16.0,95.0,False,0.6111700247437257
99116,53.0,1,6.0,11872.884744761996,1.0,148.0,2786.0,165.78,5614.0,3745.0,1885.0,60.0,0.0,120.0,360.0,0.6,107.2629237986294,3.9,4.0,4.2,14.0,86.0,False,1.4990654205607477
99117,72.0,1,6.0,13134.689230572276,2.0,146.0,512.0,10.35,346.0,1118.0,235.0,0.0,105.0,105.0,300.0,0.82,75.95167141699271,3.9,3.8,4.2,18.0,122.0,False,0.3094812164579606
99121,20.0,1,1.0,21057.399469595704,2.0,148.0,566.0,26.42,727.0,884.0,552.0,0.0,0.0,0.0,90.0,0.86,99.12157897656596,4.2,4.2,4.1,16.0,89.0,False,0.8223981900452488
99125,20.0,1,6.0,29820.397047817205,2.0,138.0,971.0,29.76,2031.0,1613.0,599.0,240.0,0.0,480.0,360.0,0.72,122.67818932797567,4.2,3.6,4.2,9.0,85.0,False,1.25914445133292
99127,67.0,1,6.0,18855.28810151586,2.0,145.0,1709.0,33.67,1076.0,5158.0,892.0,0.0,840.0,840.0,300.0,0.53,101.30234328323394,3.5,3.8,3.9,8.0,92.0,False,0.20860798759208996
99128,36.0,0,4.0,44699.18212844797,2.0,134.0,1461.0,43.32,3223.0,2112.0,680.0,240.0,240.0,720.0,300.0,1.06,93.27731666775207,3.9,4.2,4.3,8.0,82.0,False,1.5260416666666667
99131,56.0,1,3.0,36376.86776749328,1.0,135.0,967.0,69.31,2226.0,1805.0,1112.0,90.0,90.0,270.0,480.0,0.66,102.88947968710006,3.3,4.3,3.9,12.0,103.0,False,1.233240997229917
99133,74.0,0,3.0,39692.57337057876,1.0,145.0,2846.0,104.72,5659.0,4852.0,1281.0,0.0,0.0,0.0,960.0,0.79,93.22054528466887,4.4,3.3,3.8,15.0,105.0,False,1.166323165704864
99134,71.0,0,4.0,6519.191029146114,2.0,137.0,3151.0,100.43,6419.0,3188.0,1779.0,2520.0,3060.0,8100.0,120.0,0.94,86.66712549317985,4.3,2.5,3.8,13.0,102.0,False,2.013488080301129
99136,40.0,0,4.0,19952.565195616564,1.0,145.0,2838.0,109.39,4610.0,3244.0,1734.0,0.0,100.0,100.0,300.0,1.15,82.5090608178403,4.2,3.3,3.0,13.0,100.0,False,1.4210850801479655
99138,31.0,0,4.0,24879.79138354793,2.0,145.0,4637.0,89.31000000000002,7537.0,10305.0,1866.0,240.0,120.0,600.0,240.0,0.88,117.89749562944183,4.1,3.5,3.9,6.0,92.0,False,0.7313925278990782
99140,62.0,1,4.0,7000.242597609837,1.0,144.0,1648.0,70.89,2020.0,1964.0,1217.0,0.0,0.0,0.0,480.0,0.75,89.96022194312974,4.0,3.1,4.3,13.0,87.0,False,1.0285132382892057
99151,22.0,1,3.0,12288.804147308452,2.0,143.0,1895.0,74.51,2991.0,1446.0,1064.0,100.0,480.0,680.0,600.0,0.8,106.77174818308856,4.0,3.7,4.2,16.0,84.0,False,2.0684647302904566
99152,72.0,1,3.0,46022.68956246184,2.0,141.0,2947.0,107.34000000000005,7716.0,2629.0,1861.0,0.0,120.0,120.0,360.0,0.8,78.23588038036311,4.1,3.3,3.8,15.0,92.0,False,2.934956257131989
99153,53.0,1,7.0,30671.70055979904,1.0,135.0,1375.0,43.53,3220.0,1601.0,700.0,0.0,0.0,0.0,480.0,0.75,95.13922000175728,3.3,3.9,4.4,14.0,80.0,False,2.0112429731417865
99154,24.0,0,7.0,10288.5910511096,2.0,140.0,1313.0,28.37,1792.0,518.0,552.0,2400.0,2400.0,7200.0,360.0,0.92,119.1268836230086,4.1,4.0,4.3,14.0,90.0,False,3.4594594594594597
99155,28.0,0,4.0,16293.005645888275,2.0,145.0,2741.0,41.99,2432.0,2172.0,783.0,90.0,0.0,180.0,120.0,0.91,117.7338842472691,4.6,2.7,4.3,9.0,91.0,False,1.1197053406998159
99156,61.0,0,6.0,6583.712950678655,2.0,141.0,2654.0,121.39,2223.0,2300.0,1382.0,0.0,0.0,0.0,140.0,0.55,112.75052869377832,4.5,3.7,3.8,22.0,102.0,False,0.9665217391304348
99157,62.0,1,6.0,12710.676389700477,2.0,148.0,1114.0,69.55000000000003,3411.0,2252.0,864.0,0.0,0.0,0.0,420.0,0.67,98.7622525030171,4.1,4.1,3.7,14.0,118.0,False,1.5146536412078153
99159,57.0,1,3.0,197924.0269465605,2.0,136.0,1074.0,48.6,1331.0,1688.0,969.0,0.0,0.0,0.0,840.0,0.63,103.40439058878904,3.8,3.5,4.4,12.0,92.0,False,0.7885071090047393
99160,43.0,1,7.0,22832.66517946984,1.0,143.0,2706.0,67.97,3258.0,1888.0,1253.0,480.0,1200.0,2160.0,180.0,0.76,99.64760563108644,3.8,3.5,3.8,11.0,100.0,False,1.7256355932203389
99167,50.0,1,4.0,12189.89035908186,1.0,144.0,1465.0,55.07,3489.0,1794.0,847.0,0.0,75.0,75.0,360.0,0.74,98.50495154282892,4.0,2.9,3.7,10.0,99.0,False,1.9448160535117056
99168,40.0,1,2.0,45890.11173494079,1.0,134.0,1485.0,33.95,1083.0,2508.0,698.0,450.0,450.0,1350.0,180.0,0.42,126.734280016017,4.2,4.1,4.0,11.0,91.0,False,0.4318181818181818
99169,60.0,0,4.0,14814.669886081336,2.0,147.0,2904.0,73.16000000000001,4728.0,3653.0,1443.0,0.0,60.0,60.0,240.0,1.16,72.10565282871113,4.6,3.8,3.9,13.0,91.0,False,1.294278675061593
99171,37.0,0,2.0,66537.55522260288,1.0,137.0,1323.0,44.91,2369.0,1428.0,853.0,360.0,600.0,1320.0,120.0,0.91,111.32492316959764,4.0,2.9,4.5,17.0,95.0,False,1.6589635854341738
99172,68.0,0,4.0,15363.42239485504,2.0,147.0,1405.0,34.25,1931.0,1619.0,591.0,0.0,360.0,360.0,180.0,0.95,87.18514882153298,4.5,3.5,3.1,11.0,83.0,False,1.1927115503397159
99174,65.0,1,1.0,10943.24827953064,2.0,135.0,1806.0,77.31000000000002,3976.0,2179.0,1288.0,0.0,0.0,0.0,180.0,0.89,71.9039921868891,4.0,4.4,4.0,21.0,86.0,False,1.8246902248737953
99175,69.0,0,4.0,17202.89791068178,1.0,136.0,1689.0,69.97,2662.0,2042.0,1122.0,450.0,240.0,1140.0,480.0,1.23,63.551191621649146,4.1,3.2,4.4,21.0,97.0,False,1.3036238981390793
99176,63.0,1,6.0,13194.467160508097,1.0,148.0,2113.0,91.84,4495.0,4017.0,1419.0,0.0,480.0,480.0,360.0,0.61,100.39440636985336,3.5,3.5,4.6,11.0,107.0,False,1.1189942743340802
99179,80.0,1,4.0,23080.78786418665,1.0,137.0,2015.0,65.72000000000001,3213.0,2151.0,1120.0,0.0,0.0,0.0,720.0,0.95,60.567210385628485,3.9,2.8,4.0,19.0,170.0,False,1.493723849372385
99181,29.0,0,3.0,61036.8352395488,2.0,146.0,2350.0,82.33000000000001,3675.0,677.0,1594.0,0.0,0.0,0.0,60.0,0.99,105.75183258999832,4.1,3.2,4.1,12.0,90.0,False,5.428360413589365
99182,34.0,1,2.0,38135.99238119129,1.0,134.0,2109.0,99.96,4531.0,1987.0,1660.0,0.0,0.0,0.0,300.0,0.73,110.60246715808066,4.4,3.8,4.2,16.0,95.0,False,2.280322093608455
99183,68.0,0,4.0,8410.476169515954,2.0,145.0,367.0,12.37,270.0,247.0,155.0,0.0,80.0,80.0,600.0,1.32,58.75192788487624,4.6,3.5,4.4,14.0,111.0,True,1.0931174089068827
99186,26.0,0,1.0,29346.7377488216,1.0,135.0,3486.0,106.74,3662.0,4908.0,2564.0,900.0,600.0,2400.0,240.0,0.93,116.1378067293449,4.1,3.5,4.4,14.0,94.0,False,0.7461287693561532
99187,42.0,0,3.0,17905.740706817956,1.0,145.0,2311.0,105.15,4378.0,3059.0,1540.0,0.0,120.0,120.0,360.0,0.81,112.89242127623127,3.9,3.5,4.4,14.0,86.0,False,1.4311866623079437
99190,53.0,1,2.0,25571.895392991235,2.0,136.0,1277.0,31.18,1201.0,3165.0,833.0,0.0,0.0,0.0,240.0,0.74,96.68409555865613,4.1,3.4,4.2,10.0,96.0,False,0.37946287519747235
99191,80.0,1,3.0,41044.28789623058,2.0,142.0,1195.0,69.50000000000001,2574.0,1907.0,873.0,0.0,0.0,0.0,300.0,0.97,59.07174721538366,4.3,4.1,3.8,17.0,111.0,True,1.34976402726796
99193,44.0,1,6.0,16822.657738815837,1.0,135.0,911.0,29.3,1470.0,998.0,358.0,360.0,240.0,960.0,120.0,0.59,113.89845046410385,3.8,3.9,4.2,11.0,100.0,False,1.4729458917835672
99194,30.0,1,4.0,18012.812339594017,1.0,144.0,4485.0,225.92,10050.0,3575.0,2750.0,1200.0,600.0,3000.0,360.0,0.7,119.2445747588726,4.0,3.2,4.2,11.0,88.0,False,2.8111888111888113
99195,43.0,0,3.0,243429.27116422975,2.0,134.0,3006.0,149.80999999999997,7009.0,3052.0,1925.0,360.0,1260.0,1980.0,180.0,1.01,94.63469369527397,4.3,3.4,3.9,16.0,112.0,False,2.2965268676277852
99197,28.0,1,2.0,56490.63715658053,2.0,141.0,2166.0,77.13000000000001,3268.0,1989.0,1384.0,0.0,720.0,720.0,360.0,0.66,122.4613897002012,3.8,3.8,4.4,11.0,79.0,False,1.6430367018602312
99198,22.0,1,1.0,14980.186897624037,1.0,148.0,2221.0,93.26,3999.0,2784.0,1662.0,0.0,0.0,0.0,120.0,0.56,132.2519252683416,4.1,3.8,4.3,16.0,87.0,False,1.4364224137931034
99201,18.0,1,7.0,48099.56509317998,2.0,139.0,941.0,23.89,1532.0,575.0,608.0,0.0,150.0,150.0,480.0,0.66,130.31945630971296,3.9,3.2,3.8,9.0,81.0,False,2.6643478260869564
99204,65.0,1,1.0,13908.32012245945,2.0,135.0,949.0,38.31999999999999,2215.0,1641.0,1138.0,0.0,170.0,170.0,30.0,0.52,103.04221490587132,3.8,3.5,4.5,12.0,100.0,False,1.3497867154174283
99207,24.0,1,4.0,30473.891754175464,1.0,144.0,520.0,17.57,713.0,1687.0,323.0,0.0,0.0,0.0,480.0,0.82,102.37306354414788,4.2,3.9,4.1,18.0,84.0,False,0.4226437462951986
99209,80.0,1,6.0,16019.45957818267,1.0,138.0,2874.0,76.47000000000001,3046.0,3990.0,1966.0,0.0,0.0,0.0,600.0,0.73,83.0842044052104,4.3,3.9,3.7,18.0,87.0,False,0.7634085213032581
99210,71.0,0,3.0,12119.735200764711,1.0,140.0,1976.0,73.41999999999999,4344.0,2666.0,1139.0,0.0,0.0,0.0,600.0,1.21,64.01258601395654,4.4,3.2,3.7,20.0,296.0,False,1.6294073518379595
99212,33.0,0,4.0,47908.34619560755,2.0,144.0,2039.0,73.36999999999999,2900.0,2465.0,1479.0,600.0,150.0,1350.0,120.0,0.88,116.44009866336876,4.3,3.9,4.3,10.0,92.0,False,1.1764705882352942
99220,78.0,1,4.0,17755.73712513087,2.0,145.0,1487.0,69.69,2057.0,2780.0,1249.0,0.0,0.0,0.0,300.0,0.63,90.7439793101722,4.0,3.2,4.0,10.0,110.0,False,0.7399280575539569
99221,19.0,0,3.0,61809.69660187882,1.0,146.0,2081.0,107.28,4137.0,2500.0,1247.0,90.0,90.0,270.0,480.0,0.99,112.53768522979388,4.0,3.6,4.6,19.0,98.0,False,1.6548
99224,46.0,1,4.0,15674.722115028691,1.0,141.0,1033.0,55.17,1678.0,1266.0,874.0,0.0,120.0,120.0,120.0,0.66,109.49166170364067,3.8,3.1,3.6,12.0,97.0,False,1.3254344391785151
99226,47.0,1,2.0,35042.49721281266,1.0,137.0,2080.0,44.54,2682.0,2006.0,1041.0,0.0,180.0,180.0,300.0,0.71,105.47004460681336,3.7,3.5,4.0,9.0,80.0,False,1.3369890329012961
99227,52.0,0,1.0,15254.453181447632,2.0,143.0,2755.0,78.36,3783.0,2163.0,2101.0,720.0,0.0,1440.0,180.0,0.7,110.86579598179011,3.9,3.8,4.3,12.0,84.0,False,1.7489597780859916
99229,19.0,1,4.0,20135.40180221332,2.0,140.0,1908.0,61.55,3111.0,2057.0,1099.0,0.0,0.0,0.0,300.0,0.61,131.99389665697686,3.8,3.1,3.0,4.0,71.0,False,1.512396694214876
99230,61.0,1,7.0,6095.7714564376365,1.0,144.0,1657.0,81.02000000000001,2222.0,2358.0,1324.0,0.0,120.0,120.0,240.0,0.94,69.03536375912537,4.0,4.3,3.9,16.0,104.0,False,0.9423240033927057
99231,37.0,1,3.0,127772.45026173902,2.0,142.0,2153.0,55.78,3339.0,1945.0,1153.0,0.0,0.0,0.0,300.0,0.72,110.36979307926666,4.3,4.4,3.8,13.0,87.0,False,1.7167095115681235
99232,30.0,0,3.0,26065.66974694824,2.0,141.0,3160.0,144.66000000000005,3644.0,3248.0,1877.0,0.0,0.0,0.0,180.0,0.88,118.63302035564686,4.5,4.5,4.5,13.0,82.0,False,1.1219211822660098
99233,20.0,1,1.0,26451.87076015287,2.0,143.0,3647.0,150.25,4075.0,3314.0,1991.0,360.0,1200.0,1920.0,240.0,0.73,120.66433421602127,4.0,3.5,4.6,14.0,89.0,False,1.2296318648159323
99234,33.0,0,3.0,47000.32563094288,2.0,139.0,1151.0,45.91000000000001,2885.0,2164.0,1093.0,870.0,1380.0,3120.0,240.0,1.22,80.28128373003447,4.1,3.9,4.4,12.0,91.0,False,1.3331792975970425
99237,44.0,1,6.0,27294.93902902339,2.0,138.0,1188.0,76.48,1851.0,1158.0,666.0,960.0,210.0,2130.0,300.0,0.77,97.48848036188426,3.6,2.8,4.1,12.0,103.0,False,1.5984455958549222
99239,78.0,1,3.0,41018.8577727303,1.0,137.0,1301.0,45.13,1424.0,2596.0,909.0,0.0,240.0,240.0,540.0,1.71,30.29092811792981,4.1,3.7,4.0,43.0,120.0,True,0.5485362095531587
99240,54.0,1,4.0,23811.33695524217,2.0,136.0,5043.0,142.98,8589.0,3993.0,2750.0,0.0,2880.0,2880.0,240.0,0.63,105.35181019596848,3.5,4.1,4.2,8.0,83.0,False,2.1510142749812173
99241,71.0,0,4.0,10240.12623907018,1.0,145.0,3145.0,69.91,3388.0,2355.0,1541.0,0.0,0.0,0.0,720.0,0.79,94.97617206846044,4.3,4.0,4.1,19.0,89.0,False,1.4386411889596602
99242,46.0,1,1.0,46828.44932463809,1.0,147.0,598.0,26.1,635.0,1576.0,836.0,0.0,180.0,180.0,60.0,0.78,94.80399364760356,3.9,3.6,4.0,15.0,92.0,False,0.4029187817258883
99243,80.0,0,1.0,12890.85219975344,2.0,141.0,2574.0,101.23,4797.0,3904.0,1938.0,0.0,60.0,60.0,180.0,0.6,97.58595068291326,4.6,3.5,3.8,13.0,170.0,False,1.2287397540983607
99246,39.0,1,4.0,32802.852331064445,2.0,147.0,1263.0,34.17,2086.0,1291.0,491.0,0.0,0.0,0.0,600.0,0.9,83.39810787745786,4.1,3.1,3.7,10.0,96.0,False,1.6158017041053447
99247,23.0,0,3.0,45508.52508455818,2.0,146.0,1756.0,49.76,3209.0,1457.0,614.0,0.0,0.0,0.0,120.0,1.02,105.90975783502716,3.8,3.7,4.4,12.0,95.0,False,2.202470830473576
99251,45.0,0,3.0,332785.8662317737,2.0,137.0,2462.0,88.84,4539.0,2367.0,1398.0,120.0,240.0,480.0,360.0,1.04,90.23894452772234,4.5,2.9,4.5,16.0,91.0,False,1.917617237008872
99255,56.0,1,4.0,26549.66749181429,2.0,144.0,1293.0,40.39,2503.0,1094.0,777.0,0.0,120.0,120.0,360.0,0.87,78.14604024712308,3.8,3.1,3.7,15.0,80.0,False,2.287934186471664
99256,69.0,0,1.0,5189.457307055565,2.0,142.0,2796.0,135.43000000000004,4557.0,4439.0,2535.0,0.0,0.0,0.0,120.0,1.18,66.79614875274244,3.5,3.7,3.8,26.0,104.0,False,1.0265825636404595
99257,49.0,1,1.0,40892.17594384581,2.0,141.0,2502.0,78.78,3112.0,2803.0,1657.0,0.0,90.0,90.0,120.0,0.68,106.69730859722462,4.2,3.3,3.4,9.0,107.0,False,1.1102390296111309
99258,49.0,0,4.0,27650.6121108604,1.0,144.0,3336.0,183.65,6103.0,4254.0,2526.0,60.0,40.0,160.0,360.0,1.06,86.03257969536385,3.8,4.4,4.2,17.0,97.0,False,1.4346497414198403
99260,48.0,1,3.0,117784.46175797918,1.0,135.0,2872.0,110.18,3913.0,2345.0,1699.0,0.0,180.0,180.0,360.0,0.67,107.74697662863548,3.6,3.7,3.3,12.0,130.0,False,1.6686567164179105
99262,63.0,0,4.0,9185.040869372346,2.0,142.0,1698.0,138.09999999999997,4718.0,2898.0,1691.0,10.0,0.0,20.0,60.0,0.93,92.2648625813928,3.9,2.4,3.6,13.0,116.0,False,1.6280193236714975
99263,50.0,1,6.0,11282.29518866905,2.0,148.0,1607.0,36.39,1905.0,2536.0,775.0,50.0,50.0,150.0,480.0,0.62,108.42282226099752,4.2,3.8,4.0,7.0,84.0,False,0.7511829652996845
99265,67.0,1,1.0,8905.146659428736,2.0,140.0,1131.0,51.33,1129.0,930.0,704.0,30.0,0.0,60.0,180.0,0.48,103.75065274812415,3.5,3.0,3.7,12.0,81.0,False,1.2139784946236558
99269,79.0,0,3.0,31503.77720902584,2.0,142.0,1487.0,48.27,2775.0,1446.0,853.0,0.0,0.0,0.0,480.0,1.18,62.7684417547139,4.6,3.7,3.6,20.0,104.0,False,1.9190871369294606
99270,62.0,1,7.0,106182.7492528688,2.0,139.0,1825.0,65.4,3341.0,2389.0,1407.0,2160.0,2880.0,7200.0,240.0,0.87,75.28369579672412,4.1,3.7,4.1,23.0,106.0,False,1.3984930933444957
99271,56.0,1,6.0,11864.273925914742,2.0,144.0,1382.0,63.81000000000001,1919.0,2286.0,1127.0,0.0,40.0,40.0,120.0,0.52,108.97434156615849,4.0,4.3,4.5,15.0,95.0,False,0.8394575678040245
99274,53.0,1,2.0,24867.264380397384,1.0,137.0,1179.0,33.77,1247.0,913.0,703.0,0.0,0.0,0.0,120.0,0.86,80.73000160467343,3.5,3.9,3.8,17.0,86.0,False,1.3658269441401971
99275,18.0,1,2.0,29793.260750581667,2.0,134.0,966.0,42.66,1732.0,1533.0,699.0,0.0,1440.0,1440.0,540.0,0.65,130.79984488201498,3.9,3.5,4.3,11.0,102.0,False,1.1298108284409654
99277,58.0,0,1.0,38079.49448525727,2.0,143.0,1969.0,29.41,1186.0,3260.0,698.0,0.0,0.0,0.0,480.0,0.57,113.64149425784323,4.5,3.1,4.2,4.0,101.0,False,0.3638036809815951
99278,35.0,0,4.0,53681.89785722793,2.0,142.0,1331.0,50.42999999999999,3204.0,1033.0,998.0,2400.0,600.0,5400.0,30.0,1.09,90.7679009949765,4.3,3.6,4.0,19.0,78.0,False,3.101645692158761
99279,34.0,1,1.0,35520.37277178589,1.0,136.0,2513.0,94.33,6253.0,2956.0,1809.0,0.0,0.0,0.0,720.0,0.51,125.53904310654625,3.9,2.7,3.5,15.0,95.0,False,2.115358592692828
99280,31.0,0,3.0,216728.35497933187,2.0,144.0,2608.0,63.06,3223.0,1684.0,1351.0,480.0,360.0,1320.0,480.0,1.03,99.59635642973038,4.8,3.5,4.3,16.0,95.0,False,1.913895486935867
99282,42.0,1,4.0,26880.96803997556,2.0,144.0,3222.0,106.43,5653.0,3346.0,1762.0,0.0,240.0,240.0,360.0,0.58,115.80012262477744,3.7,3.5,4.2,7.0,90.0,False,1.6894799760908548
99283,68.0,0,6.0,16790.887585239543,2.0,138.0,2305.0,114.56999999999998,5015.0,2606.0,1548.0,0.0,170.0,170.0,180.0,0.86,94.31538324302905,4.1,3.6,4.0,16.0,105.0,False,1.9244052187260168
99284,37.0,0,2.0,39865.61116422222,1.0,138.0,2055.0,58.540000000000006,3628.0,2003.0,1184.0,0.0,0.0,0.0,720.0,0.69,122.23621002216132,4.0,3.2,4.4,11.0,82.0,False,1.8112830753869196
99285,61.0,1,1.0,14798.222756902456,2.0,135.0,1583.0,69.75999999999999,3825.0,2284.0,778.0,0.0,540.0,540.0,240.0,0.7,98.33483510581422,4.0,3.0,3.7,16.0,174.0,False,1.674693520140105
99287,57.0,0,1.0,38482.77556885998,1.0,148.0,2652.0,103.96,5372.0,2504.0,1469.0,300.0,1320.0,1920.0,420.0,0.86,100.99354512840316,4.0,2.9,4.4,18.0,99.0,False,2.1453674121405752
99289,64.0,1,3.0,62405.10239012473,1.0,142.0,1215.0,57.61000000000001,2389.0,1863.0,1019.0,60.0,360.0,480.0,480.0,0.67,97.54139699296591,4.1,2.8,3.9,15.0,99.0,False,1.2823403113258185
99290,61.0,0,3.0,90138.72263664551,2.0,139.0,3564.0,85.5,5127.0,3707.0,1287.0,0.0,0.0,0.0,480.0,1.01,84.61205521901383,4.1,3.4,4.4,16.0,89.0,False,1.3830590774210951
99291,42.0,0,4.0,11676.652621943937,1.0,147.0,3487.0,99.01999999999998,5694.0,2208.0,2029.0,255.0,400.0,910.0,480.0,0.81,112.89242127623127,4.0,3.6,4.2,12.0,339.0,False,2.578804347826087
99292,29.0,0,3.0,80084.21953755654,2.0,142.0,1294.0,57.68,2654.0,1817.0,893.0,1080.0,480.0,2640.0,180.0,0.85,120.63014408056344,4.2,3.5,4.2,12.0,70.0,False,1.4606494221243809
99293,75.0,0,4.0,16743.697742665976,2.0,134.0,2114.0,109.19000000000004,3600.0,3012.0,1495.0,0.0,420.0,420.0,600.0,1.77,39.55814033249142,5.4,2.4,3.9,33.0,104.0,True,1.1952191235059761
99296,77.0,1,3.0,36155.39401578188,1.0,139.0,1302.0,34.95,1496.0,2531.0,731.0,0.0,180.0,180.0,480.0,0.77,79.39991732690974,3.7,4.1,4.1,11.0,86.0,False,0.5910707230343738
99297,32.0,0,3.0,25738.565270537267,1.0,140.0,124.0,1.64,113.0,23.0,19.0,0.0,0.0,0.0,480.0,0.82,119.69211906277243,4.0,3.5,3.9,13.0,95.0,False,4.913043478260869
99303,68.0,1,4.0,18561.062331793397,1.0,147.0,845.0,16.77,1497.0,691.0,466.0,120.0,120.0,360.0,720.0,1.96,27.36596096366528,4.2,3.5,4.0,14.0,94.0,True,2.166425470332851
99304,29.0,0,1.0,93077.3385952862,1.0,134.0,2807.0,135.56,4334.0,3535.0,2398.0,570.0,1530.0,2670.0,300.0,0.84,121.06204831901792,4.0,3.9,4.2,15.0,97.0,False,1.226025459688826
99305,50.0,0,2.0,20627.2276433354,2.0,140.0,2583.0,59.52,2355.0,3850.0,1203.0,0.0,1440.0,1440.0,180.0,1.0,91.6914786098333,4.1,3.2,3.9,20.0,279.0,False,0.6116883116883117
99308,26.0,0,4.0,22671.944656789678,1.0,147.0,1683.0,42.98,2322.0,696.0,705.0,3000.0,2400.0,8400.0,120.0,0.68,131.46970645509327,3.7,2.6,4.0,8.0,90.0,False,3.336206896551724
99309,80.0,1,3.0,35679.80557892981,2.0,141.0,1889.0,78.42000000000002,2929.0,1864.0,1812.0,0.0,0.0,0.0,300.0,0.75,80.43265074726986,4.0,3.8,4.1,25.0,119.0,False,1.571351931330472
99311,80.0,0,3.0,60961.62348217897,1.0,144.0,1342.0,34.12,1143.0,2147.0,911.0,0.0,150.0,150.0,240.0,0.83,88.47638934635755,3.8,3.4,3.9,17.0,187.0,False,0.5323707498835585
99312,70.0,0,3.0,9341.255636326114,2.0,135.0,678.0,31.1,1478.0,2889.0,752.0,0.0,600.0,600.0,240.0,1.03,78.14553247040998,4.7,3.2,4.5,8.0,100.0,False,0.5115957078573901
99313,64.0,1,3.0,12020.121817557882,2.0,139.0,2261.0,104.02,3584.0,2477.0,1608.0,0.0,0.0,0.0,300.0,0.76,87.44715975992492,4.4,4.1,3.9,22.0,88.0,False,1.4469115865966895
99315,22.0,0,4.0,39493.40944380747,2.0,140.0,1094.0,66.85,2892.0,1688.0,1122.0,90.0,980.0,1160.0,240.0,0.93,119.0632273534246,4.6,3.5,4.3,12.0,155.0,False,1.7132701421800949
99316,47.0,0,1.0,65890.48408021328,2.0,136.0,2390.0,114.58,7020.0,4333.0,1979.0,2880.0,240.0,6000.0,180.0,0.64,117.50487188929732,4.2,2.6,4.4,10.0,96.0,False,1.6201246249711516
99318,28.0,1,4.0,20311.661638605907,1.0,141.0,1497.0,43.27,1615.0,1424.0,588.0,0.0,0.0,0.0,360.0,1.08,71.7546062788217,3.6,3.1,3.8,11.0,84.0,False,1.134129213483146
99320,30.0,1,6.0,28378.27602342696,2.0,144.0,845.0,56.09999999999999,4085.0,1648.0,869.0,0.0,180.0,180.0,480.0,0.81,100.0862124328966,3.8,4.0,4.3,18.0,89.0,False,2.47876213592233
99321,45.0,0,6.0,11422.15010671211,1.0,134.0,1972.0,102.24,2779.0,2693.0,1704.0,120.0,0.0,240.0,600.0,0.85,109.20429641042752,3.7,3.1,4.8,22.0,100.0,False,1.0319346453769032
99322,35.0,1,4.0,41007.86435842011,1.0,139.0,1979.0,96.6,5056.0,1157.0,1329.0,0.0,0.0,0.0,660.0,0.9,85.49884106387417,4.2,2.9,4.0,8.0,98.0,False,4.3699222126188415
99327,59.0,0,4.0,19141.19367835021,2.0,145.0,2793.0,154.57000000000002,4178.0,2221.0,1739.0,0.0,0.0,0.0,360.0,0.98,88.82774088552983,4.3,2.9,4.0,12.0,109.0,False,1.8811346240432238
99329,60.0,0,6.0,16859.66861395346,1.0,137.0,1126.0,36.77,1872.0,1132.0,519.0,75.0,0.0,150.0,120.0,1.08,78.56161336929316,3.8,3.3,4.0,18.0,82.0,False,1.6537102473498233
99330,35.0,0,3.0,90173.99439182812,1.0,145.0,4810.0,134.03000000000003,5168.0,4851.0,2521.0,300.0,180.0,780.0,720.0,0.79,118.80943620495869,3.8,3.9,4.4,12.0,90.0,False,1.0653473510616367
99332,63.0,1,1.0,17734.618301871586,1.0,146.0,1870.0,75.55,3821.0,2204.0,1173.0,0.0,360.0,360.0,180.0,0.5,105.32276095653113,4.2,3.4,4.0,12.0,189.0,False,1.7336660617059891
99335,46.0,0,7.0,26815.61606600003,2.0,141.0,2245.0,149.27000000000004,4718.0,5041.0,1642.0,2400.0,0.0,4800.0,60.0,1.0,94.00111532617566,5.0,2.7,3.5,10.0,88.0,False,0.9359254116246777
99338,37.0,1,1.0,53728.42225066606,2.0,144.0,2088.0,52.74,2780.0,2294.0,1181.0,0.0,900.0,900.0,300.0,0.68,114.96497672236065,4.5,3.4,3.5,10.0,81.0,False,1.2118570183086312
99339,21.0,1,1.0,60795.26926804702,2.0,136.0,2599.0,93.74,3568.0,3920.0,2373.0,1500.0,600.0,3600.0,120.0,0.48,138.11383578085037,4.0,3.7,3.0,6.0,79.0,False,0.9102040816326531
99340,52.0,1,3.0,60312.82153242248,1.0,142.0,417.0,10.03,717.0,1005.0,185.0,0.0,2100.0,2100.0,120.0,0.73,98.88870236821016,3.6,3.5,4.2,8.0,71.0,False,0.7134328358208956
99341,63.0,1,3.0,170220.75398267456,1.0,141.0,2428.0,84.85,5088.0,3726.0,1422.0,0.0,10.0,10.0,360.0,0.96,66.48100055415969,4.1,4.5,3.8,17.0,92.0,False,1.3655394524959743
99344,45.0,0,6.0,18965.547000822506,2.0,138.0,1357.0,32.95,2172.0,1780.0,834.0,240.0,120.0,600.0,540.0,0.9,107.33540586327024,4.1,3.7,4.4,12.0,88.0,False,1.2202247191011235
99345,52.0,0,1.0,17213.880379545408,2.0,144.0,2109.0,48.61,3309.0,2075.0,1120.0,0.0,0.0,0.0,240.0,0.76,108.14625445743653,3.9,3.7,4.3,11.0,123.0,False,1.594698795180723
99346,26.0,0,6.0,27980.50029217674,2.0,137.0,1990.0,75.11,3245.0,3016.0,1318.0,0.0,0.0,0.0,600.0,1.0,106.4518365242994,3.8,3.8,4.3,11.0,86.0,False,1.0759283819628647
99348,80.0,1,3.0,25687.06334365011,2.0,139.0,1239.0,52.8,2246.0,1444.0,1060.0,0.0,0.0,0.0,600.0,0.76,79.1643384616626,4.4,3.0,3.7,14.0,102.0,False,1.5554016620498614
99349,37.0,0,3.0,74572.86166057321,1.0,138.0,3511.0,213.0,6740.0,4125.0,2929.0,2880.0,0.0,5760.0,300.0,1.16,83.1940923215071,4.2,2.2,4.3,15.0,92.0,False,1.633939393939394
99351,80.0,0,3.0,32083.948124477636,1.0,139.0,1515.0,50.14000000000001,2589.0,1417.0,653.0,0.0,360.0,360.0,240.0,1.79,37.833377281390376,4.8,3.1,3.6,16.0,130.0,True,1.8270995059985886
99353,30.0,1,4.0,35190.20838350729,1.0,144.0,2167.0,81.86,3389.0,1480.0,773.0,0.0,2400.0,2400.0,360.0,0.8,101.58937601542708,4.0,3.5,3.8,11.0,92.0,False,2.2898648648648647
99354,19.0,1,3.0,46401.72067242727,1.0,145.0,1273.0,37.09,1599.0,681.0,841.0,0.0,90.0,90.0,720.0,0.8,108.78258538952257,4.0,4.0,3.9,12.0,76.0,False,2.3480176211453743
99358,43.0,0,6.0,22632.912330494783,2.0,134.0,3503.0,103.07,5348.0,2256.0,2249.0,150.0,540.0,840.0,300.0,1.02,93.52243874294444,4.2,3.7,4.3,15.0,68.0,False,2.370567375886525
99359,37.0,1,6.0,21462.475001459177,2.0,138.0,1523.0,62.55,2117.0,1612.0,959.0,0.0,0.0,0.0,120.0,0.8,97.2615619329154,4.6,3.8,3.6,18.0,82.0,False,1.3132754342431763
99364,52.0,0,7.0,20277.62344794664,2.0,137.0,1568.0,89.45,2447.0,2135.0,1346.0,0.0,0.0,0.0,360.0,0.73,109.46963846213376,4.1,3.4,4.0,14.0,86.0,False,1.146135831381733
99366,47.0,1,1.0,46444.58732916766,2.0,143.0,1815.0,88.61,3476.0,1861.0,1041.0,0.0,0.0,0.0,240.0,0.58,112.25455726091992,3.8,3.0,3.5,7.0,107.0,False,1.8678130037614187
99370,48.0,1,4.0,12745.175087775322,1.0,144.0,2787.0,107.45,2272.0,5805.0,1544.0,0.0,0.0,0.0,600.0,0.88,81.01378703394356,4.2,4.6,3.6,19.0,94.0,False,0.3913867355727821
99372,67.0,1,3.0,251699.87079562145,2.0,147.0,4420.0,128.87,4516.0,1899.0,2497.0,0.0,90.0,90.0,240.0,0.96,64.84754163948331,4.3,3.5,3.9,15.0,82.0,False,2.3780937335439707
99374,60.0,1,3.0,33134.481428085506,2.0,137.0,3109.0,53.33,2741.0,3999.0,825.0,0.0,315.0,315.0,600.0,0.6,102.69341062358453,3.7,4.0,4.2,8.0,94.0,False,0.6854213553388347
99376,53.0,0,7.0,20457.14342982317,1.0,147.0,1341.0,81.23,3605.0,1793.0,1089.0,0.0,0.0,0.0,480.0,1.29,66.30072860348848,3.8,2.7,4.0,16.0,143.0,False,2.010596765197992
99377,80.0,1,2.0,27252.696003331963,2.0,134.0,1217.0,29.49,1241.0,2171.0,653.0,0.0,0.0,0.0,420.0,0.73,83.0842044052104,3.7,3.6,3.6,23.0,107.0,False,0.5716259788116076
99378,36.0,1,1.0,36224.45065043591,2.0,148.0,2535.0,103.86,3681.0,3922.0,2437.0,180.0,0.0,360.0,480.0,0.62,118.28639991589417,3.8,4.1,4.0,9.0,91.0,False,0.9385517593064763
99383,75.0,1,4.0,9320.54387746001,1.0,145.0,2172.0,71.69,2525.0,1631.0,1482.0,0.0,0.0,0.0,360.0,1.36,40.62227534616975,3.9,3.8,4.4,27.0,87.0,True,1.5481299816063765
99385,68.0,1,3.0,189142.3029489108,1.0,135.0,1512.0,58.32,2680.0,2345.0,837.0,120.0,990.0,1230.0,360.0,0.83,76.7404387548907,3.8,3.1,4.2,16.0,99.0,False,1.1428571428571428
99388,55.0,1,4.0,17290.908971835048,2.0,145.0,3155.0,90.7,4377.0,3128.0,1619.0,0.0,0.0,0.0,360.0,0.68,102.78918416545584,4.0,2.9,3.8,14.0,159.0,False,1.3992966751918159
99389,59.0,1,3.0,145519.6123391161,2.0,137.0,2317.0,150.33,2800.0,2985.0,1532.0,72.0,0.0,144.0,720.0,0.6,103.3340819315602,3.7,2.8,3.6,10.0,92.0,False,0.9380234505862647
99390,41.0,1,7.0,28726.224618310425,1.0,147.0,1383.0,59.78,2851.0,1021.0,952.0,1800.0,1800.0,5400.0,120.0,0.8,94.87181502672615,3.4,3.0,3.9,13.0,83.0,False,2.792360430950049
99393,70.0,0,2.0,15123.994241594151,1.0,145.0,3323.0,58.88,3205.0,2534.0,1136.0,0.0,600.0,600.0,360.0,1.0,80.96714473557303,4.2,4.3,4.3,15.0,96.0,False,1.2647987371744278
99394,20.0,0,4.0,15054.77117045377,1.0,147.0,2941.0,94.34,5512.0,4764.0,1757.0,60.0,360.0,480.0,120.0,1.04,105.41907392336918,4.0,4.8,4.6,14.0,73.0,False,1.1570109151973131
99396,22.0,1,1.0,31753.74585229734,2.0,144.0,2599.0,98.13,5071.0,2020.0,1196.0,20.0,10.0,50.0,300.0,0.56,132.2519252683416,4.4,3.4,3.9,11.0,89.0,False,2.51039603960396
99401,22.0,1,6.0,20890.80158979772,2.0,135.0,1321.0,78.21999999999998,2412.0,2250.0,1299.0,150.0,140.0,440.0,240.0,0.74,117.24282497074609,3.9,3.9,4.2,11.0,78.0,False,1.072
99402,60.0,0,4.0,9627.455683523522,1.0,139.0,2970.0,117.62999999999998,5095.0,4034.0,1647.0,180.0,0.0,360.0,360.0,1.26,65.29414602197093,3.9,3.7,4.0,13.0,92.0,False,1.2630143777887952
99404,34.0,1,2.0,83646.42062302885,2.0,146.0,2283.0,99.74,3757.0,2591.0,1203.0,0.0,180.0,180.0,120.0,0.6,120.71709480821856,3.8,4.3,4.1,13.0,95.0,False,1.4500192975685064
99407,49.0,1,4.0,19859.68300403279,1.0,144.0,3467.0,73.92,4036.0,2100.0,1381.0,0.0,0.0,0.0,720.0,0.8,90.26702900367675,3.9,3.6,4.0,11.0,87.0,False,1.921904761904762
99410,52.0,1,3.0,13877.958143862135,2.0,143.0,2257.0,69.2,3469.0,1412.0,1547.0,0.0,0.0,0.0,600.0,0.57,109.27460608392252,4.1,3.6,3.5,8.0,97.0,False,2.4567988668555243
99412,70.0,0,2.0,10980.243619235602,1.0,147.0,1160.0,53.510000000000005,1550.0,1717.0,853.0,20.0,40.0,80.0,660.0,1.02,79.06579066241294,4.5,3.0,4.2,14.0,165.0,False,0.9027373325567851
99415,73.0,1,4.0,35831.99654224145,1.0,136.0,2310.0,123.65,4190.0,2179.0,1578.0,0.0,60.0,60.0,300.0,0.72,88.22952783458541,3.9,3.2,4.0,16.0,142.0,False,1.9229004130335017
99416,45.0,0,2.0,96775.6462840563,2.0,144.0,2571.0,87.21000000000001,3213.0,2429.0,1358.0,240.0,1960.0,2440.0,180.0,1.03,91.29129011198027,3.3,3.7,4.2,18.0,92.0,False,1.3227665706051874
99417,18.0,0,6.0,13158.858295940205,2.0,136.0,2382.0,120.73,5822.0,3023.0,1838.0,0.0,150.0,150.0,540.0,0.75,134.14761137734078,4.2,3.7,4.8,11.0,87.0,False,1.9259014224280515
99418,61.0,1,4.0,27714.64235339205,2.0,140.0,886.0,38.01,1547.0,884.0,503.0,0.0,45.0,45.0,360.0,0.9,72.73342360634128,3.9,4.0,3.9,16.0,84.0,False,1.75
99419,46.0,0,1.0,17988.40146719644,2.0,136.0,2778.0,116.14,3098.0,4597.0,1835.0,0.0,0.0,0.0,60.0,0.98,96.30785621911429,4.5,4.4,4.4,13.0,89.0,False,0.6739177724603002
99420,51.0,1,4.0,26093.103852011423,1.0,144.0,1192.0,36.040000000000006,2031.0,605.0,733.0,0.0,0.0,0.0,180.0,0.88,79.51625379717913,3.8,4.0,4.4,20.0,91.0,False,3.3570247933884296
99421,61.0,0,4.0,6214.242375086312,1.0,144.0,2361.0,112.17,3731.0,3747.0,1261.0,0.0,120.0,120.0,720.0,0.87,98.16875991005574,4.1,2.6,3.9,17.0,105.0,False,0.9957299172671471
99424,54.0,0,4.0,16147.60423790875,1.0,145.0,3543.0,132.78,6455.0,4164.0,2219.0,0.0,0.0,0.0,180.0,1.27,67.13677579600252,4.0,3.2,4.0,9.0,93.0,False,1.5501921229586935
99425,57.0,1,4.0,13124.508911735238,1.0,140.0,1131.0,41.17,2423.0,1502.0,757.0,0.0,300.0,300.0,480.0,0.84,81.00166183314259,4.0,2.7,3.7,6.0,140.0,False,1.6131824234354195
99427,45.0,1,3.0,24952.686033593203,1.0,145.0,1372.0,76.05,4373.0,1844.0,1198.0,0.0,0.0,0.0,300.0,0.89,81.42788513905846,3.6,2.7,3.7,13.0,129.0,False,2.371475054229935
99428,19.0,1,2.0,15923.043423750656,1.0,146.0,2999.0,56.00000000000001,4033.0,2421.0,1173.0,480.0,40.0,1000.0,540.0,0.71,125.53283653072975,4.5,4.4,4.5,8.0,87.0,False,1.6658405617513423
99430,36.0,0,1.0,79032.33466450064,2.0,142.0,3121.0,111.42,5451.0,3061.0,1644.0,1440.0,1440.0,4320.0,240.0,0.89,113.8983747300968,4.4,3.2,3.7,16.0,95.0,False,1.7807905913100295
99435,20.0,0,2.0,54946.984121138514,1.0,146.0,2384.0,130.38,4445.0,2800.0,1600.0,360.0,330.0,1050.0,480.0,0.98,113.21081400824636,3.8,4.0,4.9,16.0,87.0,False,1.5875
99436,22.0,1,4.0,22536.59955211861,2.0,147.0,2639.0,96.5,4257.0,1703.0,1137.0,0.0,0.0,0.0,300.0,0.63,128.5506405819294,4.6,3.8,4.1,10.0,99.0,False,2.4997064004697593
99437,80.0,1,3.0,53929.68332349794,2.0,137.0,2150.0,64.38,2486.0,1767.0,1194.0,0.0,0.0,0.0,360.0,1.24,43.994650856574886,4.5,3.7,4.2,31.0,90.0,True,1.4069043576683644
99440,55.0,1,6.0,16693.864807083402,1.0,138.0,1314.0,54.14,2309.0,1630.0,870.0,0.0,0.0,0.0,60.0,0.65,103.91301552500636,3.9,4.3,4.1,17.0,86.0,False,1.4165644171779141
99441,65.0,1,2.0,27935.32955809417,2.0,147.0,1843.0,50.19,2609.0,1904.0,964.0,0.0,210.0,210.0,120.0,0.69,96.25191088176868,4.5,4.1,4.0,17.0,95.0,False,1.3702731092436975
99442,35.0,1,3.0,23906.36373071284,2.0,139.0,1931.0,55.43,3246.0,1401.0,935.0,0.0,0.0,0.0,480.0,0.62,119.02435089142097,3.7,2.9,4.1,8.0,86.0,False,2.3169164882226982
99443,57.0,0,3.0,124884.4569385042,2.0,135.0,3544.0,129.56,3913.0,4223.0,2273.0,20.0,180.0,220.0,360.0,1.02,85.7238597205695,4.7,3.4,4.1,15.0,141.0,False,0.9265924698081932
99444,52.0,0,7.0,21988.97325964715,1.0,137.0,2838.0,121.19,4369.0,4255.0,1542.0,75.0,540.0,690.0,300.0,0.89,103.11014688322452,4.0,2.9,4.0,17.0,207.0,False,1.026792009400705
99446,29.0,1,3.0,65200.46556191332,1.0,135.0,1709.0,94.52,2731.0,3289.0,1930.0,0.0,480.0,480.0,540.0,0.84,96.41001301862032,4.3,4.2,4.5,22.0,76.0,False,0.8303435694740042
99448,49.0,0,7.0,24500.754002262373,2.0,139.0,2806.0,87.16,4651.0,2379.0,1594.0,0.0,150.0,150.0,120.0,1.13,79.67752799698384,4.0,2.7,3.8,17.0,93.0,False,1.955023118957545
99449,41.0,0,4.0,18529.79687804033,2.0,147.0,2927.0,135.59,6971.0,3972.0,1895.0,0.0,0.0,0.0,240.0,1.18,79.5022895222958,4.6,3.7,4.4,15.0,93.0,False,1.7550352467270895
99452,63.0,1,3.0,42251.31785422692,1.0,140.0,4488.0,65.36,3736.0,3036.0,1419.0,0.0,0.0,0.0,420.0,0.88,73.79786880992505,3.3,2.9,3.4,18.0,108.0,False,1.230566534914361
99453,29.0,1,2.0,19340.522058911127,2.0,140.0,2217.0,83.43000000000002,3521.0,3197.0,1728.0,0.0,0.0,0.0,240.0,0.63,123.07424832077524,3.8,3.8,4.2,10.0,90.0,False,1.1013450109477636
99454,57.0,0,4.0,18549.631481991124,2.0,146.0,2119.0,53.6,3771.0,1263.0,1208.0,0.0,0.0,0.0,720.0,4.28,15.335198441397058,4.3,3.3,3.5,11.0,188.0,True,2.985748218527316
99456,26.0,0,6.0,12351.870511449406,2.0,144.0,2624.0,90.97,3417.0,4803.0,2477.0,180.0,180.0,540.0,240.0,0.83,123.78892770853832,4.3,3.3,4.7,8.0,106.0,False,0.7114303560274828
99457,40.0,0,1.0,30546.16851947345,2.0,147.0,3225.0,61.64999999999999,3177.0,2878.0,1390.0,50.0,150.0,250.0,60.0,0.85,112.65351914476398,3.9,4.2,4.4,20.0,92.0,False,1.1038915913829048
99459,20.0,1,2.0,41076.72159565412,2.0,144.0,606.0,61.02,1362.0,1399.0,782.0,0.0,0.0,0.0,240.0,0.76,114.97145892546136,4.3,4.2,4.0,10.0,81.0,False,0.9735525375268048
99460,30.0,0,2.0,36260.22712152658,2.0,146.0,1858.0,42.97999999999999,1135.0,3416.0,904.0,120.0,0.0,240.0,120.0,0.88,118.63302035564686,4.2,3.7,4.0,9.0,88.0,False,0.3322599531615925
99461,61.0,0,1.0,9971.037914931972,2.0,136.0,1822.0,96.57000000000002,2403.0,3642.0,1440.0,1240.0,1240.0,3720.0,120.0,0.9,97.16880939309704,4.9,3.8,4.3,24.0,113.0,False,0.6598023064250412
99463,23.0,1,2.0,53906.58469974554,2.0,137.0,2782.0,61.27,4571.0,2590.0,1029.0,0.0,0.0,0.0,480.0,0.66,126.32933833699164,5.0,3.6,4.1,14.0,87.0,False,1.7648648648648648
99464,48.0,0,3.0,155778.33588923255,1.0,136.0,4426.0,85.1,5065.0,5695.0,2706.0,0.0,0.0,0.0,660.0,0.73,112.22709313676864,4.4,4.0,3.6,12.0,88.0,False,0.8893766461808604
99465,70.0,1,2.0,25323.083957698316,2.0,134.0,917.0,39.08000000000001,1446.0,1102.0,732.0,0.0,1960.0,1960.0,300.0,0.76,84.24413256046056,3.8,3.2,4.0,9.0,141.0,False,1.3121597096188748
99466,29.0,1,2.0,22591.711265182883,1.0,147.0,1441.0,64.48000000000002,2613.0,1529.0,885.0,0.0,0.0,0.0,60.0,0.5,130.1237268571808,4.0,3.6,3.6,12.0,92.0,False,1.7089601046435579
99469,59.0,0,3.0,236419.3642399322,2.0,140.0,3078.0,90.02000000000001,3935.0,3693.0,1689.0,140.0,0.0,280.0,480.0,1.01,85.67108345743796,4.4,2.9,3.9,16.0,98.0,False,1.065529379907934
99470,56.0,1,4.0,21913.208570481664,2.0,144.0,1645.0,61.18000000000001,3122.0,1118.0,996.0,0.0,0.0,0.0,600.0,0.75,93.38057929023518,3.9,3.3,3.7,13.0,119.0,False,2.7924865831842576
99471,19.0,0,4.0,9375.809571136751,1.0,147.0,1791.0,72.95,4356.0,1412.0,1480.0,720.0,60.0,1500.0,480.0,1.03,107.3137921575814,4.0,4.2,4.4,12.0,84.0,False,3.084985835694051
99473,41.0,0,3.0,214086.93362587527,2.0,143.0,1283.0,42.85999999999999,2626.0,2016.0,852.0,2100.0,3240.0,7440.0,180.0,1.01,95.8191680907782,4.4,3.2,3.9,12.0,101.0,False,1.3025793650793651
99474,63.0,1,3.0,33134.481428085506,1.0,135.0,918.0,50.870000000000005,1941.0,1935.0,972.0,0.0,0.0,0.0,540.0,1.28,47.07291177117871,4.2,3.8,4.0,22.0,98.0,True,1.0031007751937984
99475,60.0,0,4.0,6718.396448505198,1.0,144.0,2220.0,85.67,1962.0,3935.0,897.0,360.0,450.0,1170.0,120.0,1.54,51.320872987248656,4.0,3.6,4.1,8.0,96.0,True,0.4986022871664549
99477,63.0,0,1.0,11284.22729765528,1.0,137.0,2225.0,77.52000000000001,3623.0,4192.0,1268.0,300.0,60.0,660.0,15.0,0.83,98.34324175540316,3.9,3.4,4.2,18.0,109.0,False,0.8642652671755725
99479,58.0,1,1.0,12760.378824906626,2.0,148.0,3208.0,78.97,5391.0,2520.0,1382.0,0.0,240.0,240.0,600.0,0.52,107.62724870442791,4.2,4.7,3.5,10.0,108.0,False,2.1392857142857142
99481,32.0,1,3.0,41688.9373505086,2.0,139.0,2090.0,35.28,2129.0,871.0,782.0,60.0,1260.0,1380.0,480.0,0.81,98.8489907127346,3.4,3.2,4.1,10.0,83.0,False,2.444316877152698
99483,74.0,0,3.0,24906.691007971065,2.0,142.0,3508.0,97.02,4513.0,3712.0,2473.0,0.0,1020.0,1020.0,180.0,1.07,72.81892457787077,4.7,3.9,4.7,19.0,99.0,False,1.2157866379310345
99484,51.0,1,2.0,13689.446709524342,2.0,140.0,2678.0,97.58,1894.0,2436.0,1267.0,1260.0,1260.0,3780.0,300.0,0.62,107.75060076297936,4.3,3.2,3.8,13.0,95.0,False,0.777504105090312
99488,57.0,0,1.0,37792.245565417645,2.0,143.0,1905.0,68.35000000000001,2363.0,1364.0,780.0,720.0,1260.0,2700.0,120.0,0.95,93.35844227388893,4.3,3.2,4.0,17.0,100.0,False,1.7324046920821115
99489,51.0,0,6.0,12266.247663969783,1.0,143.0,3120.0,108.99,6226.0,2730.0,1430.0,0.0,0.0,0.0,240.0,0.76,108.820944312172,3.6,3.5,4.7,13.0,91.0,False,2.2805860805860805
99491,18.0,0,1.0,42775.03188296692,2.0,144.0,3665.0,107.35,6328.0,3123.0,1904.0,240.0,480.0,960.0,300.0,1.09,100.8903018887373,4.0,2.9,4.6,14.0,75.0,False,2.0262568043547873
99492,80.0,0,3.0,56868.90765695447,1.0,146.0,1722.0,58.54000000000001,3653.0,2703.0,1166.0,0.0,180.0,180.0,240.0,0.86,87.53272377595053,4.2,4.4,3.7,14.0,102.0,False,1.3514613392526822
99494,46.0,1,1.0,14629.279361759456,2.0,137.0,2103.0,59.52,3196.0,1979.0,1073.0,0.0,0.0,0.0,240.0,0.65,109.8952740615666,4.1,3.4,3.6,15.0,88.0,False,1.6149570490146539
99495,43.0,1,3.0,83042.00790151171,1.0,138.0,616.0,23.04,874.0,2113.0,620.0,1800.0,1920.0,5520.0,180.0,0.63,112.81142515181276,4.3,3.9,4.2,9.0,91.0,False,0.41362991008045435
99496,43.0,1,4.0,21330.078016897776,2.0,144.0,1278.0,43.28,1731.0,1277.0,1172.0,0.0,0.0,0.0,360.0,0.59,114.60902642795718,3.7,3.2,4.0,11.0,139.0,False,1.355520751761942
99497,56.0,1,6.0,27851.93098462957,2.0,135.0,1725.0,58.650000000000006,2219.0,1953.0,1160.0,225.0,300.0,750.0,300.0,0.65,103.26875482875136,4.0,3.2,4.0,14.0,108.0,False,1.136200716845878
99498,32.0,0,6.0,18433.46626223132,2.0,136.0,2169.0,69.29,4711.0,5423.0,1447.0,360.0,360.0,1080.0,300.0,0.78,121.51356690730468,4.4,3.5,4.4,15.0,90.0,False,0.8687073575511709
99499,70.0,0,6.0,27241.47092688905,2.0,134.0,2417.0,116.28,3780.0,5040.0,2125.0,0.0,135.0,135.0,360.0,1.04,77.24472248159451,4.1,3.9,4.0,15.0,91.0,False,0.75
99500,61.0,0,1.0,14569.453569066409,2.0,135.0,3690.0,256.31,5980.0,6381.0,3133.0,630.0,0.0,1260.0,240.0,1.0,85.62841253083518,4.0,3.8,4.3,20.0,82.0,False,0.9371571853941388
99501,78.0,1,4.0,14260.866046896595,1.0,134.0,1306.0,49.47,1870.0,2787.0,861.0,0.0,90.0,90.0,300.0,0.84,71.08414917028851,3.8,3.1,4.1,17.0,89.0,False,0.6709723717258701
99502,18.0,0,1.0,12393.651292493769,2.0,148.0,3624.0,174.44,5887.0,5152.0,2631.0,450.0,270.0,1170.0,420.0,0.8,131.55830504425646,4.2,4.3,4.6,18.0,94.0,False,1.142663043478261
99503,61.0,1,4.0,9367.957247728194,1.0,139.0,1668.0,82.03999999999999,2554.0,2465.0,1200.0,300.0,390.0,990.0,360.0,0.79,85.04965031547864,3.7,4.8,4.3,18.0,100.0,False,1.036105476673428
99506,69.0,0,4.0,4751.229363011819,2.0,148.0,3948.0,176.54,7708.0,4845.0,2051.0,480.0,240.0,1200.0,480.0,1.3,59.467243663401554,4.6,3.5,3.2,23.0,87.0,True,1.5909184726522188
99509,73.0,1,3.0,28105.121379929857,2.0,139.0,2111.0,65.03,4438.0,1790.0,1508.0,0.0,720.0,720.0,180.0,0.79,78.93333295505872,4.2,2.7,4.2,14.0,98.0,False,2.4793296089385475
99510,35.0,1,6.0,17495.31896402768,1.0,138.0,2222.0,121.49,4894.0,4759.0,1891.0,0.0,0.0,0.0,300.0,0.45,128.5813564702425,4.0,3.8,4.3,7.0,89.0,False,1.028367304055474
99511,55.0,1,3.0,281295.9840282676,1.0,145.0,2555.0,106.73000000000002,5156.0,4065.0,1810.0,0.0,1200.0,1200.0,180.0,0.77,91.04208962485208,4.0,3.9,4.4,15.0,89.0,False,1.2683886838868388
99512,65.0,1,4.0,6999.401208597024,1.0,147.0,1027.0,30.75,1357.0,457.0,457.0,0.0,0.0,0.0,180.0,0.84,77.0700903738219,3.5,4.6,3.9,12.0,108.0,False,2.9693654266958425
99513,36.0,1,6.0,18414.216061207597,1.0,141.0,1671.0,76.09,3974.0,3569.0,1093.0,60.0,90.0,210.0,480.0,0.82,95.01093867388856,4.3,4.1,4.1,15.0,100.0,False,1.1134771644718409
99517,39.0,1,1.0,38006.43001628704,1.0,142.0,2062.0,49.220000000000006,2648.0,1169.0,759.0,0.0,0.0,0.0,660.0,0.78,99.02245416409656,3.8,4.2,4.3,12.0,84.0,False,2.2651839178785287
99518,80.0,0,4.0,17009.41728715997,1.0,136.0,2585.0,88.71999999999998,4633.0,2229.0,1051.0,0.0,180.0,180.0,360.0,1.88,35.67051087358937,3.9,3.6,3.9,40.0,163.0,True,2.0785105428443247
99521,77.0,1,4.0,17379.169251480565,2.0,142.0,2954.0,110.36,5689.0,3895.0,1668.0,0.0,0.0,0.0,360.0,0.96,60.9373327106254,3.6,3.8,3.5,18.0,102.0,False,1.4605905006418485
99522,68.0,0,2.0,15302.249505393196,2.0,140.0,2372.0,72.19,4097.0,2302.0,1230.0,0.0,0.0,0.0,480.0,1.32,58.75192788487624,3.4,2.4,3.9,16.0,67.0,True,1.7797567332754127
99524,80.0,0,2.0,17045.995811453617,2.0,146.0,1996.0,58.67,2795.0,3079.0,961.0,0.0,0.0,0.0,120.0,1.29,56.05199777710408,4.4,2.9,3.9,17.0,130.0,True,0.90776226047418
99525,26.0,1,3.0,61526.907835915976,2.0,146.0,2790.0,75.88,3591.0,2449.0,1335.0,2040.0,2400.0,6480.0,240.0,0.73,116.24462355234466,4.1,3.6,4.5,8.0,83.0,False,1.4663127807268272
99531,55.0,1,1.0,18218.08350100814,1.0,135.0,1562.0,45.84,2346.0,3039.0,1101.0,0.0,0.0,0.0,180.0,0.62,105.10313490189264,4.1,3.7,3.6,7.0,94.0,False,0.771964461994077
99532,63.0,1,6.0,7772.2765297271,1.0,138.0,2211.0,95.21,6752.0,3286.0,1600.0,0.0,0.0,0.0,360.0,0.7,97.1192631415636,3.9,4.4,4.4,15.0,85.0,False,2.0547778454047476
99533,73.0,1,3.0,77270.99796015296,2.0,140.0,2667.0,76.15,3184.0,2204.0,1327.0,90.0,525.0,705.0,720.0,0.63,93.61013207823233,4.7,3.1,3.9,14.0,91.0,False,1.4446460980036298
99535,72.0,0,1.0,15162.44011085874,2.0,148.0,2840.0,109.67999999999998,3435.0,2564.0,2422.0,480.0,1560.0,2520.0,180.0,0.89,91.05027329666066,4.6,2.7,4.0,15.0,156.0,False,1.3397035881435257
99536,36.0,1,4.0,18406.08399529067,1.0,137.0,3496.0,150.70999999999998,6780.0,3004.0,2543.0,840.0,1680.0,3360.0,360.0,0.88,87.29131280814585,4.3,4.1,4.1,17.0,96.0,False,2.2569906790945407
99538,66.0,0,3.0,182443.74137350303,1.0,142.0,2562.0,111.87,4224.0,2604.0,1360.0,240.0,240.0,720.0,360.0,1.08,75.68404724654566,4.0,2.2,4.0,14.0,104.0,False,1.6221198156682028
99539,22.0,0,4.0,39125.599693728254,2.0,142.0,3591.0,130.27,5780.0,3219.0,2149.0,1200.0,1800.0,4200.0,180.0,1.48,68.1778231063095,4.5,2.7,3.7,14.0,93.0,False,1.7955886921404163
99540,57.0,0,7.0,25205.802938934918,1.0,139.0,4707.0,100.54,5979.0,4021.0,2596.0,0.0,0.0,0.0,300.0,1.36,60.69811903663931,3.9,4.8,4.0,16.0,68.0,False,1.486943546381497
99541,43.0,0,4.0,38051.70724272164,1.0,141.0,963.0,63.56,1839.0,1246.0,620.0,0.0,0.0,0.0,480.0,0.9,108.67884593806436,3.9,2.9,4.2,14.0,106.0,False,1.4759229534510434
99543,69.0,0,6.0,8625.740239179018,1.0,134.0,1347.0,51.97,1768.0,1779.0,990.0,0.0,270.0,270.0,240.0,0.85,94.06228896889864,4.1,3.8,4.0,14.0,94.0,False,0.9938167509836987
99545,29.0,0,1.0,20707.41182737659,1.0,147.0,3923.0,112.99,4793.0,2910.0,2275.0,180.0,3360.0,3720.0,180.0,0.75,125.27714877326898,4.0,4.0,4.7,11.0,76.0,False,1.6470790378006872
99548,66.0,0,1.0,17472.017935780506,1.0,137.0,4215.0,105.58,7029.0,4505.0,2004.0,900.0,900.0,2700.0,360.0,0.9,94.193697128771,4.0,3.3,4.0,20.0,80.0,False,1.560266370699223
99552,18.0,1,4.0,16796.48672054356,2.0,140.0,2943.0,53.2,2138.0,1695.0,1301.0,0.0,0.0,0.0,300.0,0.71,126.31599570409516,3.9,4.1,3.7,7.0,85.0,False,1.2613569321533924
99554,72.0,0,3.0,51182.80039769171,2.0,146.0,1331.0,32.58,2066.0,1496.0,962.0,0.0,180.0,180.0,360.0,1.26,60.598539192705786,3.9,3.5,4.3,17.0,88.0,False,1.3810160427807487
99563,52.0,0,4.0,24869.95598403499,1.0,144.0,2421.0,94.73,3602.0,1912.0,1237.0,0.0,0.0,0.0,120.0,1.29,66.71435762073705,3.5,3.7,4.1,17.0,91.0,False,1.8838912133891212
99564,76.0,1,2.0,38662.26741322257,2.0,142.0,1340.0,36.99,1540.0,1028.0,637.0,360.0,480.0,1200.0,240.0,0.84,71.97385833857227,4.3,3.7,3.9,20.0,88.0,False,1.4980544747081712
99565,80.0,0,4.0,11941.725073246558,2.0,142.0,1799.0,73.00999999999999,3372.0,1932.0,1032.0,0.0,0.0,0.0,600.0,1.14,65.01490418795626,4.0,2.9,3.8,26.0,95.0,False,1.7453416149068324
99568,52.0,1,2.0,44644.851168800094,2.0,134.0,1523.0,93.97,3683.0,2459.0,1121.0,0.0,0.0,0.0,480.0,0.68,104.72501756198751,4.3,3.9,4.0,22.0,95.0,False,1.4977633184221228
99573,25.0,0,4.0,33646.295471976155,2.0,147.0,88.0,1.28,41.0,199.0,96.0,3060.0,2940.0,9060.0,90.0,1.11,94.50756886244584,3.9,3.8,4.2,7.0,82.0,False,0.20603015075376885
99574,63.0,0,3.0,125218.4856070752,1.0,142.0,4730.0,139.61999999999998,6262.0,5473.0,2176.0,0.0,90.0,90.0,180.0,1.04,80.68185418205113,4.4,3.4,4.1,16.0,87.0,False,1.1441622510506122
99575,74.0,1,3.0,158002.05397342643,1.0,148.0,2357.0,89.88000000000001,3516.0,3467.0,2257.0,0.0,60.0,60.0,840.0,0.84,72.87470335659705,3.7,3.4,3.6,15.0,125.0,False,1.0141332564176522
99577,27.0,1,3.0,9883.4583757006,2.0,136.0,2243.0,79.19999999999999,3717.0,2210.0,1563.0,180.0,1680.0,2040.0,300.0,0.77,108.36035764371248,4.2,4.2,4.1,16.0,85.0,False,1.6819004524886878
99580,66.0,0,3.0,111349.57106509629,2.0,146.0,607.0,9.13,693.0,1190.0,256.0,0.0,0.0,0.0,480.0,0.88,94.8351453739903,4.4,3.1,4.3,7.0,92.0,False,0.5823529411764706
99583,23.0,1,3.0,104368.1218467227,2.0,137.0,1589.0,84.17000000000002,1951.0,2366.0,1480.0,180.0,0.0,360.0,120.0,0.73,118.43386385293564,3.8,3.7,4.5,14.0,75.0,False,0.8245984784446323
99584,21.0,0,1.0,92440.18705743154,2.0,136.0,1447.0,68.17,2144.0,2250.0,912.0,0.0,0.0,0.0,90.0,0.91,122.97264817525917,4.5,2.7,4.5,11.0,110.0,False,0.9528888888888889
99585,35.0,0,4.0,60830.23332971913,1.0,139.0,5039.0,185.99000000000004,7747.0,6751.0,3355.0,0.0,0.0,0.0,1200.0,1.05,94.93294006823407,3.9,2.8,4.3,13.0,94.0,False,1.147533698711302
99590,54.0,1,3.0,37046.17168395673,1.0,140.0,2299.0,33.4,2531.0,1882.0,575.0,0.0,0.0,0.0,600.0,0.82,84.94845257671989,4.4,4.5,4.4,13.0,84.0,False,1.344845908607864
99596,48.0,0,6.0,22531.89579257589,2.0,136.0,2794.0,95.38,5770.0,1582.0,1622.0,0.0,0.0,0.0,960.0,1.06,86.56930941372897,4.2,3.5,4.2,15.0,90.0,False,3.647281921618205
99597,80.0,0,3.0,30681.020528722715,1.0,142.0,2277.0,53.530000000000015,2435.0,2289.0,1055.0,0.0,0.0,0.0,720.0,1.23,59.34889190914557,4.0,3.5,3.7,17.0,200.0,True,1.0637833114897335
99599,48.0,1,3.0,254660.52086479636,1.0,142.0,3711.0,109.47,4590.0,3061.0,1576.0,0.0,90.0,90.0,480.0,0.78,93.63206839188908,4.1,3.2,3.4,9.0,92.0,False,1.4995099640640313
99600,55.0,1,4.0,30499.96398743557,2.0,148.0,1434.0,49.39,2877.0,1233.0,811.0,120.0,1500.0,1740.0,120.0,0.74,95.48892931036208,3.9,3.9,4.0,9.0,90.0,False,2.3333333333333335
99602,64.0,1,1.0,9819.729882734026,1.0,136.0,4515.0,257.21000000000004,10287.0,7798.0,3888.0,720.0,720.0,2160.0,360.0,0.74,90.29089447772785,4.1,3.5,4.0,24.0,148.0,False,1.319184406258015
99603,70.0,0,3.0,78493.46118219662,1.0,141.0,1553.0,63.68,3456.0,2051.0,1002.0,0.0,720.0,720.0,240.0,1.14,69.18676152985564,4.4,4.2,4.1,19.0,97.0,False,1.6850316918576305
99604,80.0,0,3.0,30330.630952468586,1.0,147.0,1291.0,45.8,2196.0,1279.0,692.0,10.0,30.0,50.0,240.0,2.0,33.11789719547246,3.7,3.1,4.5,21.0,108.0,True,1.7169663799843629
99605,46.0,0,3.0,100139.23201940984,2.0,141.0,2976.0,133.29000000000002,6159.0,3520.0,2252.0,135.0,1500.0,1770.0,480.0,0.86,108.144565678332,4.2,3.4,4.1,12.0,168.0,False,1.7497159090909091
99606,70.0,1,1.0,46559.27244201436,1.0,148.0,1290.0,34.77,2407.0,916.0,470.0,0.0,90.0,90.0,540.0,0.86,72.6302990059276,3.9,2.1,3.7,17.0,116.0,False,2.6277292576419216
99609,46.0,0,4.0,28140.050124079517,2.0,146.0,2250.0,64.49,3491.0,2368.0,1228.0,120.0,240.0,480.0,660.0,0.84,108.91580072966724,3.7,4.5,3.7,16.0,105.0,False,1.474239864864865
99610,65.0,0,2.0,8265.03728992112,1.0,145.0,2245.0,104.24000000000002,2569.0,4678.0,1973.0,0.0,0.0,0.0,60.0,1.18,68.47869155834026,4.5,4.1,3.4,27.0,64.0,False,0.5491663103890552
99613,38.0,0,4.0,54689.37909089714,2.0,140.0,1780.0,52.09000000000001,2060.0,1343.0,901.0,135.0,135.0,405.0,240.0,1.17,81.83103292796355,4.2,3.6,3.9,15.0,92.0,False,1.533879374534624
99615,63.0,1,3.0,33134.481428085506,2.0,137.0,1297.0,71.83,2491.0,3615.0,911.0,0.0,0.0,0.0,600.0,1.01,62.55144952088235,4.2,4.3,3.8,20.0,110.0,False,0.689073305670816
99616,39.0,1,3.0,131784.6708828513,2.0,142.0,992.0,25.76,1759.0,1324.0,509.0,0.0,180.0,180.0,240.0,0.68,113.5438302647086,4.5,3.8,3.3,8.0,127.0,False,1.3285498489425982
99619,50.0,0,1.0,14159.51885114673,2.0,135.0,3151.0,94.27,5361.0,2603.0,1784.0,1260.0,2520.0,5040.0,120.0,0.98,93.94154215971132,4.3,4.4,4.0,8.0,88.0,False,2.059546676911256
99621,63.0,0,1.0,10885.643242074671,1.0,148.0,1813.0,59.86000000000001,2245.0,3800.0,1394.0,45.0,60.0,150.0,120.0,0.67,104.9135333196934,4.0,2.9,4.0,18.0,205.0,False,0.5907894736842105
99622,61.0,1,3.0,272076.7834195397,2.0,145.0,1894.0,65.59,3387.0,2614.0,771.0,0.0,75.0,75.0,300.0,0.62,101.2534020945155,4.3,4.4,3.8,14.0,92.0,False,1.2957153787299158
99624,45.0,0,3.0,29666.27537315457,2.0,139.0,2548.0,87.83,3362.0,2134.0,1389.0,120.0,120.0,360.0,360.0,1.07,87.21144471347793,3.7,3.3,4.4,16.0,73.0,False,1.5754451733833177
99625,68.0,0,3.0,307165.2600892197,1.0,143.0,1684.0,86.63000000000001,2462.0,3430.0,1277.0,0.0,330.0,330.0,120.0,1.06,76.4440699531734,4.9,3.8,4.2,25.0,92.0,False,0.7177842565597667
99630,73.0,0,3.0,7845.677067997216,2.0,139.0,2431.0,151.45,4142.0,2885.0,1828.0,540.0,840.0,1920.0,60.0,0.95,84.51571603599076,4.2,3.6,4.2,23.0,135.0,False,1.4357019064124783
99631,40.0,0,6.0,13344.489966825684,2.0,143.0,2580.0,118.17,4091.0,2552.0,1940.0,0.0,75.0,75.0,420.0,0.8,114.7350482312626,4.7,3.9,4.4,9.0,78.0,False,1.6030564263322884
99632,18.0,0,3.0,78125.73035596985,2.0,141.0,2664.0,148.92,5318.0,2709.0,1840.0,1140.0,690.0,2970.0,360.0,1.01,110.5542825505086,4.2,4.2,4.3,21.0,95.0,False,1.9630860095976375
99633,60.0,0,1.0,15088.86237917796,1.0,148.0,3278.0,141.69,7152.0,3796.0,2271.0,0.0,270.0,270.0,600.0,1.13,74.40888008573589,4.1,3.1,4.0,17.0,85.0,False,1.8840885142255006
99635,65.0,1,4.0,20403.90183973977,2.0,143.0,1828.0,50.71,2946.0,1196.0,874.0,0.0,0.0,0.0,300.0,0.7,95.91871754308336,3.8,3.8,3.9,7.0,98.0,False,2.463210702341137
99636,53.0,1,1.0,19396.29103401941,2.0,144.0,2163.0,66.15,4143.0,1522.0,1246.0,0.0,0.0,0.0,300.0,0.64,105.60748702038678,4.0,3.0,3.6,11.0,89.0,False,2.722076215505913
99637,30.0,0,6.0,17202.968404445393,2.0,141.0,2415.0,116.33,4917.0,4315.0,1723.0,150.0,135.0,435.0,600.0,0.94,111.83962537807189,3.4,4.6,4.5,15.0,94.0,False,1.139513325608343
99641,23.0,0,4.0,19623.701815303484,2.0,143.0,2297.0,104.56,5544.0,2292.0,1577.0,930.0,1200.0,3060.0,360.0,1.07,99.99899789853237,3.9,2.9,4.0,11.0,100.0,False,2.418848167539267
99643,80.0,1,3.0,21006.517203768177,1.0,142.0,952.0,29.94,1912.0,1262.0,567.0,0.0,0.0,0.0,480.0,0.55,92.60394089853396,3.9,3.5,3.4,9.0,112.0,False,1.515055467511886
99645,80.0,1,4.0,16470.218493556284,1.0,139.0,2315.0,64.24000000000001,3424.0,1880.0,1067.0,0.0,0.0,0.0,180.0,0.89,65.49948566278763,3.3,3.4,3.8,15.0,91.0,False,1.8212765957446808
99647,76.0,0,3.0,15638.6289775029,2.0,146.0,1502.0,44.97,2110.0,2303.0,1139.0,0.0,0.0,0.0,240.0,1.13,67.36101874357229,5.2,3.0,3.8,24.0,99.0,False,0.9161962657403386
99653,53.0,0,2.0,27860.875137324085,1.0,145.0,2582.0,110.67000000000002,4807.0,3029.0,2126.0,0.0,1260.0,1260.0,300.0,1.07,82.97846949788374,4.3,3.6,4.6,17.0,80.0,False,1.586992406734896
99655,38.0,0,4.0,42502.69730552908,1.0,147.0,1793.0,37.37,2514.0,948.0,879.0,0.0,0.0,0.0,240.0,1.09,89.09006375828038,3.7,3.8,4.7,8.0,73.0,False,2.651898734177215
99658,66.0,1,1.0,18357.09058934264,2.0,143.0,1041.0,45.1,1730.0,1189.0,708.0,0.0,0.0,0.0,480.0,4.05,11.597756226811308,4.4,3.0,3.5,25.0,125.0,True,1.4550042052144658
99659,41.0,1,6.0,20246.905360294983,1.0,143.0,2193.0,79.42,2912.0,2021.0,1057.0,0.0,90.0,90.0,60.0,0.78,97.79838215559984,4.2,3.1,4.2,12.0,99.0,False,1.4408708560118753
99660,75.0,0,3.0,65771.95893047091,2.0,140.0,3204.0,122.02,5608.0,3313.0,2032.0,0.0,0.0,0.0,60.0,0.73,94.87908968020037,3.8,3.6,3.1,22.0,153.0,False,1.6927256263205555
99661,48.0,1,4.0,10355.01790659957,2.0,148.0,722.0,16.04,547.0,816.0,347.0,0.0,210.0,210.0,120.0,0.74,99.73786717214946,3.6,4.0,4.2,17.0,89.0,False,0.6703431372549019
99662,65.0,1,4.0,15389.502653741549,2.0,146.0,987.0,21.37,1739.0,1292.0,616.0,0.0,0.0,0.0,240.0,0.86,74.92433034688662,4.9,3.8,3.9,19.0,122.0,False,1.3459752321981424
99665,46.0,1,6.0,19137.66366333898,2.0,138.0,1081.0,42.080000000000005,1731.0,1882.0,756.0,0.0,315.0,315.0,720.0,0.77,96.283370662582,4.5,3.1,3.3,16.0,103.0,False,0.9197662061636557
99668,63.0,0,4.0,7965.880207652902,1.0,140.0,1971.0,90.96,2544.0,3127.0,1989.0,0.0,180.0,180.0,720.0,1.02,82.58395380387805,4.1,3.3,4.1,15.0,100.0,False,0.8135593220338984
99670,66.0,0,4.0,9894.224775289553,2.0,146.0,2854.0,72.55000000000001,2699.0,2566.0,1702.0,0.0,0.0,0.0,360.0,2.62,26.130715716596093,4.6,4.0,3.5,27.0,204.0,True,1.0518316445830085
99672,32.0,1,6.0,17667.439330064644,1.0,148.0,1591.0,46.32000000000001,1314.0,3495.0,694.0,0.0,105.0,105.0,120.0,0.46,130.31085796965084,3.6,3.1,4.0,11.0,99.0,False,0.3759656652360515
99674,71.0,0,3.0,70857.04113312575,1.0,134.0,1572.0,50.7,2016.0,3304.0,1093.0,0.0,180.0,180.0,300.0,0.76,96.09312972122198,4.2,3.0,4.2,16.0,91.0,False,0.6101694915254238
99675,53.0,1,3.0,253959.91043227512,2.0,146.0,2790.0,88.14999999999999,5116.0,3106.0,1578.0,0.0,0.0,0.0,600.0,0.59,107.69827503883356,4.6,3.6,3.9,22.0,117.0,False,1.647134578235673
99676,51.0,1,2.0,36783.32784372025,1.0,139.0,1262.0,37.10999999999999,1519.0,2171.0,573.0,0.0,0.0,0.0,180.0,0.61,108.17368069643727,3.8,3.1,3.9,11.0,90.0,False,0.699677567941041
99679,61.0,0,2.0,17818.035509777947,1.0,143.0,2150.0,134.55,4085.0,3957.0,1898.0,1200.0,570.0,2970.0,180.0,0.9,97.16880939309704,3.8,2.8,4.3,18.0,119.0,False,1.032347738185494
99680,62.0,0,4.0,10147.059679432108,2.0,146.0,3070.0,112.73,4959.0,3215.0,1648.0,0.0,0.0,0.0,300.0,0.97,88.26546306495118,4.5,3.6,3.7,10.0,88.0,False,1.542457231726283
99682,80.0,0,3.0,71078.65519740571,2.0,147.0,3257.0,97.84,4067.0,5352.0,2417.0,0.0,0.0,0.0,480.0,1.01,75.18186588089276,4.3,3.6,3.9,23.0,180.0,False,0.7599028400597907
99683,80.0,1,3.0,29053.46370564996,1.0,140.0,1326.0,45.03999999999999,1541.0,1847.0,719.0,0.0,720.0,720.0,480.0,0.76,79.1643384616626,4.3,4.1,4.0,17.0,103.0,False,0.834325933946941
99686,40.0,0,4.0,36182.59433268347,1.0,138.0,3680.0,138.99,6518.0,2411.0,2300.0,2400.0,0.0,4800.0,30.0,0.83,113.46650939047532,3.5,3.2,3.9,14.0,259.0,False,2.7034425549564496
99689,28.0,0,3.0,46738.020910604166,2.0,136.0,2301.0,87.06,4722.0,3125.0,1991.0,1290.0,1650.0,4230.0,480.0,1.03,101.47205915579929,4.2,3.7,4.7,20.0,84.0,False,1.51104
99691,44.0,1,1.0,79640.68385562567,2.0,144.0,1493.0,67.72999999999999,2496.0,2185.0,1033.0,0.0,0.0,0.0,180.0,0.69,109.68077731874412,3.7,3.4,3.4,11.0,75.0,False,1.1423340961098398
99694,48.0,0,3.0,176836.54407164198,2.0,142.0,2173.0,99.5,4638.0,2585.0,1091.0,0.0,120.0,120.0,420.0,0.86,106.80773014102536,4.0,3.8,4.0,10.0,168.0,False,1.7941972920696325
99695,37.0,1,3.0,85777.52884965208,2.0,139.0,1571.0,72.62,3408.0,2102.0,1372.0,0.0,60.0,60.0,600.0,0.74,106.79997729856711,4.6,3.8,3.8,12.0,96.0,False,1.621313035204567
99697,18.0,1,1.0,14818.542887101748,2.0,140.0,901.0,32.79,988.0,1057.0,426.0,180.0,180.0,540.0,120.0,0.55,136.1732929534677,4.5,4.1,3.9,16.0,106.0,False,0.934720908230842
99698,74.0,1,4.0,18254.71734910021,1.0,136.0,1100.0,68.12,2769.0,1648.0,654.0,0.0,40.0,40.0,120.0,1.23,46.11325824911458,3.7,3.4,3.4,24.0,129.0,True,1.6802184466019416
99700,70.0,0,3.0,8026.09616769126,2.0,139.0,1628.0,42.400000000000006,1752.0,1969.0,1087.0,0.0,240.0,240.0,240.0,1.04,77.24472248159451,5.1,2.9,4.0,17.0,96.0,False,0.8897917724733367
99702,65.0,0,4.0,9703.547252790622,1.0,144.0,918.0,27.59,1960.0,935.0,292.0,60.0,270.0,390.0,30.0,1.21,66.44639413660063,3.7,2.9,4.1,14.0,90.0,False,2.0962566844919786
99709,26.0,0,6.0,15581.489033230986,2.0,137.0,2782.0,167.53,4169.0,5361.0,2346.0,180.0,180.0,540.0,480.0,0.92,117.65428950348976,4.2,4.2,4.5,14.0,92.0,False,0.7776534228688677
99710,30.0,1,7.0,4920.603922793248,2.0,140.0,2531.0,88.59,6061.0,2883.0,1520.0,240.0,1320.0,1800.0,120.0,0.64,121.84785353636008,4.4,3.0,4.0,13.0,87.0,False,2.1023239680887964
99714,35.0,1,3.0,71312.94122781816,1.0,142.0,2163.0,79.06000000000002,3512.0,2016.0,1154.0,0.0,120.0,120.0,60.0,0.64,118.11711889319604,3.9,4.4,4.3,8.0,86.0,False,1.742063492063492
99715,24.0,1,4.0,30112.74717925548,1.0,147.0,1358.0,68.19000000000001,2450.0,1517.0,1016.0,0.0,480.0,480.0,600.0,0.54,131.7669235341623,3.5,2.4,3.4,11.0,113.0,False,1.6150296638101516
99716,35.0,0,1.0,7391.875278309208,2.0,135.0,2358.0,67.69,2460.0,1590.0,1361.0,2280.0,2580.0,7140.0,240.0,0.55,132.53933411456612,4.1,3.0,4.0,9.0,100.0,False,1.5471698113207548
99717,60.0,1,4.0,13135.574605854972,2.0,137.0,493.0,66.52,1687.0,1895.0,913.0,1320.0,1440.0,4080.0,240.0,0.73,94.08894899177962,4.0,4.0,4.0,15.0,76.0,False,0.8902374670184696
99720,53.0,0,6.0,13595.943930200396,2.0,138.0,2428.0,62.32,3025.0,3417.0,1460.0,0.0,150.0,150.0,600.0,1.08,82.05734230812072,4.6,3.8,3.9,13.0,285.0,False,0.8852794849282997
99721,20.0,1,4.0,36573.24834703451,2.0,146.0,2169.0,92.04,5355.0,1607.0,1705.0,0.0,480.0,480.0,540.0,0.79,109.75235391379944,4.0,3.6,3.8,10.0,85.0,False,3.3322962041070316
99724,56.0,0,3.0,42996.3199505155,1.0,138.0,2851.0,84.98,4891.0,3862.0,2819.0,0.0,210.0,210.0,240.0,0.84,102.3483422610867,4.4,3.2,4.1,11.0,104.0,False,1.2664422578974626
99726,77.0,1,3.0,59032.09170104026,2.0,145.0,1658.0,61.75,2047.0,1248.0,627.0,0.0,4200.0,4200.0,180.0,0.62,91.66288094217144,4.2,4.1,4.0,21.0,81.0,False,1.640224358974359
99727,78.0,1,3.0,61132.83680672937,1.0,135.0,1423.0,70.97000000000001,3522.0,2913.0,1134.0,0.0,0.0,0.0,360.0,1.01,56.979976305497495,4.0,3.8,4.1,28.0,96.0,True,1.2090628218331616
99736,62.0,0,4.0,9541.304018157423,1.0,145.0,4727.0,163.56,10275.0,4439.0,3210.0,0.0,0.0,0.0,420.0,1.11,75.08087245281033,3.6,3.7,4.8,15.0,158.0,False,2.3147105203874747
99740,64.0,0,3.0,118085.05185851356,2.0,138.0,1715.0,94.99,2286.0,3183.0,1504.0,0.0,300.0,300.0,960.0,1.1,74.96242852039481,4.1,3.9,4.6,20.0,98.0,False,0.7181903864278982
99741,80.0,0,3.0,14344.695132053765,1.0,138.0,1677.0,72.82,1916.0,2759.0,1553.0,0.0,450.0,450.0,240.0,1.05,71.75820881702404,3.8,3.4,4.5,13.0,105.0,False,0.6944545125045306
99744,51.0,1,3.0,84725.34731270155,1.0,145.0,1684.0,23.19,2366.0,1061.0,587.0,0.0,0.0,0.0,300.0,0.92,75.38583072664252,4.1,4.9,4.0,10.0,84.0,False,2.229971724787936
99745,33.0,0,6.0,23012.06650735604,1.0,148.0,2152.0,113.84,6769.0,2019.0,1753.0,360.0,180.0,900.0,600.0,0.92,112.6420932389534,3.9,3.6,4.3,16.0,94.0,False,3.352649826646855
99747,80.0,1,3.0,25648.36852795109,1.0,140.0,1984.0,48.42,2359.0,1666.0,1041.0,0.0,0.0,0.0,420.0,1.28,42.35005065108829,4.5,4.5,4.1,30.0,97.0,True,1.415966386554622
99749,33.0,1,4.0,31523.799980450414,2.0,145.0,3232.0,86.16,3959.0,3033.0,1287.0,360.0,0.0,720.0,420.0,0.71,115.0649984509446,4.5,3.2,3.6,10.0,85.0,False,1.3053082756346852
99751,27.0,1,3.0,60451.96855015758,1.0,142.0,1757.0,95.5,3566.0,3297.0,1363.0,60.0,1080.0,1200.0,600.0,0.73,115.5239068863201,4.1,3.9,4.5,10.0,88.0,False,1.0815893236275402
99758,80.0,1,3.0,32867.49910497672,1.0,134.0,1476.0,74.55,2004.0,2805.0,1239.0,0.0,1680.0,1680.0,240.0,0.78,76.7348015756592,4.0,3.1,4.0,22.0,78.0,False,0.7144385026737968
99759,50.0,0,1.0,13931.730946724518,2.0,136.0,1470.0,87.88,2724.0,1861.0,1331.0,240.0,240.0,720.0,180.0,0.81,107.41297046721546,4.3,2.6,4.0,18.0,111.0,False,1.4637291778613648
99760,67.0,0,4.0,8069.600642213308,1.0,147.0,3010.0,112.54000000000002,4268.0,4851.0,1804.0,0.0,0.0,0.0,480.0,0.78,97.74386403241442,3.8,3.9,4.1,17.0,87.0,False,0.8798185941043084
99762,55.0,1,1.0,21002.990326377527,1.0,138.0,3666.0,249.95,6372.0,5061.0,3463.0,960.0,150.0,2070.0,240.0,0.95,70.75591655455705,4.0,3.7,4.4,25.0,91.0,False,1.2590397154712507
99763,54.0,1,1.0,20178.848956495654,2.0,141.0,1777.0,58.73,2939.0,2494.0,1153.0,0.0,0.0,0.0,180.0,0.5,111.38617835081008,4.1,4.2,4.2,11.0,133.0,False,1.1784282277465918
99765,46.0,1,1.0,28342.76132636528,2.0,148.0,972.0,41.66,1803.0,1415.0,519.0,0.0,0.0,0.0,360.0,0.91,78.79351682347361,4.0,3.4,3.6,15.0,85.0,False,1.2742049469964665
99766,49.0,0,6.0,18072.816431395822,2.0,144.0,972.0,44.73,1754.0,4235.0,1001.0,0.0,225.0,225.0,600.0,0.68,113.94690111539148,4.6,3.3,4.1,9.0,213.0,False,0.4141676505312869
99768,28.0,1,3.0,169162.64400119198,2.0,143.0,2698.0,98.56000000000002,4434.0,2368.0,1405.0,0.0,0.0,0.0,360.0,0.66,122.4613897002012,4.0,3.8,3.9,14.0,137.0,False,1.8724662162162162
99771,19.0,1,7.0,17898.074141202676,2.0,140.0,2303.0,72.21,3902.0,1518.0,884.0,960.0,0.0,1920.0,480.0,0.76,115.68872904554374,4.2,3.0,4.1,8.0,78.0,False,2.570487483530962
99772,43.0,1,4.0,21630.208850761992,2.0,147.0,2112.0,55.74,2775.0,1817.0,1107.0,0.0,0.0,0.0,540.0,0.72,106.32715235539774,3.8,2.9,3.2,7.0,98.0,False,1.5272427077600441
99774,80.0,1,6.0,23171.19830206917,1.0,136.0,2415.0,58.13,6448.0,1729.0,2965.0,0.0,0.0,0.0,660.0,0.56,92.20268385727051,4.0,3.5,3.9,9.0,98.0,False,3.7293233082706765
99776,71.0,0,1.0,22195.129683953677,1.0,148.0,2495.0,115.98,4107.0,3206.0,1672.0,0.0,20.0,20.0,120.0,1.11,70.99377049143222,4.8,3.6,4.1,22.0,238.0,False,1.2810355583281348
99777,21.0,0,3.0,115821.6954125514,1.0,145.0,1780.0,83.74000000000001,3251.0,2212.0,1682.0,1380.0,2100.0,4860.0,300.0,1.13,94.83399892837328,3.9,3.1,4.2,17.0,96.0,False,1.4697106690777577
99779,41.0,1,1.0,25404.43881487004,2.0,144.0,1698.0,54.87,2376.0,880.0,706.0,0.0,0.0,0.0,120.0,0.68,112.14025139426158,4.5,2.4,3.4,9.0,98.0,False,2.7
99782,53.0,1,1.0,29226.4949649034,2.0,147.0,739.0,28.610000000000003,951.0,1084.0,638.0,0.0,2400.0,2400.0,120.0,0.73,98.27559241352726,4.2,3.6,4.1,9.0,110.0,False,0.8773062730627307
99783,35.0,0,1.0,75759.77432563282,2.0,136.0,2484.0,92.92000000000002,2625.0,2535.0,1684.0,110.0,570.0,790.0,180.0,0.54,133.2758316096307,3.5,2.6,4.3,13.0,290.0,False,1.0355029585798816
99785,80.0,1,3.0,96170.7051406744,2.0,147.0,3098.0,83.34,5413.0,3180.0,1731.0,0.0,840.0,840.0,360.0,0.93,62.13357742120354,4.4,3.8,3.7,21.0,119.0,False,1.7022012578616352
99786,44.0,0,3.0,20913.09069840314,1.0,145.0,4225.0,113.0,6760.0,5177.0,2323.0,0.0,720.0,720.0,360.0,1.06,88.74992268948554,3.7,3.6,4.4,16.0,84.0,False,1.305775545682828
99790,24.0,0,6.0,28436.960477377917,2.0,135.0,2144.0,228.49000000000007,5272.0,3035.0,2881.0,360.0,120.0,840.0,480.0,1.06,100.50510814582364,4.0,3.4,4.4,14.0,76.0,False,1.7370675453047777
99792,69.0,0,7.0,17402.69453894784,2.0,139.0,2401.0,70.93,3507.0,2104.0,1238.0,60.0,480.0,600.0,600.0,1.07,75.11891366621163,4.7,3.1,4.2,15.0,93.0,False,1.6668250950570342
99793,26.0,1,3.0,170644.41505755932,2.0,144.0,2114.0,109.81999999999998,3187.0,3125.0,1623.0,0.0,1180.0,1180.0,360.0,0.56,129.00245422380314,4.2,3.0,4.3,11.0,82.0,False,1.01984
99795,21.0,1,2.0,51876.590040869305,1.0,145.0,2910.0,69.41000000000001,3720.0,1661.0,1235.0,0.0,90.0,90.0,240.0,0.63,129.3526268685142,3.4,3.1,3.6,11.0,97.0,False,2.2396146899458156
99804,61.0,0,3.0,49679.98166132306,1.0,142.0,3975.0,151.42000000000002,7866.0,3767.0,3495.0,0.0,30.0,30.0,300.0,1.04,81.69169092087093,4.1,3.3,4.1,19.0,99.0,False,2.0881337934696043
99806,70.0,1,2.0,32589.68298104138,1.0,138.0,1347.0,44.75,1199.0,2364.0,1059.0,0.0,480.0,480.0,120.0,0.88,70.65400211419458,4.4,4.6,4.4,20.0,92.0,False,0.5071912013536379
99807,27.0,0,1.0,58923.72899171701,2.0,140.0,1046.0,44.88,1087.0,854.0,518.0,0.0,1200.0,1200.0,720.0,0.94,113.9459061470093,4.6,3.4,4.7,19.0,87.0,False,1.2728337236533958
99808,39.0,1,2.0,46459.73654303183,2.0,134.0,562.0,32.43,1165.0,1469.0,572.0,0.0,0.0,0.0,120.0,0.71,110.85038106649752,4.4,3.5,3.7,11.0,88.0,False,0.7930565010211028
99811,48.0,1,1.0,25602.19084318703,1.0,147.0,2460.0,106.90000000000002,3511.0,3198.0,2079.0,2400.0,2400.0,7200.0,660.0,0.54,113.49643599580628,3.9,3.7,3.6,19.0,96.0,False,1.0978736710444028
99815,71.0,1,4.0,17500.644906967973,2.0,148.0,863.0,15.659999999999998,1462.0,1341.0,407.0,0.0,90.0,90.0,420.0,0.63,94.78178277288632,4.0,3.4,3.9,13.0,206.0,False,1.0902311707680836
99816,55.0,1,3.0,180906.4636869048,2.0,137.0,2213.0,63.19000000000001,3030.0,2502.0,1308.0,0.0,1080.0,1080.0,360.0,0.81,85.67400410183131,4.4,4.0,4.4,9.0,88.0,False,1.211031175059952
99817,57.0,1,4.0,18578.404218413125,2.0,145.0,1731.0,80.03,2819.0,1852.0,1214.0,240.0,120.0,600.0,300.0,0.85,79.85945855974425,4.6,3.7,4.7,13.0,86.0,False,1.5221382289416847
99819,50.0,0,3.0,294522.5334925484,2.0,134.0,2591.0,75.37000000000003,4207.0,2700.0,1526.0,120.0,960.0,1200.0,120.0,0.96,96.29494657209744,4.2,2.7,4.0,14.0,99.0,False,1.558148148148148
99820,80.0,0,3.0,26273.86965208713,1.0,135.0,1633.0,94.65,3689.0,3240.0,2027.0,0.0,120.0,120.0,540.0,0.53,101.3112473332911,4.6,3.3,3.9,29.0,99.0,False,1.1385802469135802
99824,33.0,1,6.0,14788.271337868786,1.0,137.0,2410.0,95.42,2305.0,3387.0,2031.0,360.0,300.0,1020.0,360.0,0.94,82.167453952645,3.4,2.8,4.0,14.0,89.0,False,0.68054325361677
99825,67.0,0,4.0,5153.812872254941,1.0,147.0,2643.0,124.09000000000002,4002.0,3031.0,2027.0,180.0,0.0,360.0,180.0,0.82,96.27871610704815,4.1,2.7,3.9,18.0,92.0,False,1.3203563180468492
99830,18.0,0,6.0,10456.585653122267,2.0,138.0,4682.0,215.66,10010.0,3463.0,4174.0,360.0,150.0,870.0,360.0,0.85,129.17156757613674,4.2,3.4,4.0,14.0,86.0,False,2.8905573202425643
99833,70.0,0,3.0,70528.6030809053,1.0,135.0,1567.0,56.09,2845.0,1561.0,796.0,0.0,2370.0,2370.0,360.0,0.93,88.33428256148879,4.1,3.1,4.5,22.0,110.0,False,1.8225496476617553
99834,44.0,0,6.0,20541.667248303496,2.0,140.0,2038.0,85.86,3483.0,3112.0,1862.0,0.0,150.0,150.0,300.0,0.82,111.08450006594455,3.5,3.3,4.4,18.0,88.0,False,1.119215938303342
99838,48.0,1,3.0,64760.97828117153,2.0,146.0,1390.0,22.55,1649.0,541.0,384.0,0.0,960.0,960.0,480.0,0.91,77.81950603764923,3.4,3.7,3.8,12.0,93.0,False,3.048059149722736
99839,42.0,0,4.0,16171.906432164316,1.0,144.0,2308.0,87.99000000000001,3628.0,1925.0,1518.0,120.0,90.0,330.0,480.0,0.79,113.74802947808789,3.3,3.7,3.8,15.0,77.0,False,1.8846753246753247
99840,74.0,1,2.0,24978.42678377148,1.0,137.0,1079.0,37.14,1604.0,1747.0,915.0,0.0,0.0,0.0,240.0,0.54,96.55083337241815,4.0,3.4,3.8,9.0,208.0,False,0.9181453921007441
99841,21.0,0,6.0,27474.51181231317,1.0,138.0,644.0,22.4,737.0,1056.0,511.0,540.0,0.0,1080.0,480.0,0.66,136.85042620220895,3.2,3.3,4.8,9.0,85.0,False,0.6979166666666666
99842,47.0,0,3.0,150147.03903889572,2.0,146.0,2492.0,98.77,5235.0,2241.0,1532.0,180.0,0.0,360.0,360.0,0.94,100.6186705123273,3.9,3.0,3.8,15.0,99.0,False,2.3360107095046856
99844,45.0,0,4.0,14691.299075939476,1.0,144.0,1271.0,45.73,2134.0,1267.0,757.0,120.0,360.0,600.0,300.0,1.0,94.58755818693466,4.2,4.2,3.9,11.0,82.0,False,1.6842936069455408
99848,39.0,1,3.0,52087.849075979306,2.0,141.0,2585.0,76.17999999999999,2224.0,2830.0,1338.0,0.0,600.0,600.0,180.0,0.75,103.79434504779844,4.0,3.1,4.2,8.0,96.0,False,0.7858657243816255
99854,69.0,1,3.0,32476.49610743576,2.0,139.0,476.0,27.590000000000003,952.0,774.0,401.0,0.0,240.0,240.0,480.0,1.08,55.60431238979855,4.1,3.9,3.9,22.0,118.0,True,1.2299741602067182
99855,34.0,0,4.0,19640.28158582368,1.0,139.0,1586.0,85.92000000000002,2654.0,2437.0,1093.0,0.0,1200.0,1200.0,300.0,0.99,102.51392552827188,3.8,3.3,4.0,17.0,115.0,False,1.0890439064423472
99856,54.0,0,4.0,26561.668414030635,1.0,143.0,2275.0,68.78000000000002,3066.0,2556.0,986.0,0.0,0.0,0.0,120.0,0.92,98.85065537476594,3.8,2.9,4.0,8.0,86.0,False,1.199530516431925
99857,36.0,1,1.0,46305.26569330613,2.0,148.0,1512.0,40.13,2710.0,2035.0,827.0,270.0,90.0,630.0,480.0,0.68,115.68220640205338,4.4,4.2,3.6,11.0,200.0,False,1.3316953316953317
99858,58.0,0,3.0,93917.311350984,1.0,142.0,1030.0,46.2,1871.0,1558.0,1040.0,1200.0,660.0,3060.0,240.0,0.96,91.62108612217808,4.1,2.8,3.9,20.0,91.0,False,1.2008985879332477
99861,30.0,1,6.0,23157.50731639342,2.0,145.0,1920.0,69.46000000000001,3516.0,5031.0,1185.0,300.0,75.0,675.0,360.0,0.72,115.28087958949364,4.2,3.1,4.5,8.0,74.0,False,0.6988670244484197
99864,36.0,1,3.0,48565.65548883249,2.0,142.0,821.0,46.81,1393.0,928.0,953.0,0.0,0.0,0.0,300.0,0.69,115.27591560975816,3.9,3.0,3.4,13.0,106.0,False,1.5010775862068966
99866,61.0,0,3.0,23179.65544785499,1.0,136.0,1446.0,35.63,1887.0,918.0,805.0,0.0,0.0,0.0,240.0,0.82,99.93930749837216,3.6,3.3,3.9,15.0,106.0,False,2.0555555555555554
99867,29.0,0,3.0,110144.92176848484,2.0,146.0,2053.0,72.43,3604.0,1353.0,1209.0,0.0,1800.0,1800.0,120.0,0.94,112.53735699141868,3.9,4.9,4.1,10.0,93.0,False,2.663710273466371
99868,70.0,1,3.0,170077.08413851622,2.0,145.0,1872.0,83.51,5252.0,2643.0,1234.0,135.0,120.0,390.0,180.0,1.19,49.18805159369168,4.8,3.6,3.8,27.0,112.0,True,1.9871358304956488
99869,24.0,0,3.0,47188.89040672424,2.0,142.0,5446.0,217.09,9079.0,4734.0,3239.0,600.0,1800.0,3000.0,360.0,1.21,85.74577483299508,4.2,3.1,4.3,15.0,85.0,False,1.9178284748626955
99870,80.0,0,3.0,17543.715275086866,2.0,146.0,1690.0,79.81,3074.0,2260.0,1039.0,0.0,0.0,0.0,120.0,0.98,77.9520350653251,4.6,3.8,3.8,15.0,162.0,False,1.3601769911504424
99871,25.0,1,1.0,51165.59152128125,2.0,143.0,2166.0,60.45,2509.0,1879.0,1265.0,0.0,780.0,780.0,120.0,0.74,115.07560092661784,3.9,4.1,3.8,7.0,79.0,False,1.3352847259180416
99872,31.0,1,3.0,50331.92177019567,1.0,137.0,2157.0,94.75,3735.0,2306.0,1666.0,150.0,0.0,300.0,540.0,0.72,114.56613813603876,3.9,4.5,2.6,8.0,66.0,False,1.6196877710320903
99874,60.0,0,6.0,11690.102420038182,2.0,145.0,841.0,43.21,3826.0,1763.0,636.0,0.0,0.0,0.0,60.0,0.77,102.49175453750571,4.4,5.4,4.1,18.0,124.0,False,2.170164492342598
99876,25.0,0,3.0,111398.70987373986,2.0,139.0,2971.0,37.06,1418.0,2886.0,1205.0,360.0,360.0,1080.0,240.0,0.97,111.1035881213219,4.4,4.6,4.4,12.0,89.0,False,0.49133749133749133
99879,27.0,1,4.0,39458.5320391045,2.0,145.0,2062.0,59.38999999999999,4563.0,2173.0,855.0,2400.0,0.0,4800.0,60.0,0.64,124.14261972296302,4.1,3.6,3.9,7.0,83.0,False,2.0998619420156466
99881,55.0,1,6.0,23109.663899651216,2.0,140.0,3192.0,123.0,4803.0,4750.0,1645.0,270.0,1470.0,2010.0,300.0,0.7,102.07360173472712,3.8,3.6,4.4,12.0,83.0,False,1.011157894736842
99883,51.0,0,2.0,52041.21509268557,1.0,135.0,1525.0,51.6,1748.0,3355.0,1175.0,720.0,450.0,1890.0,300.0,0.98,93.35910459832112,4.2,3.5,4.5,13.0,93.0,False,0.5210134128166916
99884,64.0,0,3.0,125158.75038365094,1.0,139.0,3312.0,188.2,7218.0,4419.0,2357.0,480.0,900.0,1860.0,360.0,0.81,98.45609819703203,4.1,4.4,4.4,19.0,135.0,False,1.6334012219959266
99886,63.0,1,3.0,42846.40683808927,1.0,140.0,922.0,46.81999999999999,2091.0,1782.0,855.0,0.0,60.0,60.0,300.0,0.74,90.85419045857098,4.3,3.6,4.2,13.0,102.0,False,1.1734006734006734
99887,27.0,1,3.0,50778.84655196115,2.0,142.0,2553.0,77.99000000000001,4819.0,2111.0,1500.0,180.0,1080.0,1440.0,180.0,0.66,123.22538710022258,4.6,3.8,3.7,10.0,106.0,False,2.2828043581241118
99890,68.0,1,3.0,44542.555083868814,1.0,145.0,2664.0,79.72,3654.0,2263.0,1757.0,0.0,20.0,20.0,300.0,0.66,95.4902169214041,4.1,4.0,4.2,11.0,92.0,False,1.6146707909854177
99891,36.0,1,3.0,120800.98680811396,1.0,144.0,2556.0,87.0,3381.0,2534.0,1488.0,60.0,60.0,180.0,300.0,0.67,116.09598051602612,4.8,3.8,4.1,18.0,85.0,False,1.3342541436464088
99892,19.0,1,3.0,34380.32624956548,1.0,135.0,1560.0,59.36,3444.0,1763.0,1084.0,480.0,900.0,1860.0,120.0,0.83,104.0815257096172,3.8,3.7,4.2,11.0,92.0,False,1.9534883720930232
99893,41.0,1,4.0,25919.42042930301,2.0,140.0,2553.0,103.55,3916.0,2069.0,1764.0,120.0,60.0,300.0,240.0,0.59,116.04350517984818,3.7,2.8,3.9,12.0,84.0,False,1.8927017883035282
99894,32.0,0,1.0,44061.68169002261,2.0,136.0,1708.0,122.94,3577.0,3509.0,2131.0,0.0,0.0,0.0,60.0,0.77,121.988008216631,4.0,3.8,4.5,14.0,108.0,False,1.0193787403818753
99895,73.0,0,2.0,44257.68105125956,2.0,134.0,1716.0,51.72,1530.0,1919.0,882.0,0.0,80.0,80.0,120.0,1.13,68.6296318838255,3.5,2.8,3.4,10.0,109.0,False,0.7972902553413236
99896,47.0,0,2.0,15176.703695240054,2.0,148.0,2974.0,183.64,4456.0,3123.0,1882.0,0.0,0.0,0.0,120.0,0.84,108.2405227651433,3.9,3.8,4.6,11.0,111.0,False,1.4268331732308677
99898,33.0,0,3.0,181531.26724283065,1.0,137.0,3331.0,108.11,4265.0,2520.0,1375.0,60.0,390.0,510.0,600.0,0.95,108.3871455208212,4.0,3.1,4.4,12.0,105.0,False,1.6924603174603174
99899,59.0,0,3.0,347125.7260391691,1.0,143.0,3876.0,141.58,7779.0,3744.0,2331.0,750.0,0.0,1500.0,360.0,1.23,67.62912588402625,3.9,3.8,4.3,23.0,84.0,False,2.077724358974359
99901,36.0,1,4.0,18851.18719841856,1.0,136.0,2486.0,98.25,3734.0,2412.0,1800.0,0.0,0.0,0.0,480.0,0.83,93.63894689734558,3.6,2.9,3.7,11.0,93.0,False,1.5480928689883913
99905,45.0,0,4.0,20617.91310615548,1.0,139.0,2757.0,120.45999999999997,3167.0,3783.0,1979.0,180.0,120.0,480.0,360.0,1.36,65.40144202212637,3.9,3.1,4.3,15.0,94.0,False,0.8371662701559609
99907,66.0,1,3.0,139660.52137471744,2.0,146.0,1077.0,43.11000000000001,2313.0,864.0,957.0,0.0,180.0,180.0,360.0,0.99,62.88655010584429,4.1,3.4,3.9,20.0,94.0,False,2.6770833333333335
99908,63.0,1,1.0,11935.825203346065,1.0,148.0,1429.0,50.27,1855.0,1520.0,805.0,0.0,0.0,0.0,360.0,0.61,100.39440636985336,3.8,4.6,4.1,16.0,104.0,False,1.2203947368421053
99909,42.0,0,2.0,17195.98084277725,2.0,144.0,4028.0,158.67999999999998,6322.0,3448.0,2750.0,720.0,1800.0,3240.0,240.0,1.01,95.2250892486154,4.6,3.5,4.0,16.0,95.0,False,1.8335266821345708
99910,30.0,1,3.0,57240.41421516168,1.0,143.0,1639.0,68.97999999999999,2201.0,1773.0,966.0,0.0,150.0,150.0,420.0,0.82,98.62332818482211,3.5,3.9,4.1,12.0,67.0,False,1.2413987591652567
99913,74.0,0,2.0,14132.86068890506,1.0,140.0,3742.0,109.00000000000004,5502.0,2676.0,2433.0,0.0,0.0,0.0,600.0,1.2,63.45813419391165,4.1,3.6,4.0,16.0,88.0,False,2.0560538116591927
99914,70.0,1,4.0,22378.12796776389,1.0,145.0,1305.0,48.25999999999999,2176.0,1256.0,879.0,0.0,395.0,395.0,360.0,0.86,72.6302990059276,3.9,4.4,4.0,12.0,98.0,False,1.732484076433121
99918,33.0,1,6.0,11559.433960653738,2.0,140.0,2302.0,71.1,6717.0,4029.0,1421.0,0.0,180.0,180.0,60.0,0.63,120.05027566075354,4.2,4.2,3.9,11.0,97.0,False,1.667163067758749
99919,80.0,0,4.0,9790.778221214468,1.0,136.0,3263.0,112.28000000000002,5203.0,2825.0,2483.0,0.0,0.0,0.0,180.0,1.21,60.527997232506735,4.1,2.9,3.9,17.0,101.0,False,1.8417699115044248
99920,36.0,1,3.0,53785.63545885416,1.0,140.0,1967.0,42.46,3063.0,1576.0,1375.0,0.0,0.0,0.0,240.0,0.53,122.84308845271384,4.3,4.0,2.9,6.0,81.0,False,1.9435279187817258
99922,63.0,0,3.0,159744.4306522984,1.0,141.0,3989.0,122.17,7714.0,3445.0,2168.0,0.0,0.0,0.0,720.0,0.92,93.46962164051295,3.9,2.7,4.3,14.0,98.0,False,2.239187227866473
99924,21.0,1,6.0,27790.75512430729,2.0,138.0,1588.0,102.79,3077.0,2760.0,1600.0,780.0,330.0,1890.0,300.0,0.66,127.91051180327857,4.0,3.6,4.4,21.0,81.0,False,1.114855072463768
99925,38.0,0,2.0,72668.72286911632,1.0,134.0,2435.0,106.89,2819.0,3135.0,1426.0,180.0,1620.0,1980.0,300.0,1.38,67.1252882387966,3.9,3.4,4.1,21.0,95.0,False,0.8992025518341308
99926,54.0,1,1.0,14857.74559907032,2.0,144.0,1243.0,39.870000000000005,1553.0,1883.0,756.0,0.0,0.0,0.0,60.0,0.82,84.94845257671989,4.4,3.0,4.1,13.0,103.0,False,0.8247477429633564
99927,25.0,0,1.0,44194.47350615843,2.0,137.0,1987.0,104.87,3633.0,3191.0,1674.0,1680.0,1680.0,5040.0,180.0,0.88,122.3800497702755,4.7,4.5,3.5,11.0,89.0,False,1.1385145722344092
99928,29.0,0,1.0,40641.40736632185,2.0,136.0,1451.0,60.78,2940.0,3007.0,1408.0,0.0,0.0,0.0,720.0,0.65,130.809874321579,4.5,2.4,4.5,11.0,95.0,False,0.9777186564682407
99929,39.0,0,3.0,42286.91604977053,2.0,141.0,3632.0,104.23,3445.0,3476.0,2273.0,0.0,1920.0,1920.0,360.0,0.7,120.20171888409742,4.0,3.5,3.4,16.0,98.0,False,0.9910817031070196
99930,63.0,1,6.0,12626.458452698673,1.0,134.0,1688.0,47.55,1953.0,3602.0,889.0,0.0,0.0,0.0,240.0,0.73,92.3497224540992,3.9,4.2,3.9,14.0,144.0,False,0.5421987784564131
99931,20.0,1,6.0,11211.661921254168,2.0,142.0,2279.0,64.22999999999999,4830.0,1595.0,691.0,540.0,360.0,1440.0,60.0,0.76,114.97145892546136,4.5,4.2,4.4,12.0,82.0,False,3.0282131661442007
99935,42.0,1,1.0,25124.33911416733,2.0,136.0,1317.0,96.03,1791.0,1889.0,1225.0,720.0,2100.0,3540.0,240.0,0.57,116.28650702215116,3.8,3.1,4.4,9.0,74.0,False,0.9481206987824246
99937,54.0,1,2.0,31645.99832349315,1.0,136.0,1009.0,35.67999999999999,1518.0,1688.0,627.0,240.0,100.0,580.0,720.0,0.6,106.5978936710779,4.4,4.0,4.4,10.0,113.0,False,0.8992890995260664
99938,37.0,1,4.0,14898.0779294083,2.0,145.0,884.0,16.37,624.0,1072.0,310.0,0.0,0.0,0.0,240.0,0.8,97.2615619329154,4.1,3.9,4.4,7.0,84.0,False,0.582089552238806
99939,39.0,1,4.0,31290.43402604222,2.0,143.0,2096.0,67.85000000000001,4526.0,1691.0,1299.0,0.0,0.0,0.0,480.0,0.78,99.02245416409656,4.1,3.5,3.9,8.0,79.0,False,2.67652276759314
99942,35.0,1,1.0,32320.73593403508,2.0,141.0,1587.0,82.79000000000003,2705.0,3496.0,1183.0,0.0,0.0,0.0,420.0,0.57,121.46086750634404,4.0,3.8,4.3,11.0,99.0,False,0.773741418764302
99945,74.0,1,6.0,16205.501815300717,2.0,134.0,974.0,53.98,2225.0,1866.0,975.0,0.0,0.0,0.0,480.0,0.6,94.13008947210696,4.2,3.8,4.0,26.0,89.0,False,1.192390139335477
99947,56.0,1,4.0,26167.03511482396,2.0,142.0,1987.0,54.50000000000001,3680.0,1133.0,825.0,0.0,90.0,90.0,600.0,0.75,93.38057929023518,4.0,3.5,3.6,12.0,85.0,False,3.2480141218005296
99948,80.0,1,3.0,34648.03447638096,1.0,146.0,2709.0,80.38,4208.0,3550.0,1879.0,0.0,0.0,0.0,180.0,0.71,85.90053708048798,4.0,3.5,4.8,19.0,119.0,False,1.1853521126760564
99949,21.0,1,6.0,33157.98700031551,1.0,135.0,1020.0,28.21,686.0,664.0,691.0,0.0,180.0,180.0,180.0,0.7,126.10946912928082,3.9,3.4,4.0,12.0,96.0,False,1.033132530120482
99950,80.0,0,4.0,12924.759569716647,2.0,147.0,1064.0,53.4,1595.0,1644.0,733.0,0.0,135.0,135.0,420.0,1.99,33.31770332876354,4.6,4.0,3.9,22.0,110.0,True,0.9701946472019465
99951,38.0,1,2.0,49368.626742373744,1.0,134.0,938.0,52.53,1475.0,869.0,667.0,0.0,0.0,0.0,180.0,0.65,115.501354460837,3.6,2.8,3.8,11.0,89.0,False,1.6973532796317607
99952,61.0,0,3.0,177781.40674975913,2.0,146.0,2170.0,50.98,3417.0,1747.0,908.0,0.0,0.0,0.0,300.0,1.02,83.61759775558961,3.5,3.2,3.6,16.0,86.0,False,1.9559244419004007
99953,73.0,0,4.0,10238.315342058324,1.0,138.0,1942.0,43.00000000000001,2006.0,984.0,684.0,0.0,240.0,240.0,240.0,1.08,72.45982736901301,3.9,3.6,4.5,11.0,100.0,False,2.0386178861788617
99954,71.0,0,6.0,11271.877321740403,1.0,145.0,1401.0,47.05,1411.0,2491.0,1086.0,0.0,540.0,540.0,180.0,0.88,91.93148517836228,4.1,3.7,4.0,13.0,92.0,False,0.5664391810517865
99959,48.0,0,4.0,13017.161296900116,2.0,147.0,3246.0,91.63,4329.0,4141.0,1565.0,0.0,1200.0,1200.0,240.0,1.25,71.02953568956573,4.2,3.2,3.8,16.0,114.0,False,1.0453996619174113
99961,39.0,1,6.0,19023.123052939416,2.0,148.0,1510.0,66.98,2397.0,2658.0,1049.0,120.0,1560.0,1800.0,300.0,0.92,81.2272623239319,4.0,3.7,4.1,14.0,101.0,False,0.9018058690744921
99964,21.0,1,1.0,30756.5402938152,2.0,137.0,2324.0,101.85,3475.0,1995.0,1720.0,0.0,0.0,0.0,120.0,0.63,129.3526268685142,4.0,3.7,4.0,12.0,88.0,False,1.7418546365914787
99966,46.0,1,6.0,15451.143473241313,1.0,140.0,2588.0,112.96,2819.0,5029.0,2407.0,0.0,0.0,0.0,180.0,0.64,110.30666684499973,3.6,3.5,4.2,11.0,102.0,False,0.5605488168621993
99969,69.0,0,4.0,9497.497883253618,1.0,136.0,1266.0,40.93,2093.0,829.0,683.0,0.0,0.0,0.0,300.0,2.45,27.79780670786497,4.5,4.2,3.8,32.0,111.0,True,2.5247285886610373
99977,77.0,1,4.0,19489.979925436688,2.0,143.0,1040.0,25.0,1186.0,1674.0,604.0,480.0,1980.0,2940.0,60.0,1.24,44.82320412400641,4.4,4.0,3.7,16.0,145.0,True,0.7084826762246117
99979,80.0,1,6.0,30172.033441930045,1.0,143.0,1194.0,51.62,1950.0,2033.0,729.0,0.0,0.0,0.0,360.0,0.64,89.28273870282638,3.8,4.4,4.0,21.0,92.0,False,0.9591736350221348
99983,33.0,1,4.0,33009.24955457158,2.0,142.0,619.0,25.73,2512.0,1017.0,362.0,0.0,120.0,120.0,180.0,0.71,115.0649984509446,4.4,3.5,3.5,6.0,92.0,False,2.4700098328416913
99984,54.0,1,2.0,24708.855055025662,2.0,135.0,2050.0,65.76000000000002,5123.0,2459.0,1312.0,300.0,30.0,630.0,540.0,0.87,79.12413802678952,4.2,2.9,3.8,14.0,82.0,False,2.0833672224481496
99985,37.0,1,3.0,146847.4087363054,2.0,147.0,1235.0,66.15,3561.0,2716.0,909.0,225.0,45.0,495.0,360.0,0.76,103.43628481261644,4.3,3.5,3.9,15.0,92.0,False,1.311119293078056
99986,31.0,1,1.0,24811.389708054183,1.0,147.0,1939.0,72.94,4446.0,2598.0,1326.0,0.0,0.0,0.0,120.0,0.52,127.3061673032326,3.7,4.0,3.3,6.0,78.0,False,1.7113163972286374
99987,58.0,0,6.0,13329.454748530592,2.0,146.0,2467.0,148.38,3675.0,4047.0,1796.0,120.0,540.0,780.0,240.0,0.97,90.48880112613836,3.9,3.0,3.7,14.0,100.0,False,0.9080800593031876
99988,18.0,0,3.0,41832.68765560294,1.0,142.0,1207.0,45.17,2384.0,1120.0,950.0,120.0,1440.0,1680.0,240.0,0.9,126.96096296130332,3.7,3.6,4.7,11.0,78.0,False,2.1285714285714286
99989,21.0,1,1.0,35605.15912031716,2.0,136.0,2664.0,66.01,4163.0,2958.0,1202.0,240.0,180.0,660.0,600.0,0.67,127.4477866731739,4.4,4.3,3.9,8.0,103.0,False,1.40736984448952
99990,80.0,0,3.0,32729.984904234818,1.0,135.0,3489.0,94.68,3029.0,4643.0,1851.0,0.0,300.0,300.0,360.0,0.9,86.33914371525887,4.7,3.7,3.8,17.0,109.0,False,0.6523799267714839
99992,61.0,1,4.0,12110.931311304548,2.0,145.0,932.0,37.61,1651.0,1514.0,636.0,0.0,80.0,80.0,600.0,1.07,59.09687395924791,4.1,3.1,4.1,16.0,96.0,True,1.0904887714663143
99996,51.0,1,4.0,12660.252247674309,1.0,145.0,1950.0,68.2,3611.0,4012.0,945.0,0.0,450.0,450.0,180.0,0.91,76.38101882421799,3.9,5.1,3.6,10.0,99.0,False,0.900049850448654
99997,64.0,1,1.0,6271.921274316807,1.0,135.0,873.0,44.59,1377.0,1065.0,550.0,840.0,0.0,1680.0,120.0,0.65,98.256407181358,3.5,4.0,3.5,15.0,98.0,False,1.2929577464788733
100000,21.0,1,4.0,21723.806830955444,1.0,144.0,2500.0,66.42999999999999,3982.0,3266.0,1357.0,0.0,0.0,0.0,180.0,0.7,126.10946912928082,4.4,3.1,4.3,6.0,96.0,False,1.219228413962033
100001,39.0,0,3.0,152100.04131110135,2.0,140.0,1470.0,42.9,2190.0,1806.0,853.0,45.0,100.0,190.0,720.0,1.16,82.16568355762925,3.9,3.8,4.4,14.0,80.0,False,1.212624584717608
100004,65.0,1,2.0,16884.289056362002,2.0,144.0,1059.0,41.0,1531.0,1181.0,885.0,0.0,120.0,120.0,180.0,0.57,100.78737888741968,4.3,3.8,4.1,11.0,99.0,False,1.2963590177815412
100009,19.0,1,3.0,23808.888333117367,2.0,139.0,1030.0,40.59,1739.0,831.0,837.0,0.0,2520.0,2520.0,120.0,0.66,129.51147568059275,4.2,3.1,3.9,13.0,75.0,False,2.0926594464500603
100012,51.0,0,3.0,255038.38098928225,2.0,143.0,1969.0,79.35000000000001,2566.0,1262.0,889.0,0.0,0.0,0.0,360.0,0.96,95.69791790335044,4.0,3.2,3.9,17.0,139.0,False,2.033280507131537
100014,19.0,1,6.0,12435.007175222134,1.0,144.0,1683.0,64.74,3785.0,1206.0,1070.0,0.0,0.0,0.0,180.0,0.55,135.32901853715614,4.0,3.5,4.0,12.0,83.0,False,3.138474295190713
100015,27.0,0,3.0,92057.57789301724,2.0,146.0,3827.0,165.67999999999998,6265.0,2850.0,2192.0,3240.0,3240.0,9720.0,120.0,0.86,121.70932252875654,4.2,3.3,3.8,14.0,92.0,False,2.1982456140350877
100016,36.0,0,6.0,29106.13009209518,2.0,145.0,2913.0,88.07000000000001,3394.0,3250.0,1874.0,180.0,180.0,540.0,720.0,0.76,119.46140111505868,4.0,3.7,4.0,8.0,80.0,False,1.0443076923076924
100018,22.0,0,3.0,82521.55170403804,1.0,138.0,795.0,31.56,967.0,933.0,728.0,0.0,0.0,0.0,300.0,0.83,126.90707409299011,4.1,3.7,4.3,9.0,88.0,False,1.0364415862808145
100020,65.0,0,3.0,23342.20916036024,2.0,139.0,1272.0,42.2,2281.0,2566.0,906.0,360.0,120.0,840.0,180.0,0.63,105.560938551965,4.3,3.5,4.1,16.0,189.0,False,0.8889321901792674
100024,39.0,1,3.0,52903.6309574792,2.0,139.0,2254.0,70.69,2795.0,2170.0,1401.0,0.0,0.0,0.0,60.0,0.97,76.22915888120188,3.8,3.8,3.7,15.0,79.0,False,1.2880184331797235
100025,35.0,1,3.0,46847.92230784345,1.0,141.0,1408.0,43.92000000000001,2051.0,2870.0,683.0,0.0,0.0,0.0,360.0,0.74,108.13671579912088,3.5,4.1,3.9,10.0,126.0,False,0.7146341463414634
100026,22.0,1,7.0,20720.13494461181,2.0,137.0,1729.0,48.61,2217.0,972.0,1088.0,0.0,30.0,30.0,600.0,0.59,130.59903944975937,3.9,3.7,4.3,11.0,105.0,False,2.2808641975308643
100029,20.0,1,1.0,44888.35030356202,2.0,136.0,1397.0,59.91,2438.0,1883.0,1295.0,150.0,510.0,810.0,240.0,0.59,132.23365369391593,3.7,3.2,4.6,9.0,82.0,False,1.2947424322889007
100032,27.0,1,6.0,28589.023090946885,2.0,141.0,1354.0,57.38,2366.0,1501.0,1247.0,90.0,90.0,270.0,240.0,0.64,124.14261972296302,3.6,3.6,4.4,11.0,91.0,False,1.5762824783477682
100033,62.0,1,1.0,24155.0167790912,2.0,140.0,1514.0,54.19999999999999,2074.0,2296.0,931.0,0.0,900.0,900.0,180.0,0.5,105.97983593935513,4.0,3.2,3.9,18.0,107.0,False,0.9033101045296167
100035,18.0,1,4.0,19433.88049570964,1.0,137.0,1075.0,31.8,1844.0,853.0,486.0,0.0,600.0,600.0,360.0,0.64,131.28949389302238,4.0,3.3,4.0,12.0,85.0,False,2.1617819460726846
100037,54.0,0,1.0,39920.41331736612,1.0,148.0,3399.0,130.35000000000002,6887.0,2872.0,2018.0,0.0,210.0,210.0,360.0,0.81,104.7738002877804,3.7,3.9,4.3,12.0,86.0,False,2.3979805013927575
100039,28.0,0,3.0,152959.68618578478,1.0,136.0,481.0,29.22,749.0,1018.0,693.0,420.0,3120.0,3960.0,180.0,1.03,101.47205915579929,3.9,3.8,4.8,13.0,85.0,False,0.7357563850687623
100040,24.0,0,7.0,88097.69195589676,2.0,146.0,1564.0,67.16999999999999,3983.0,1319.0,1105.0,1440.0,2880.0,5760.0,180.0,1.19,87.47799488700393,4.2,3.5,4.3,12.0,94.0,False,3.0197119029567854
100041,47.0,0,3.0,167317.62157743762,1.0,135.0,3020.0,119.0,6279.0,3618.0,1863.0,360.0,110.0,830.0,360.0,0.79,110.26529505274232,4.3,3.3,4.0,14.0,89.0,False,1.7354892205638475
100043,67.0,1,4.0,10478.593749366228,1.0,139.0,1035.0,27.67,1625.0,1744.0,697.0,0.0,0.0,0.0,240.0,0.82,78.35060845860649,3.6,3.6,3.6,9.0,117.0,False,0.9317660550458715
100044,27.0,0,1.0,18219.907765930155,2.0,144.0,655.0,27.74,1753.0,442.0,501.0,2940.0,2400.0,8280.0,300.0,0.86,121.70932252875654,4.0,3.5,4.5,19.0,88.0,False,3.9660633484162897
100046,51.0,0,7.0,20396.428589084226,2.0,142.0,3444.0,239.55,5981.0,5466.0,2838.0,180.0,1200.0,1560.0,360.0,1.28,67.76040686210847,4.3,3.4,4.4,19.0,102.0,False,1.0942188071716064
100047,42.0,0,4.0,35701.0879006607,2.0,147.0,2042.0,64.14,3218.0,2129.0,1134.0,60.0,780.0,900.0,300.0,1.12,84.11537970335522,4.3,3.1,3.9,12.0,96.0,False,1.511507750117426
100051,66.0,0,3.0,31604.630606653045,1.0,142.0,2700.0,56.78,2805.0,1587.0,1195.0,0.0,0.0,0.0,420.0,2.12,33.690683484526694,4.6,2.9,3.6,36.0,101.0,True,1.7674858223062382
100053,77.0,1,6.0,27118.24604414068,2.0,145.0,2115.0,134.71999999999997,8479.0,3792.0,2017.0,0.0,20.0,20.0,360.0,0.8,75.84045608028417,4.3,3.8,4.0,16.0,100.0,False,2.236023206751055
100055,47.0,1,6.0,17752.94408620301,1.0,148.0,2217.0,103.82,5682.0,3224.0,1450.0,100.0,40.0,240.0,600.0,0.69,107.6533371078556,3.8,3.4,4.1,14.0,84.0,False,1.7624069478908189
100056,57.0,0,1.0,53551.11410593029,1.0,148.0,2859.0,106.72,6334.0,3602.0,1892.0,0.0,20.0,20.0,600.0,0.79,103.61646411238998,4.0,3.3,3.8,14.0,127.0,False,1.7584675180455303
100061,55.0,1,6.0,12571.055462938484,1.0,141.0,1283.0,50.52,3736.0,1966.0,948.0,0.0,0.0,0.0,300.0,0.71,100.35085312598174,3.7,4.1,4.2,16.0,99.0,False,1.9003051881993895
100062,48.0,1,6.0,17282.682435619892,2.0,136.0,2419.0,91.25,4388.0,3125.0,1294.0,0.0,0.0,0.0,300.0,0.48,116.76427362471264,3.8,3.2,3.8,10.0,88.0,False,1.40416
100064,71.0,1,2.0,16819.891581386633,1.0,140.0,904.0,32.42,1411.0,423.0,377.0,0.0,0.0,0.0,240.0,0.66,93.72508806048894,3.9,2.8,4.2,8.0,94.0,False,3.3356973995271866
100067,69.0,0,3.0,7242.758733659009,2.0,139.0,1897.0,61.25000000000001,2152.0,1927.0,970.0,360.0,1140.0,1860.0,360.0,1.11,71.8823484547971,5.0,2.9,4.0,20.0,260.0,False,1.1167618059159314
100068,22.0,1,3.0,101321.21796521117,1.0,146.0,2481.0,72.35,3858.0,2288.0,1264.0,0.0,0.0,0.0,480.0,0.62,129.047299390361,4.1,3.6,4.0,13.0,92.0,False,1.6861888111888113
100070,28.0,1,3.0,85390.25714983248,1.0,142.0,1038.0,24.39,1489.0,2229.0,436.0,2100.0,1020.0,5220.0,180.0,0.57,126.86546971940125,4.3,3.4,4.3,9.0,84.0,False,0.6680125616868551
100071,71.0,0,3.0,21728.071868442417,2.0,146.0,1685.0,55.23,1926.0,1005.0,865.0,480.0,120.0,1080.0,360.0,1.19,65.30575626541567,4.2,2.6,3.8,18.0,88.0,False,1.9164179104477612
100072,33.0,1,1.0,35830.795497110936,2.0,142.0,941.0,28.79,1929.0,1339.0,667.0,0.0,60.0,60.0,5.0,0.97,79.12745057069786,4.6,3.4,4.3,17.0,140.0,False,1.4406273338312172
100073,18.0,0,7.0,16653.611101568567,1.0,146.0,4186.0,80.96999999999998,3925.0,3345.0,1652.0,240.0,0.0,480.0,240.0,1.05,105.51982449389922,3.7,3.7,4.5,14.0,74.0,False,1.1733931240657698
100077,32.0,1,1.0,28035.009397421934,1.0,137.0,1471.0,77.33999999999999,2307.0,3979.0,1442.0,0.0,0.0,0.0,240.0,0.49,128.3417587305422,3.5,4.5,3.6,8.0,77.0,False,0.5797939180698668
100079,80.0,1,3.0,80422.98034293696,1.0,146.0,934.0,30.56,2064.0,1315.0,581.0,0.0,0.0,0.0,120.0,0.79,75.57069009474026,3.6,3.6,3.9,10.0,99.0,False,1.5695817490494297
100082,18.0,1,7.0,21408.366999891703,2.0,142.0,543.0,25.18,1100.0,609.0,287.0,0.0,0.0,0.0,600.0,0.73,122.17460290024889,4.4,3.1,3.7,12.0,99.0,False,1.80623973727422
100083,80.0,1,3.0,31643.418332961035,2.0,141.0,1926.0,71.37,2852.0,1792.0,1026.0,0.0,0.0,0.0,360.0,1.89,26.53088472634619,4.3,3.9,3.6,60.0,90.0,True,1.5915178571428572
100085,64.0,0,3.0,15822.770812101637,1.0,142.0,4002.0,147.04,7791.0,4764.0,3285.0,1080.0,1080.0,3240.0,360.0,0.93,91.69282043338816,3.9,4.0,4.2,10.0,80.0,False,1.635390428211587
100087,30.0,1,3.0,104861.86265183135,1.0,145.0,2760.0,115.70000000000002,5303.0,1978.0,1436.0,0.0,0.0,0.0,660.0,0.75,109.76977174070818,3.7,2.8,4.0,14.0,77.0,False,2.680990899898888
100088,75.0,0,1.0,14071.19527720596,1.0,137.0,1763.0,68.47,3013.0,2280.0,1371.0,0.0,0.0,0.0,540.0,1.82,38.257635124910216,4.2,3.6,4.4,25.0,109.0,True,1.3214912280701754
100089,24.0,1,3.0,108139.38997811767,2.0,142.0,2345.0,97.15999999999998,4152.0,2335.0,1347.0,0.0,0.0,0.0,120.0,0.57,130.06111179369677,4.3,3.1,4.0,8.0,83.0,False,1.7781584582441115
100090,24.0,1,1.0,45717.04705514243,1.0,147.0,2974.0,68.52,3452.0,2001.0,1509.0,720.0,720.0,2160.0,180.0,0.51,133.59459567899913,3.7,3.6,3.9,7.0,85.0,False,1.725137431284358
100092,22.0,0,7.0,43841.83916523686,2.0,134.0,5593.0,274.1,6718.0,3688.0,2798.0,840.0,2400.0,4080.0,180.0,1.14,93.25483695576794,3.6,3.4,4.5,14.0,78.0,False,1.8215835140997831
100094,66.0,1,4.0,16317.893989390375,1.0,144.0,1067.0,73.88999999999999,1827.0,1788.0,771.0,0.0,0.0,0.0,300.0,1.01,61.39519108519083,3.7,3.6,4.1,16.0,106.0,False,1.0218120805369129
100095,27.0,1,2.0,86149.55742143783,2.0,134.0,2978.0,100.74000000000002,5994.0,2302.0,1673.0,0.0,0.0,0.0,600.0,0.82,100.48070582554712,3.9,3.4,3.7,12.0,88.0,False,2.6038227628149437
100098,61.0,0,4.0,12622.247476424962,1.0,137.0,1927.0,100.92,2571.0,2767.0,1556.0,240.0,180.0,660.0,30.0,1.14,73.16983422472256,3.9,3.7,4.1,14.0,89.0,False,0.9291651608239971
100099,45.0,0,3.0,123426.87097132872,1.0,135.0,4594.0,228.8,8461.0,4019.0,2575.0,60.0,1200.0,1320.0,300.0,1.14,80.82546140589773,4.1,4.4,4.4,27.0,100.0,False,2.1052500622045285
100100,32.0,0,4.0,25403.401068196235,2.0,140.0,3206.0,84.98,4762.0,5279.0,1897.0,360.0,1320.0,2040.0,120.0,1.22,80.78213295435144,4.8,3.7,4.1,13.0,90.0,False,0.9020647849971586
100102,41.0,0,6.0,11009.860298373524,2.0,140.0,4107.0,158.52999999999997,6737.0,5088.0,2468.0,1440.0,720.0,3600.0,240.0,0.73,117.22082328528975,4.3,3.5,4.0,13.0,95.0,False,1.3240959119496856
100103,61.0,0,2.0,12817.757796454638,1.0,144.0,1702.0,81.02000000000001,2135.0,3099.0,1138.0,0.0,0.0,0.0,240.0,0.9,97.16880939309704,4.1,2.4,4.0,20.0,127.0,False,0.6889319135204904
100105,50.0,1,4.0,23629.066237128867,2.0,142.0,2175.0,114.25,4270.0,2157.0,1816.0,0.0,720.0,720.0,720.0,0.72,101.79750402635226,4.1,3.4,3.8,21.0,103.0,False,1.979601298099212
100108,27.0,1,3.0,177758.4989829121,2.0,134.0,1677.0,59.12,2549.0,1670.0,839.0,180.0,60.0,420.0,480.0,0.75,111.83707086162812,3.8,3.8,4.0,10.0,80.0,False,1.5263473053892216
100110,26.0,0,4.0,30395.26640320935,1.0,144.0,2334.0,66.57,3546.0,3347.0,1007.0,0.0,0.0,0.0,900.0,1.15,90.0151791021465,4.0,2.8,4.5,14.0,90.0,False,1.0594562294592171
100111,26.0,0,1.0,83194.66114692975,2.0,135.0,3546.0,123.91,6520.0,2458.0,2236.0,240.0,840.0,1320.0,240.0,0.8,125.17286966375696,4.4,4.2,4.6,15.0,83.0,False,2.6525630593978846
100112,57.0,1,2.0,70149.76201824589,2.0,138.0,1179.0,58.54999999999999,1298.0,2829.0,1242.0,0.0,180.0,180.0,720.0,0.65,102.6284885488131,4.6,3.4,4.1,20.0,94.0,False,0.4588193708024037
100113,79.0,0,3.0,139598.13934117177,1.0,134.0,1933.0,67.80000000000001,1763.0,2155.0,926.0,360.0,840.0,1560.0,360.0,0.91,85.73340750835146,4.3,3.3,4.2,30.0,93.0,False,0.8180974477958237
100114,79.0,0,3.0,17126.460167711746,2.0,136.0,2909.0,101.40999999999998,2150.0,4023.0,3014.0,0.0,160.0,160.0,120.0,0.86,88.07881241291057,5.1,3.3,4.5,11.0,102.0,False,0.5344270444941586
100115,47.0,1,3.0,130915.67352924091,1.0,141.0,2397.0,121.98999999999998,3652.0,2889.0,1791.0,0.0,0.0,0.0,540.0,0.96,73.43678718763796,3.8,3.4,4.1,18.0,99.0,False,1.2641052267220492
100116,63.0,1,2.0,6216.672907414709,1.0,137.0,1208.0,46.2,1627.0,1196.0,533.0,0.0,0.0,0.0,360.0,0.82,80.3241990777936,3.8,3.6,3.9,17.0,89.0,False,1.3603678929765886
100117,29.0,1,6.0,30938.38515206775,1.0,137.0,1620.0,58.8,2172.0,1102.0,688.0,0.0,0.0,0.0,600.0,0.77,107.02085458107828,3.6,3.6,3.9,14.0,111.0,False,1.970961887477314
100118,78.0,0,4.0,11453.728501877198,2.0,142.0,2326.0,69.21,3405.0,2663.0,1101.0,0.0,180.0,180.0,480.0,0.9,87.41978867819167,3.8,3.0,3.8,12.0,131.0,False,1.2786331205407435
100119,47.0,1,3.0,188388.36355020717,1.0,138.0,1964.0,91.07,3250.0,2419.0,1097.0,0.0,50.0,50.0,300.0,0.56,113.20792057658916,4.1,3.6,4.1,9.0,94.0,False,1.3435303844563868
100122,65.0,0,4.0,16356.930904361838,2.0,140.0,1528.0,60.99,3450.0,1387.0,871.0,0.0,2700.0,2700.0,600.0,0.96,87.7179316553728,4.2,4.1,4.2,14.0,90.0,False,2.4873828406633023
100123,57.0,0,3.0,25233.26108600871,2.0,146.0,2399.0,106.53,3457.0,3699.0,1855.0,60.0,0.0,120.0,720.0,0.8,103.22359338357452,4.0,4.1,4.0,24.0,139.0,False,0.9345769126791025
100127,55.0,0,2.0,23860.59016289141,2.0,144.0,2619.0,89.09000000000002,4125.0,2975.0,1400.0,240.0,240.0,720.0,120.0,0.66,110.76738327295504,4.1,3.1,4.3,13.0,91.0,False,1.3865546218487395
100128,47.0,0,3.0,205345.20439388097,1.0,140.0,3011.0,107.15,4083.0,3509.0,2520.0,180.0,180.0,540.0,600.0,0.81,109.43588384219083,3.9,4.0,4.2,18.0,81.0,False,1.1635793673411228
100129,72.0,0,1.0,15253.466190393165,2.0,142.0,2170.0,85.10000000000002,3414.0,2957.0,1874.0,0.0,0.0,0.0,240.0,1.05,75.4188056113002,4.8,3.1,4.4,13.0,115.0,False,1.1545485289144404
100136,67.0,0,3.0,40105.86270356197,2.0,135.0,1925.0,64.64999999999999,4050.0,2251.0,788.0,0.0,0.0,0.0,1200.0,1.08,75.21480615361708,4.4,3.4,3.4,21.0,270.0,False,1.799200355397601
100137,43.0,1,2.0,28975.484960255373,2.0,146.0,1514.0,118.32,2849.0,3037.0,1109.0,0.0,0.0,0.0,240.0,0.71,108.12675263673532,4.4,3.9,3.7,24.0,79.0,False,0.9380968060586105
100142,72.0,0,3.0,50257.36235818675,1.0,140.0,5314.0,132.26,5970.0,8608.0,3076.0,540.0,390.0,1470.0,240.0,1.05,75.4188056113002,4.3,2.9,4.1,15.0,105.0,False,0.6935408921933085
100143,80.0,1,3.0,46712.61139955648,2.0,140.0,1821.0,68.07999999999998,3171.0,2729.0,1464.0,0.0,45.0,45.0,840.0,1.22,44.86153204183479,4.7,2.9,3.7,32.0,121.0,True,1.1619640894100403
100145,45.0,1,2.0,34313.687150946535,1.0,148.0,1257.0,48.010000000000005,2296.0,1640.0,1064.0,0.0,150.0,150.0,120.0,0.54,115.63391955472184,4.0,4.0,4.1,10.0,92.0,False,1.4
100148,22.0,1,2.0,50187.73017832614,2.0,134.0,4465.0,186.94000000000003,5804.0,3852.0,2229.0,0.0,0.0,0.0,60.0,0.9,92.6986323190604,3.6,3.3,4.5,8.0,87.0,False,1.5067497403946002
100149,80.0,1,3.0,34834.635563664844,1.0,140.0,442.0,18.200000000000003,923.0,824.0,213.0,0.0,0.0,0.0,600.0,0.71,85.90053708048798,4.3,4.0,4.3,17.0,94.0,False,1.1201456310679612
100150,51.0,1,1.0,19743.68278559525,2.0,135.0,2374.0,131.93,4443.0,5766.0,2981.0,0.0,2160.0,2160.0,10.0,0.62,107.75060076297936,4.3,3.7,3.8,12.0,87.0,False,0.7705515088449532
100151,60.0,0,1.0,6898.043318489338,1.0,137.0,1887.0,102.48,4121.0,2944.0,1268.0,3600.0,1440.0,8640.0,300.0,0.55,113.4539431412541,3.4,3.8,3.9,7.0,99.0,False,1.3997961956521738
100154,66.0,0,1.0,5946.195415967272,1.0,135.0,1914.0,78.89,3068.0,3168.0,1617.0,0.0,30.0,30.0,60.0,0.64,104.40870979750682,4.0,3.5,4.1,12.0,159.0,False,0.9684343434343434
100158,61.0,0,4.0,7125.984548608515,2.0,147.0,1736.0,37.9,1528.0,811.0,460.0,0.0,0.0,0.0,600.0,1.52,51.809045021309146,4.7,3.3,3.4,11.0,149.0,True,1.8840937114673242
100160,26.0,1,3.0,72730.21848457628,2.0,142.0,2922.0,85.90999999999998,5035.0,1883.0,1266.0,0.0,0.0,0.0,360.0,0.71,120.1850058907146,4.1,3.1,3.7,10.0,97.0,False,2.6739245884227296
100162,64.0,1,2.0,10049.31522288444,1.0,137.0,956.0,26.78,1069.0,1530.0,516.0,0.0,0.0,0.0,180.0,0.64,98.6242298851608,4.1,4.4,4.0,9.0,92.0,False,0.6986928104575163
100163,69.0,1,4.0,22778.675505287043,1.0,144.0,1002.0,89.95,1722.0,3184.0,894.0,120.0,240.0,480.0,300.0,0.75,86.12782203418428,3.7,3.5,4.0,18.0,98.0,False,0.5408291457286433
100165,56.0,0,3.0,265263.55739925784,2.0,142.0,3642.0,117.7,5923.0,3849.0,1772.0,0.0,1200.0,1200.0,240.0,1.03,85.25468635361791,4.7,3.1,3.7,13.0,97.0,False,1.5388412574694725
100167,75.0,0,1.0,31190.325328607767,2.0,143.0,1704.0,63.84,2194.0,1262.0,879.0,0.0,90.0,90.0,240.0,1.13,67.78126257151568,4.7,3.4,3.8,25.0,93.0,False,1.7385103011093503
100168,51.0,0,2.0,38712.43024451881,1.0,140.0,2960.0,127.46,6334.0,3518.0,1800.0,240.0,0.0,480.0,240.0,1.0,91.12299144245232,4.4,3.5,4.7,15.0,80.0,False,1.8004548038658328
100172,42.0,1,3.0,320792.7261222312,2.0,137.0,1522.0,118.74,3282.0,1877.0,1384.0,0.0,135.0,135.0,600.0,0.8,94.28360977356044,4.0,2.8,4.2,14.0,94.0,False,1.7485348961108151
100175,33.0,0,4.0,21081.572010150823,1.0,147.0,3429.0,114.53,4830.0,3389.0,2096.0,480.0,4200.0,5160.0,240.0,1.14,87.08839436784812,3.9,3.5,4.0,9.0,83.0,False,1.4251991737975804
100178,40.0,1,3.0,47633.08100639088,2.0,139.0,1158.0,49.79,2084.0,1918.0,1158.0,45.0,1260.0,1350.0,480.0,0.77,99.94413902371416,4.6,3.7,3.6,19.0,98.0,False,1.086548488008342
100180,45.0,0,4.0,14329.888555610682,1.0,146.0,3679.0,110.69999999999996,5489.0,4641.0,2228.0,300.0,30.0,630.0,360.0,1.18,77.54889347718691,4.0,3.9,4.0,18.0,92.0,False,1.182719241542771
100181,37.0,1,1.0,9881.352852549193,2.0,136.0,1613.0,64.77,3467.0,2019.0,1119.0,0.0,75.0,75.0,480.0,0.94,80.14857398639259,4.1,3.0,3.8,11.0,82.0,False,1.7171867261020306
100185,63.0,0,7.0,294436.24738835794,2.0,143.0,2194.0,74.33,3432.0,2621.0,1259.0,0.0,0.0,0.0,240.0,0.81,99.07033426950296,3.6,2.9,3.6,9.0,91.0,False,1.309423884013735
100188,80.0,1,3.0,24595.29026183409,1.0,135.0,1861.0,94.98000000000002,2435.0,2747.0,1912.0,0.0,0.0,0.0,240.0,1.32,40.81475371509269,3.8,3.3,4.0,19.0,87.0,True,0.886421550782672
100190,32.0,1,2.0,29143.874890526786,1.0,140.0,1655.0,48.75000000000001,3277.0,2087.0,922.0,0.0,40.0,40.0,600.0,0.73,111.9867986892862,3.8,3.7,4.1,10.0,99.0,False,1.5701964542405367
100191,42.0,1,3.0,24942.002211698287,1.0,142.0,1380.0,58.7,1633.0,2152.0,1241.0,0.0,0.0,0.0,120.0,1.08,65.77118695393793,4.0,4.7,3.8,13.0,81.0,False,0.7588289962825279
100192,56.0,0,1.0,30124.43062813888,2.0,137.0,2655.0,199.84,3302.0,3501.0,2049.0,1500.0,0.0,3000.0,120.0,1.14,75.4809068104294,4.4,2.6,3.9,16.0,117.0,False,0.9431590974007427
100194,60.0,0,4.0,11360.035352744402,2.0,134.0,1974.0,57.31,1956.0,1112.0,695.0,2400.0,1800.0,6600.0,180.0,1.01,85.13992274000184,3.9,3.2,4.2,13.0,93.0,False,1.7589928057553956
100195,32.0,1,6.0,13274.514914171314,2.0,146.0,1857.0,94.43,4475.0,3230.0,1228.0,180.0,60.0,420.0,720.0,0.69,118.17962586984908,3.6,4.5,3.7,15.0,108.0,False,1.3854489164086687
100196,32.0,1,4.0,18917.93769398521,1.0,147.0,1882.0,61.72999999999999,2404.0,1869.0,1334.0,0.0,360.0,360.0,540.0,0.87,90.7258736311395,3.5,3.4,3.9,11.0,84.0,False,1.2862493311931513
100200,43.0,1,7.0,37858.472466356034,1.0,135.0,1655.0,56.8,2318.0,1875.0,866.0,0.0,0.0,0.0,300.0,0.87,84.72665783442272,4.1,3.3,4.0,20.0,96.0,False,1.2362666666666666
100201,43.0,0,3.0,28490.477873608816,2.0,139.0,2216.0,90.71,3424.0,2336.0,1403.0,1980.0,3840.0,7800.0,240.0,0.95,101.85156416378037,4.0,3.3,4.1,13.0,88.0,False,1.4657534246575343
100202,22.0,1,1.0,72327.40859880477,2.0,136.0,3091.0,127.26000000000002,6084.0,3374.0,1829.0,0.0,240.0,240.0,360.0,0.61,129.55400025747815,4.1,3.2,4.2,12.0,86.0,False,1.8032009484291642
100203,39.0,0,4.0,47243.45195955673,1.0,136.0,3758.0,157.27999999999997,4690.0,4139.0,2264.0,0.0,90.0,90.0,420.0,0.88,112.17511390970724,4.6,4.0,4.3,16.0,87.0,False,1.1331239429813964
100204,36.0,1,2.0,16839.898063720233,2.0,138.0,3989.0,175.02,4486.0,8063.0,2129.0,180.0,270.0,630.0,120.0,0.88,87.29131280814585,4.5,4.0,3.5,18.0,78.0,False,0.5563685972962917
100205,48.0,0,4.0,22307.599890336005,1.0,147.0,3022.0,79.82,4187.0,2828.0,1458.0,0.0,0.0,0.0,480.0,0.78,110.00404318153936,3.5,3.2,4.1,11.0,103.0,False,1.4805516265912306
100206,62.0,1,2.0,18095.130068958508,1.0,140.0,1786.0,75.27000000000001,3903.0,2636.0,1168.0,0.0,0.0,0.0,240.0,0.72,94.476770327692,3.7,3.6,3.9,21.0,86.0,False,1.4806525037936267
100210,60.0,1,3.0,100106.88874595404,2.0,142.0,2734.0,70.32999999999998,5596.0,2272.0,2152.0,480.0,900.0,1860.0,180.0,0.71,97.27831312332631,4.3,3.3,3.8,10.0,95.0,False,2.4630281690140845
100212,58.0,0,3.0,37511.10886533088,2.0,140.0,5612.0,192.28,4368.0,7025.0,4583.0,0.0,180.0,180.0,720.0,1.23,68.05104234657502,4.1,3.7,4.0,27.0,96.0,False,0.621779359430605
100213,66.0,0,3.0,41535.121189608806,1.0,143.0,2260.0,108.86,4428.0,3692.0,2274.0,0.0,360.0,360.0,360.0,0.98,85.04358585869204,4.4,3.8,4.5,15.0,159.0,False,1.199349945828819
100214,57.0,0,4.0,43245.38804837841,2.0,144.0,1570.0,95.84,2526.0,1558.0,1041.0,0.0,90.0,90.0,480.0,0.79,103.61646411238998,3.6,3.2,2.9,18.0,114.0,False,1.6213093709884467
100216,42.0,1,1.0,28847.387236073708,2.0,137.0,2759.0,118.99,4892.0,4591.0,1613.0,360.0,150.0,870.0,600.0,0.63,113.51521951279209,4.0,3.0,4.4,17.0,80.0,False,1.0655630581572642
100219,74.0,0,4.0,8713.511759754956,1.0,147.0,904.0,48.93000000000001,1174.0,835.0,461.0,0.0,120.0,120.0,300.0,1.53,47.41055911809266,4.2,3.4,4.1,13.0,92.0,True,1.4059880239520959
100221,30.0,1,4.0,15843.565274380404,2.0,147.0,2076.0,115.31999999999998,5168.0,3519.0,1633.0,180.0,180.0,540.0,120.0,0.81,100.0862124328966,4.1,3.7,3.8,8.0,92.0,False,1.4685990338164252
100222,65.0,1,4.0,7362.46873852964,2.0,145.0,1368.0,49.54,2750.0,1619.0,620.0,0.0,0.0,0.0,240.0,2.11,25.520081979898347,4.3,4.4,3.8,49.0,148.0,True,1.69857936998147
100228,74.0,1,3.0,45824.10533156669,2.0,139.0,977.0,21.27,1063.0,995.0,342.0,210.0,150.0,570.0,360.0,0.92,65.33810739316206,4.6,4.0,4.1,16.0,101.0,False,1.0683417085427136
100229,59.0,0,3.0,35272.00429462086,2.0,142.0,2446.0,73.84000000000002,3713.0,2541.0,1013.0,0.0,70.0,70.0,720.0,1.15,73.31325457476098,4.7,4.3,3.6,38.0,91.0,False,1.4612357339630067
100231,69.0,1,1.0,14520.304531493504,2.0,137.0,717.0,49.07000000000001,1341.0,886.0,570.0,0.0,0.0,0.0,15.0,0.58,97.89980219932126,4.3,3.2,3.4,16.0,104.0,False,1.5135440180586908
100233,65.0,1,4.0,9389.86239726985,2.0,143.0,1089.0,45.5,2111.0,1285.0,741.0,180.0,180.0,540.0,240.0,1.05,58.96493887043889,3.9,3.4,3.6,19.0,85.0,True,1.6428015564202334
100234,30.0,1,6.0,17223.64174733597,1.0,143.0,1835.0,77.09,3838.0,2638.0,1249.0,0.0,0.0,0.0,600.0,0.5,129.31695975066629,3.6,4.1,4.0,14.0,79.0,False,1.4548900682335102
100235,77.0,0,3.0,127791.91941360148,2.0,134.0,3177.0,85.72,4980.0,3074.0,1764.0,0.0,270.0,270.0,180.0,1.0,77.51785935799418,4.0,2.9,3.8,10.0,104.0,False,1.620039037085231
100236,61.0,0,3.0,49317.15032173287,2.0,142.0,5491.0,244.12,8066.0,4884.0,3096.0,0.0,0.0,0.0,480.0,0.9,97.16880939309704,4.3,2.8,4.0,14.0,96.0,False,1.6515151515151516
100238,58.0,0,3.0,219486.01786196005,1.0,142.0,2279.0,116.09,3877.0,4011.0,2110.0,0.0,420.0,420.0,240.0,0.75,104.60263876859663,4.4,4.2,4.2,26.0,100.0,False,0.9665918723510346
100241,36.0,1,3.0,144132.2465304812,2.0,137.0,1790.0,94.0,3209.0,1613.0,1397.0,540.0,660.0,1740.0,300.0,0.72,111.05835487951968,3.8,3.5,4.4,14.0,78.0,False,1.9894606323620583
100242,32.0,1,4.0,24808.212706769125,2.0,144.0,670.0,24.87,683.0,2139.0,315.0,0.0,0.0,0.0,240.0,0.65,119.89280545770642,3.7,3.6,4.0,7.0,87.0,False,0.3193080878915381
100243,70.0,0,7.0,8211.448942543524,2.0,139.0,3802.0,74.96000000000001,2606.0,5016.0,2000.0,3360.0,0.0,6720.0,300.0,0.91,90.66906841997049,4.2,4.1,4.1,8.0,80.0,False,0.5195374800637959
100244,62.0,0,3.0,39713.53190713231,2.0,141.0,2877.0,106.8,3843.0,2749.0,1648.0,40.0,40.0,120.0,480.0,1.23,66.379007015466,4.9,3.3,4.1,26.0,96.0,False,1.3979628955983994
100246,22.0,1,6.0,24758.41679642752,2.0,138.0,1545.0,57.81,3187.0,1384.0,625.0,0.0,220.0,220.0,420.0,0.75,115.3694498983259,4.4,3.8,4.0,12.0,83.0,False,2.3027456647398843
100247,61.0,1,2.0,28021.321158367333,2.0,142.0,2996.0,134.45,4762.0,2851.0,1847.0,120.0,180.0,420.0,360.0,1.23,49.99642004825623,4.1,3.2,3.7,25.0,108.0,True,1.6702911259207296
100248,28.0,0,6.0,16427.91310944205,1.0,143.0,1751.0,48.46,2916.0,2444.0,890.0,345.0,90.0,780.0,480.0,1.07,96.93723099075162,3.9,3.9,4.7,19.0,97.0,False,1.193126022913257
100250,57.0,1,3.0,23003.797631954345,1.0,135.0,1717.0,62.94,3206.0,2315.0,975.0,0.0,660.0,660.0,300.0,0.78,88.53511363003675,4.1,3.7,4.4,15.0,87.0,False,1.3848812095032397
100251,45.0,1,4.0,30766.14914292788,2.0,136.0,2527.0,76.89999999999996,3257.0,4050.0,1702.0,0.0,225.0,225.0,960.0,0.84,87.27824806034513,4.3,3.8,4.0,10.0,88.0,False,0.8041975308641975
100252,80.0,0,3.0,23635.11185973264,1.0,134.0,1143.0,44.50999999999999,1252.0,1056.0,708.0,0.0,0.0,0.0,720.0,0.89,86.63097315200568,4.0,3.5,3.7,28.0,100.0,False,1.1856060606060606
100253,30.0,0,2.0,110714.04630364226,1.0,143.0,2369.0,134.70999999999998,4419.0,3304.0,2700.0,180.0,180.0,540.0,480.0,0.91,116.27850977311344,3.5,3.8,4.8,14.0,86.0,False,1.3374697336561743
100258,25.0,1,3.0,83832.08383265737,1.0,142.0,4087.0,169.5,9538.0,3028.0,2884.0,24.0,3795.0,3843.0,540.0,0.54,130.94996860825051,4.2,3.5,3.4,6.0,67.0,False,3.1499339498018495
100260,18.0,1,3.0,31750.795080087773,1.0,135.0,1544.0,68.69999999999999,3451.0,1045.0,1352.0,300.0,1500.0,2100.0,300.0,0.63,131.78873079378815,4.1,3.9,4.3,15.0,85.0,False,3.3023923444976075
100261,80.0,1,3.0,63437.21751541968,2.0,138.0,1158.0,78.99,2472.0,3432.0,1302.0,0.0,225.0,225.0,300.0,1.04,54.33327588695416,4.5,3.6,4.0,24.0,116.0,True,0.7202797202797203
100262,18.0,1,1.0,33399.28893032923,1.0,135.0,2347.0,104.43000000000002,4198.0,1597.0,1116.0,1200.0,1200.0,3600.0,300.0,0.81,107.84160569610188,4.3,4.7,4.6,10.0,77.0,False,2.62867877269881
100264,26.0,0,4.0,29498.55602389792,1.0,137.0,3820.0,105.07,6872.0,2935.0,1799.0,0.0,0.0,0.0,360.0,0.76,127.12696533514357,4.0,3.9,4.2,13.0,86.0,False,2.341396933560477
100266,40.0,1,3.0,56769.0616654709,1.0,135.0,1509.0,62.88999999999999,1918.0,1880.0,911.0,180.0,300.0,660.0,60.0,0.63,114.93600787024052,3.8,4.0,4.4,12.0,90.0,False,1.0202127659574467
100268,60.0,1,6.0,22055.08744342097,2.0,147.0,2156.0,112.5,3862.0,2022.0,1407.0,1920.0,1800.0,5640.0,240.0,0.69,99.29203192232715,4.3,2.7,3.6,22.0,81.0,False,1.9099901088031652
100269,24.0,1,3.0,54286.94815777385,1.0,135.0,2149.0,104.02,4678.0,2216.0,1330.0,0.0,540.0,540.0,300.0,1.1,71.95999103080034,4.0,5.1,4.3,22.0,71.0,False,2.1110108303249095
100270,36.0,0,2.0,50866.13209752856,2.0,135.0,3506.0,136.74,7949.0,3306.0,2421.0,240.0,0.0,480.0,780.0,0.82,116.75124637328403,4.3,2.9,4.8,18.0,98.0,False,2.4044162129461584
100271,36.0,1,3.0,68579.16896140986,1.0,138.0,2741.0,72.61,2810.0,2440.0,1371.0,0.0,120.0,120.0,480.0,0.71,112.93803135216744,3.4,3.0,4.2,15.0,97.0,False,1.151639344262295
100272,35.0,0,6.0,21423.094808335525,1.0,134.0,238.0,37.00000000000001,620.0,1036.0,341.0,1800.0,2520.0,6120.0,120.0,1.08,91.77736475821015,4.0,3.8,3.9,18.0,82.0,False,0.5984555984555985
100273,71.0,0,3.0,8287.516262365321,1.0,144.0,866.0,32.49000000000001,1009.0,1556.0,615.0,0.0,0.0,0.0,480.0,1.18,65.9704441521665,3.9,3.5,4.3,11.0,97.0,False,0.6484575835475579
100277,18.0,1,3.0,16977.498524878552,1.0,145.0,1482.0,95.6,2669.0,3034.0,1300.0,270.0,0.0,540.0,300.0,0.73,122.17460290024889,4.1,3.2,3.7,16.0,96.0,False,0.8796967699406724
100278,75.0,1,3.0,79986.0236976545,2.0,134.0,1306.0,49.150000000000006,2414.0,2396.0,1099.0,0.0,0.0,0.0,240.0,1.0,58.750414580944245,4.2,3.2,3.4,14.0,94.0,True,1.0075125208681135
100280,33.0,1,3.0,155897.8240932865,2.0,143.0,464.0,17.36,965.0,894.0,265.0,450.0,300.0,1200.0,600.0,0.85,92.71511547649165,3.7,3.9,3.5,11.0,91.0,False,1.0794183445190157
100281,59.0,1,3.0,156240.05733558285,1.0,140.0,1424.0,47.72,2263.0,993.0,860.0,0.0,0.0,0.0,120.0,0.58,104.18180805131784,4.1,3.3,4.4,16.0,87.0,False,2.2789526686807653
100282,60.0,0,3.0,13677.541623585408,1.0,137.0,2054.0,99.29,2646.0,2575.0,1487.0,0.0,0.0,0.0,300.0,0.97,89.37021838168954,3.7,4.6,4.8,24.0,88.0,False,1.0275728155339805
100286,45.0,1,4.0,24507.22168748821,1.0,139.0,1686.0,63.95,2165.0,2666.0,939.0,0.0,0.0,0.0,60.0,0.76,98.41580577522144,3.8,3.6,4.2,12.0,96.0,False,0.8120780195048762
100288,43.0,1,6.0,14002.50774145524,2.0,148.0,1131.0,44.43,1304.0,1560.0,944.0,0.0,360.0,360.0,120.0,0.55,116.56461939627444,4.1,3.8,3.7,11.0,101.0,False,0.8358974358974359
100291,61.0,1,4.0,12110.931311304548,2.0,145.0,830.0,45.18,1042.0,801.0,366.0,0.0,0.0,0.0,480.0,0.96,67.31309542200452,3.6,3.1,3.9,20.0,88.0,False,1.3008739076154807
100292,56.0,1,7.0,52043.92699653963,2.0,142.0,1489.0,49.59,2889.0,1550.0,919.0,0.0,90.0,90.0,480.0,0.87,78.14604024712308,4.4,3.6,4.1,13.0,137.0,False,1.8638709677419354
100293,29.0,1,4.0,39167.36618664535,2.0,147.0,740.0,37.14,2122.0,927.0,516.0,1020.0,1440.0,3480.0,240.0,0.82,99.2386075516423,3.7,2.9,4.4,5.0,86.0,False,2.2891046386192015
100294,40.0,1,4.0,18936.221910582397,1.0,141.0,1527.0,42.89999999999999,1954.0,1119.0,729.0,135.0,1260.0,1530.0,360.0,0.56,118.24529426447164,4.0,4.0,4.1,16.0,79.0,False,1.7462019660411081
100297,70.0,0,3.0,133053.3234790691,1.0,143.0,1771.0,88.78,2677.0,3524.0,1365.0,60.0,600.0,720.0,420.0,0.95,86.10740437326668,3.6,3.2,4.3,12.0,86.0,False,0.7596481271282634
100298,47.0,1,4.0,59754.11360628503,2.0,138.0,2565.0,36.05,2032.0,2042.0,765.0,0.0,1560.0,1560.0,420.0,0.77,95.686413764474,4.1,3.3,3.9,8.0,96.0,False,0.9951028403525954
100299,27.0,1,4.0,45733.164835530544,1.0,143.0,1472.0,60.68999999999999,2462.0,1401.0,950.0,120.0,180.0,420.0,240.0,0.63,124.61468016653464,4.2,3.6,3.8,15.0,79.0,False,1.7573162027123483
100301,53.0,1,7.0,10906.852258103498,2.0,143.0,1112.0,62.47,2519.0,1235.0,844.0,150.0,0.0,300.0,480.0,0.78,90.76524397830606,3.7,4.0,3.3,12.0,88.0,False,2.039676113360324
100303,60.0,0,1.0,13204.980582591008,2.0,143.0,1607.0,61.35,4369.0,2911.0,1047.0,0.0,600.0,600.0,120.0,0.77,102.49175453750571,4.0,2.9,4.2,14.0,96.0,False,1.5008588114050154
100305,48.0,0,6.0,13424.957672113838,1.0,138.0,4266.0,244.23,7438.0,5848.0,3287.0,1440.0,1440.0,4320.0,240.0,0.79,109.58165022341532,4.0,3.2,4.0,15.0,89.0,False,1.2718878248974008
100309,80.0,1,3.0,70428.92888250438,2.0,134.0,1353.0,74.10000000000001,2936.0,1747.0,1108.0,270.0,0.0,540.0,300.0,0.75,80.43265074726986,4.1,2.6,3.9,25.0,93.0,False,1.6805953062392673
100311,55.0,0,1.0,23152.826343278088,2.0,144.0,2027.0,96.42000000000004,2321.0,3331.0,1818.0,0.0,2400.0,2400.0,300.0,0.77,105.72896132746716,4.3,3.8,4.1,12.0,94.0,False,0.6967877514259982
100313,35.0,1,3.0,37551.43893784844,1.0,142.0,2265.0,68.43,3071.0,2573.0,1317.0,0.0,60.0,60.0,600.0,0.75,106.40884351489365,3.8,4.1,4.0,11.0,79.0,False,1.1935483870967742
100315,62.0,0,2.0,11950.085272531987,2.0,138.0,2999.0,135.41,4774.0,3727.0,1880.0,510.0,205.0,1225.0,600.0,0.93,92.84047351719944,4.1,3.2,4.1,15.0,95.0,False,1.2809229943654414
100318,41.0,0,1.0,47700.08733456673,2.0,140.0,3480.0,131.62,3386.0,2372.0,2457.0,0.0,0.0,0.0,720.0,1.37,66.46199354457204,3.8,5.0,4.1,15.0,101.0,False,1.4274873524451939
100319,47.0,1,3.0,53476.251919236616,1.0,135.0,2612.0,94.45,4217.0,3080.0,1910.0,0.0,90.0,90.0,240.0,0.67,108.4191755168399,3.8,2.5,3.6,11.0,243.0,False,1.3691558441558442
100324,46.0,1,2.0,51720.74686087299,1.0,134.0,2212.0,70.97000000000001,2447.0,1949.0,1100.0,120.0,660.0,900.0,240.0,0.48,118.22572805561582,3.8,3.3,3.8,14.0,140.0,False,1.2555156490507953
100325,35.0,1,6.0,23576.801420670225,2.0,134.0,1072.0,63.26,2621.0,1985.0,912.0,0.0,0.0,0.0,420.0,0.61,119.49169691175346,3.7,3.4,3.9,9.0,100.0,False,1.3204030226700252
100326,21.0,1,4.0,42842.247923422976,1.0,147.0,2255.0,78.41,3758.0,1803.0,1604.0,0.0,0.0,0.0,240.0,0.75,116.0892029566572,3.6,4.3,3.5,9.0,90.0,False,2.084303937881309
100329,27.0,1,2.0,31314.99618033284,1.0,134.0,1784.0,84.65,2480.0,1901.0,1207.0,0.0,0.0,0.0,180.0,0.58,127.1229999472094,3.7,4.0,3.8,10.0,104.0,False,1.304576538663861
100332,43.0,0,3.0,138987.48089651018,2.0,142.0,3402.0,77.58,5210.0,3184.0,1359.0,1440.0,2520.0,5400.0,120.0,0.83,111.36909023142913,4.0,3.0,4.3,16.0,99.0,False,1.6363065326633166
100333,29.0,0,6.0,15955.887156702443,1.0,139.0,2127.0,82.46000000000001,3713.0,3582.0,1735.0,360.0,0.0,720.0,360.0,1.01,103.24392033820072,3.9,3.8,4.6,8.0,101.0,False,1.036571747627024
100336,18.0,0,4.0,16653.611101568567,1.0,146.0,2706.0,89.58999999999999,4707.0,2032.0,1156.0,600.0,2640.0,3840.0,480.0,1.04,106.73852864958272,4.0,3.9,4.3,11.0,88.0,False,2.3164370078740157
100338,45.0,0,3.0,31420.395565281106,1.0,143.0,2460.0,65.77000000000001,4108.0,1912.0,1183.0,180.0,0.0,360.0,300.0,0.75,113.4111460478112,3.6,2.5,4.4,13.0,112.0,False,2.1485355648535567
100347,57.0,0,1.0,79621.8082311023,2.0,140.0,2273.0,90.36,4197.0,2839.0,1463.0,60.0,120.0,240.0,720.0,0.96,92.19268074278332,4.0,3.4,4.1,19.0,82.0,False,1.4783374427615357
100348,49.0,1,4.0,24283.744760868904,1.0,144.0,1512.0,38.040000000000006,1293.0,1409.0,650.0,0.0,2490.0,2490.0,240.0,0.67,107.07894537353796,3.9,2.9,4.0,14.0,99.0,False,0.9176721078779276
100353,59.0,0,6.0,12017.051857155848,2.0,148.0,1867.0,80.33999999999999,4179.0,3038.0,1277.0,0.0,60.0,60.0,360.0,0.58,112.34529276883327,4.1,3.7,4.7,7.0,88.0,False,1.3755760368663594
100354,80.0,1,6.0,20944.741326423584,2.0,140.0,2038.0,94.04,3014.0,1808.0,1017.0,0.0,0.0,0.0,600.0,1.12,49.7100580688561,3.5,2.4,3.8,26.0,118.0,True,1.6670353982300885
100356,39.0,1,4.0,24874.320267641346,1.0,145.0,1074.0,9.21,619.0,1021.0,219.0,4680.0,0.0,9360.0,240.0,0.88,85.67774002014337,4.0,3.3,4.4,10.0,88.0,False,0.6062683643486778
100357,63.0,1,6.0,11790.46293716258,2.0,138.0,2014.0,54.92000000000001,3523.0,2059.0,1352.0,0.0,0.0,0.0,240.0,0.51,104.8213126337636,3.8,3.7,3.8,9.0,109.0,False,1.711024769305488
100358,62.0,1,1.0,12312.442677167466,2.0,143.0,921.0,28.93,1807.0,1271.0,897.0,0.0,2100.0,2100.0,240.0,0.92,70.40096975542046,4.1,3.8,2.6,19.0,272.0,False,1.4217151848937843
100361,57.0,0,1.0,18499.76826945307,2.0,141.0,2610.0,157.05,4592.0,3437.0,1308.0,0.0,0.0,0.0,420.0,1.09,79.16079106526738,4.2,4.2,4.0,16.0,89.0,False,1.336048879837067
100362,70.0,1,3.0,90523.8508599872,2.0,134.0,870.0,30.8,1579.0,1512.0,539.0,270.0,0.0,540.0,240.0,0.46,102.8826911479194,4.0,3.5,4.2,9.0,98.0,False,1.0443121693121693
100363,63.0,0,2.0,9104.024372026184,1.0,137.0,8369.0,285.05999999999995,11019.0,10024.0,5543.0,480.0,360.0,1320.0,360.0,1.29,62.30289469304619,3.8,3.5,4.0,13.0,106.0,False,1.0992617717478053
100365,22.0,1,1.0,24357.020496101704,1.0,147.0,3184.0,82.4,5699.0,3415.0,1610.0,270.0,300.0,840.0,240.0,0.63,128.5506405819294,4.4,4.0,4.1,9.0,86.0,False,1.668814055636896
100369,55.0,1,6.0,17310.89501316175,1.0,137.0,2614.0,131.98,6604.0,2880.0,2318.0,90.0,1200.0,1380.0,300.0,0.68,102.78918416545584,3.6,3.8,4.1,23.0,99.0,False,2.2930555555555556
100373,74.0,0,6.0,21278.68532455309,1.0,148.0,4915.0,241.1,5009.0,6571.0,3955.0,0.0,300.0,300.0,300.0,0.89,89.92474988028759,4.0,3.9,4.3,18.0,116.0,False,0.762288844924669
100376,49.0,0,4.0,35932.74120913108,2.0,134.0,2390.0,90.07,4002.0,2799.0,1281.0,510.0,600.0,1620.0,180.0,1.3,67.34385309196786,4.3,3.6,4.0,18.0,97.0,False,1.429796355841372
100377,47.0,0,6.0,10423.518969890383,2.0,148.0,1663.0,72.49,2068.0,2067.0,905.0,0.0,0.0,0.0,600.0,0.78,110.69032318528816,4.5,3.1,4.0,12.0,92.0,False,1.000483792936623
100378,44.0,1,7.0,120284.1990065864,2.0,140.0,2434.0,122.6,4179.0,2365.0,1662.0,300.0,300.0,900.0,900.0,0.54,116.3553225545601,4.0,3.4,3.3,11.0,100.0,False,1.7670190274841437
100382,45.0,0,7.0,21615.43575158473,1.0,135.0,1255.0,58.78999999999999,2925.0,1356.0,1106.0,0.0,180.0,180.0,480.0,0.75,113.4111460478112,3.5,3.9,3.6,12.0,279.0,False,2.1570796460176993
100386,37.0,1,1.0,22127.527796768845,2.0,135.0,2885.0,132.93,6108.0,2289.0,2360.0,0.0,720.0,720.0,240.0,0.42,129.12107249552048,3.5,3.8,2.7,8.0,122.0,False,2.668414154652687
100388,56.0,1,3.0,33288.445295184225,2.0,137.0,1945.0,51.14999999999999,2218.0,2687.0,856.0,0.0,60.0,60.0,420.0,0.79,87.73594743984256,4.1,4.0,4.0,11.0,93.0,False,0.8254558987718645
100389,55.0,1,4.0,30327.68132240844,2.0,142.0,694.0,9.09,1414.0,418.0,113.0,1260.0,900.0,3420.0,780.0,1.02,64.96970297906948,3.6,3.7,3.6,22.0,106.0,False,3.382775119617225
100390,67.0,1,4.0,9271.031351230014,1.0,144.0,1924.0,81.62,4378.0,2431.0,1263.0,0.0,0.0,0.0,60.0,1.23,48.16514395272548,3.6,4.2,3.6,14.0,80.0,True,1.8009049773755657
100393,52.0,0,3.0,160432.98020040308,1.0,135.0,1313.0,50.930000000000014,1709.0,1624.0,681.0,0.0,0.0,0.0,420.0,0.84,104.92641704760922,3.9,4.1,4.3,16.0,109.0,False,1.0523399014778325
100396,65.0,1,1.0,12030.033455948616,2.0,136.0,2203.0,49.60999999999999,2187.0,2352.0,1449.0,0.0,0.0,0.0,120.0,0.6,99.5491462519208,3.9,3.7,3.9,14.0,85.0,False,0.9298469387755102
100399,74.0,1,3.0,58845.17265897308,2.0,141.0,4417.0,132.48,5531.0,4194.0,1995.0,0.0,0.0,0.0,720.0,0.9,67.08430609360083,4.0,3.0,3.8,22.0,66.0,False,1.3187887458273724
100402,51.0,1,3.0,101242.47675458837,2.0,140.0,895.0,35.190000000000005,906.0,1998.0,724.0,0.0,240.0,240.0,300.0,1.0,68.2079689795163,5.1,4.3,4.1,11.0,172.0,False,0.45345345345345345
100404,66.0,1,6.0,11815.549898841511,2.0,142.0,3103.0,118.80000000000004,4063.0,6327.0,2548.0,0.0,90.0,90.0,300.0,0.58,99.74355364214072,3.8,3.7,4.4,18.0,83.0,False,0.6421684842737474
100410,58.0,1,1.0,16476.98422367754,2.0,137.0,2273.0,63.49999999999999,3728.0,3337.0,1096.0,1200.0,20.0,2420.0,480.0,0.55,106.18217966382566,3.8,3.5,4.1,12.0,93.0,False,1.1171711117770453
100411,68.0,0,4.0,8633.27610468974,2.0,134.0,1268.0,91.18,2871.0,2362.0,1350.0,0.0,180.0,180.0,180.0,1.17,67.90281915308074,4.1,3.0,3.7,17.0,136.0,False,1.2154953429297206
100414,80.0,0,3.0,46483.40879342682,2.0,142.0,1144.0,45.88,2087.0,1730.0,763.0,0.0,0.0,0.0,600.0,1.49,47.14929750183402,5.1,3.2,4.0,20.0,92.0,True,1.2063583815028902
100415,49.0,1,4.0,22946.68120586313,2.0,142.0,3422.0,126.09,6312.0,3939.0,2272.0,0.0,0.0,0.0,720.0,0.73,100.75107781304224,3.9,2.8,3.8,12.0,95.0,False,1.6024371667936024
100418,31.0,0,3.0,196668.12924605503,1.0,141.0,2313.0,54.32000000000001,2993.0,3250.0,1176.0,120.0,420.0,660.0,600.0,0.94,111.14621970072784,3.8,3.4,4.3,13.0,90.0,False,0.920923076923077
100419,40.0,0,3.0,25622.623257336916,1.0,140.0,3443.0,207.56,14210.0,2927.0,1744.0,0.0,0.0,0.0,480.0,1.27,73.24442719036647,4.2,3.5,4.2,20.0,88.0,False,4.854800136658695
100421,50.0,1,2.0,55500.2622780362,2.0,134.0,1216.0,39.45,1148.0,2727.0,995.0,0.0,0.0,0.0,180.0,0.64,107.5963976432085,3.9,4.1,3.8,17.0,97.0,False,0.420975430876421
100422,66.0,0,4.0,7096.618477040731,1.0,146.0,4138.0,114.65,5551.0,2863.0,1994.0,2100.0,2460.0,6660.0,180.0,1.11,73.23611200384849,4.5,3.8,3.5,12.0,99.0,False,1.938875305623472
100425,79.0,0,4.0,11325.890132935583,1.0,139.0,1469.0,59.19000000000001,2326.0,2899.0,1285.0,900.0,0.0,1800.0,360.0,1.63,42.59657009065642,4.5,2.7,3.8,18.0,105.0,True,0.8023456364263539
100427,38.0,1,1.0,67254.30310915323,1.0,148.0,1056.0,41.530000000000015,1857.0,1269.0,795.0,45.0,120.0,210.0,300.0,0.52,121.8827909103916,3.6,4.2,3.8,9.0,80.0,False,1.4633569739952719
100428,29.0,1,3.0,12289.744632717791,2.0,148.0,4503.0,263.68,10714.0,5053.0,3088.0,0.0,2040.0,2040.0,540.0,0.72,116.000080086027,4.2,4.3,4.5,16.0,95.0,False,2.1203245596675244
100433,67.0,0,2.0,10774.861771980695,1.0,135.0,2236.0,111.23000000000002,5967.0,2554.0,1575.0,0.0,0.0,0.0,60.0,0.8,96.99936643043588,4.3,3.1,4.0,16.0,252.0,False,2.336335160532498
100434,32.0,1,1.0,47992.44562892405,2.0,141.0,748.0,95.28,2221.0,2823.0,959.0,0.0,120.0,120.0,120.0,0.61,121.74208949311374,3.6,3.1,4.1,11.0,93.0,False,0.7867516826071556
100436,48.0,1,1.0,62243.9903132519,2.0,142.0,1078.0,33.32,2247.0,1250.0,432.0,0.0,0.0,0.0,480.0,0.64,108.94310436439524,3.9,3.6,3.7,13.0,107.0,False,1.7976
100438,22.0,1,1.0,20472.010977374463,2.0,135.0,2969.0,135.52999999999997,6432.0,3044.0,2197.0,80.0,1080.0,1240.0,300.0,0.68,126.20619390156428,4.3,3.5,4.2,12.0,88.0,False,2.1130091984231276
100439,19.0,0,7.0,25431.907979849195,2.0,139.0,523.0,6.8,860.0,57.0,40.0,780.0,630.0,2190.0,360.0,0.88,127.03303409300769,4.6,3.4,4.3,12.0,88.0,False,15.087719298245615
100445,61.0,1,4.0,21636.63086092469,2.0,143.0,2617.0,190.74,4045.0,3571.0,2049.0,0.0,3360.0,3360.0,120.0,0.79,85.04965031547864,4.4,4.5,4.2,24.0,92.0,False,1.1327359283113974
100446,60.0,0,2.0,11257.582121163105,2.0,140.0,3690.0,104.61,3325.0,4549.0,2788.0,0.0,0.0,0.0,480.0,0.97,89.37021838168954,4.3,3.4,3.7,12.0,118.0,False,0.7309298746977357
100447,50.0,0,3.0,37824.625272367935,1.0,137.0,1422.0,58.54,1368.0,1910.0,1079.0,240.0,1680.0,2160.0,45.0,0.87,105.1197667153452,3.8,3.4,4.0,18.0,112.0,False,0.7162303664921466
100451,40.0,1,6.0,27188.82731085248,1.0,137.0,1067.0,54.68,2289.0,2776.0,732.0,0.0,240.0,240.0,60.0,0.6,116.29545162194964,3.7,2.8,3.9,11.0,93.0,False,0.8245677233429395
100455,80.0,0,3.0,18455.32108804352,1.0,140.0,2707.0,92.23,3586.0,3681.0,1680.0,0.0,0.0,0.0,600.0,2.74,22.69854780785072,4.0,3.9,3.7,63.0,231.0,True,0.9741917957076881
100457,19.0,1,2.0,39261.723815802936,1.0,134.0,895.0,31.52,682.0,1403.0,479.0,0.0,10.0,10.0,60.0,0.66,129.51147568059275,3.6,3.9,3.6,10.0,79.0,False,0.48610121168923737
100460,55.0,0,3.0,80850.9082236445,2.0,140.0,2386.0,51.8,2453.0,4645.0,2402.0,0.0,60.0,60.0,480.0,0.85,102.61944208753508,4.1,3.5,4.2,8.0,111.0,False,0.5280947255113024
100461,19.0,1,7.0,15090.265725756177,1.0,146.0,2683.0,110.36999999999998,5267.0,3144.0,1743.0,30.0,0.0,60.0,360.0,0.69,128.13144072828976,3.4,3.6,3.8,7.0,92.0,False,1.6752544529262086
100463,28.0,0,4.0,34532.31190394711,1.0,137.0,2123.0,57.86,3224.0,1714.0,1299.0,960.0,720.0,2640.0,300.0,0.9,119.30540843392212,3.7,3.3,4.0,12.0,82.0,False,1.88098016336056
100464,32.0,0,7.0,37499.75057742822,2.0,145.0,4219.0,118.44,6560.0,3568.0,1945.0,990.0,1980.0,3960.0,180.0,1.13,88.56313482239625,4.1,4.0,4.2,15.0,96.0,False,1.8385650224215246
100467,19.0,0,2.0,26233.967312655,2.0,147.0,1521.0,61.84,1664.0,2032.0,973.0,0.0,0.0,0.0,420.0,0.96,116.77092805476404,4.2,3.8,4.6,14.0,99.0,False,0.8188976377952756
100468,52.0,1,4.0,10544.817670949738,1.0,147.0,542.0,37.32,1245.0,1385.0,672.0,0.0,135.0,135.0,120.0,0.81,87.2875065311137,3.5,3.3,4.4,12.0,88.0,False,0.8989169675090253
100469,75.0,0,3.0,18019.36897367319,1.0,147.0,626.0,14.78,605.0,843.0,383.0,0.0,0.0,0.0,960.0,1.91,36.10470041620412,6.0,4.7,3.8,47.0,201.0,True,0.7176749703440095
100474,67.0,1,3.0,55253.66834089973,2.0,146.0,1612.0,50.37,3451.0,1280.0,743.0,0.0,0.0,0.0,720.0,0.65,96.44014551940788,4.3,3.6,3.3,10.0,152.0,False,2.69609375
100476,38.0,1,6.0,28062.78279227756,2.0,134.0,1946.0,96.35,2976.0,2686.0,1520.0,0.0,0.0,0.0,600.0,0.65,115.501354460837,3.9,3.7,3.8,10.0,75.0,False,1.1079672375279226
100479,18.0,1,4.0,27661.227766979468,2.0,143.0,4738.0,157.18,7698.0,4193.0,2868.0,0.0,0.0,0.0,780.0,0.51,138.6739657271645,3.7,2.9,3.0,7.0,73.0,False,1.8359170045313618
100481,59.0,1,6.0,15640.712171412377,2.0,135.0,1828.0,76.24000000000001,2893.0,2702.0,1546.0,0.0,375.0,375.0,420.0,0.76,90.20918233057064,4.4,4.1,4.6,25.0,102.0,False,1.0706883789785344
100483,51.0,1,1.0,18503.78543218126,1.0,137.0,1867.0,75.41,4691.0,2810.0,1520.0,0.0,0.0,0.0,60.0,0.47,115.18886887893348,4.0,3.7,4.2,13.0,122.0,False,1.6693950177935943
100484,55.0,1,3.0,52394.69010465933,2.0,141.0,1021.0,40.82,1976.0,5200.0,733.0,120.0,480.0,720.0,960.0,0.73,97.06075278137192,4.3,4.8,3.7,13.0,105.0,False,0.38
100485,67.0,0,3.0,165354.9622659442,2.0,147.0,3352.0,114.6,5642.0,3293.0,2094.0,0.0,960.0,960.0,360.0,1.14,70.48975896732709,5.0,3.3,4.0,18.0,115.0,False,1.7133313088369269
100488,19.0,0,4.0,19108.19194909147,2.0,146.0,2575.0,92.33,3087.0,3126.0,1642.0,180.0,0.0,360.0,120.0,0.85,128.3707038571647,3.9,3.9,4.5,15.0,87.0,False,0.9875239923224568
100490,80.0,1,3.0,35616.251326064135,2.0,139.0,1809.0,54.93,1776.0,1878.0,943.0,0.0,0.0,0.0,360.0,1.06,53.10542139539293,4.1,3.8,3.7,23.0,81.0,True,0.9456869009584664
100492,55.0,0,4.0,21369.608623623863,1.0,137.0,4853.0,194.14,9007.0,4616.0,3027.0,720.0,0.0,1440.0,180.0,1.52,53.77886505907178,3.8,4.2,4.1,15.0,83.0,True,1.951256499133449
100494,29.0,0,6.0,27925.59972914538,1.0,136.0,5180.0,388.21,10136.0,5597.0,6064.0,720.0,1260.0,2700.0,420.0,1.07,96.33622015860897,4.0,2.7,4.4,20.0,86.0,False,1.8109701625871002
100497,80.0,1,3.0,28551.21086266816,1.0,140.0,694.0,49.220000000000006,1584.0,1731.0,814.0,0.0,0.0,0.0,600.0,1.17,47.17184507926393,4.9,4.0,4.4,30.0,86.0,True,0.9150779896013865
100499,52.0,1,2.0,14190.534259718095,2.0,137.0,3725.0,92.49,4618.0,4280.0,2030.0,360.0,180.0,900.0,240.0,0.61,107.50300387611937,4.0,3.0,3.9,14.0,107.0,False,1.0789719626168224
100500,34.0,1,4.0,13138.717070515104,1.0,148.0,2316.0,95.5,3575.0,1708.0,1722.0,90.0,0.0,180.0,120.0,0.7,116.3146983724907,3.8,3.5,2.9,11.0,91.0,False,2.0930913348946136
100501,72.0,0,1.0,12420.477238147316,1.0,148.0,1054.0,62.38999999999999,1314.0,2175.0,930.0,0.0,420.0,420.0,300.0,1.1,71.32398286604203,4.5,3.7,4.0,22.0,224.0,False,0.6041379310344828
100508,80.0,1,3.0,29388.37179857992,1.0,142.0,998.0,50.21,2829.0,2504.0,1105.0,180.0,2640.0,3000.0,300.0,1.28,42.35005065108829,4.5,4.1,4.2,23.0,108.0,True,1.1297923322683705
100509,79.0,1,3.0,66732.82859847233,1.0,142.0,1207.0,44.970000000000006,1769.0,1890.0,977.0,0.0,210.0,210.0,240.0,0.96,60.18405221608304,3.3,3.3,4.2,22.0,118.0,False,0.935978835978836
100510,37.0,1,4.0,22419.27649976081,2.0,143.0,2183.0,39.51,3314.0,1772.0,923.0,0.0,0.0,0.0,240.0,0.58,119.4576748340346,4.3,4.0,3.0,11.0,74.0,False,1.8702031602708804
100511,64.0,1,4.0,16508.64081585306,2.0,145.0,2887.0,65.65,3720.0,3609.0,1291.0,200.0,80.0,480.0,60.0,0.92,69.53070394373066,4.0,3.1,3.7,16.0,89.0,False,1.030756442227764
100513,56.0,0,4.0,18425.900128877285,1.0,144.0,1440.0,50.03,2147.0,1947.0,745.0,0.0,0.0,0.0,120.0,0.85,101.98320154659235,3.8,4.0,4.2,7.0,87.0,False,1.1027221366204416
100514,37.0,0,1.0,68845.44831571306,1.0,136.0,4900.0,169.77,9602.0,5507.0,3780.0,240.0,1200.0,1680.0,360.0,0.73,120.1735242503558,4.1,3.8,4.2,12.0,101.0,False,1.7435990557472307
100515,70.0,1,6.0,7711.386790800771,2.0,143.0,1917.0,63.579999999999984,3309.0,4157.0,1403.0,900.0,200.0,2000.0,120.0,0.64,95.01180734661698,3.9,3.6,4.5,12.0,95.0,False,0.7960067356266538
100516,61.0,0,2.0,12352.525121180395,1.0,145.0,3229.0,97.43999999999998,5093.0,3036.0,1681.0,360.0,180.0,900.0,120.0,0.81,100.3103263877649,3.6,3.1,3.9,11.0,114.0,False,1.6775362318840579
100521,58.0,0,6.0,11726.218558257868,1.0,148.0,2977.0,85.93,6013.0,3211.0,1615.0,0.0,420.0,420.0,240.0,0.89,99.3334135288831,4.2,3.6,3.9,16.0,120.0,False,1.8726253503581438
100524,20.0,0,1.0,56412.14400981182,2.0,142.0,2034.0,57.47,2597.0,5276.0,831.0,1860.0,1500.0,5220.0,120.0,0.9,125.3915273999994,4.1,3.6,4.0,16.0,64.0,False,0.4922289613343442
100526,33.0,1,2.0,75035.5640439237,1.0,140.0,2086.0,94.94,3975.0,2044.0,1665.0,0.0,165.0,165.0,300.0,0.6,121.4702101109062,4.0,3.6,4.2,12.0,92.0,False,1.9447162426614482
100528,47.0,1,3.0,288489.4049815192,1.0,135.0,2297.0,77.42999999999999,4314.0,3145.0,1287.0,0.0,230.0,230.0,480.0,0.68,108.0327620674876,3.9,3.0,4.1,14.0,84.0,False,1.3717011128775836
100530,52.0,0,6.0,10205.49938619631,2.0,138.0,1445.0,51.56,3272.0,2079.0,787.0,240.0,0.0,480.0,360.0,1.22,71.33376787166164,3.9,3.3,4.5,12.0,92.0,False,1.5738335738335738
100531,80.0,0,7.0,15766.92864847618,1.0,140.0,4527.0,69.76,3345.0,6395.0,1514.0,2100.0,2100.0,6300.0,180.0,0.77,90.50420878425112,5.1,3.3,4.1,14.0,110.0,False,0.5230648944487881
100532,46.0,1,4.0,26406.11376700752,1.0,147.0,1869.0,87.23,2907.0,1451.0,1045.0,0.0,0.0,0.0,180.0,0.65,109.8952740615666,3.2,2.6,4.0,13.0,97.0,False,2.003445899379738
100534,77.0,1,6.0,18693.822020494837,2.0,134.0,1613.0,80.17,1974.0,4023.0,1659.0,0.0,0.0,0.0,60.0,0.9,65.84425817437007,3.7,2.5,3.5,22.0,140.0,False,0.4906785980611484
100535,56.0,1,6.0,15780.845674832884,2.0,135.0,1861.0,59.04999999999999,2952.0,1614.0,953.0,0.0,720.0,720.0,480.0,0.78,89.0874558563461,3.8,3.3,4.7,15.0,88.0,False,1.828996282527881
100537,32.0,1,1.0,21655.051843518617,2.0,141.0,4230.0,158.19,6862.0,4663.0,2782.0,0.0,0.0,0.0,420.0,0.52,126.51686906595256,3.9,3.1,3.7,9.0,106.0,False,1.471584816641647
100544,61.0,1,4.0,11931.97797423952,2.0,142.0,789.0,33.41,1767.0,1400.0,671.0,0.0,210.0,210.0,420.0,0.69,98.67642132440872,3.6,3.1,3.6,6.0,119.0,False,1.2621428571428572
100546,31.0,1,3.0,98477.90450712272,1.0,135.0,2303.0,128.42000000000002,5258.0,3978.0,1750.0,180.0,240.0,600.0,480.0,0.77,105.697909865923,3.9,4.3,4.3,20.0,77.0,False,1.3217697335344394
100548,33.0,1,3.0,227915.56761898324,2.0,134.0,2095.0,72.52999999999999,3454.0,6088.0,1578.0,135.0,1005.0,1275.0,300.0,0.73,111.29248053741262,3.6,3.6,4.4,10.0,86.0,False,0.5673455978975033
100549,76.0,1,3.0,45693.75747590455,1.0,147.0,1832.0,99.84,4109.0,2238.0,1330.0,0.0,0.0,0.0,1.0,0.66,90.85541557293442,3.8,3.7,4.0,19.0,87.0,False,1.8360142984807863
100551,66.0,0,3.0,221823.4189005952,1.0,141.0,3411.0,113.82,6778.0,4827.0,1870.0,720.0,390.0,1830.0,240.0,1.11,73.23611200384849,4.9,4.7,3.9,18.0,90.0,False,1.404184793867827
100554,65.0,0,4.0,5580.4061522491975,2.0,145.0,2499.0,126.11,4165.0,3292.0,1601.0,0.0,360.0,360.0,480.0,1.11,73.69300865752514,4.5,3.0,4.0,23.0,199.0,False,1.2651883353584448
100556,65.0,1,3.0,33221.70210941017,2.0,139.0,1897.0,79.66999999999999,3693.0,2938.0,1488.0,0.0,0.0,0.0,720.0,0.78,84.2378915975729,4.3,4.4,3.8,26.0,229.0,False,1.2569775357385977
100557,52.0,0,4.0,26029.94083889937,1.0,134.0,644.0,42.120000000000005,1783.0,1524.0,416.0,960.0,0.0,1920.0,300.0,1.03,87.40218530148034,3.9,3.1,4.2,13.0,97.0,False,1.1699475065616798
100558,60.0,0,1.0,15506.810324647167,2.0,148.0,1442.0,41.63999999999999,2344.0,2050.0,723.0,3540.0,3540.0,10620.0,120.0,1.23,67.2098253035453,4.5,3.2,4.2,19.0,114.0,False,1.1434146341463414
100563,45.0,1,4.0,23397.779968881503,2.0,146.0,2089.0,73.52000000000001,3613.0,1159.0,1120.0,0.0,0.0,0.0,360.0,0.93,77.24344327801293,4.4,3.8,4.2,9.0,95.0,False,3.117342536669543
100565,70.0,0,3.0,10077.037650845456,2.0,139.0,3044.0,91.4,5031.0,4939.0,1923.0,0.0,0.0,0.0,600.0,0.97,83.98132904132181,5.0,3.9,4.1,8.0,98.0,False,1.018627252480259
100568,46.0,0,1.0,13889.592685405752,2.0,136.0,3357.0,91.34000000000002,5160.0,4204.0,1966.0,0.0,180.0,180.0,60.0,0.68,116.09286830446273,4.1,2.4,3.8,8.0,302.0,False,1.2274024738344433
100570,69.0,1,1.0,15876.457129484468,1.0,137.0,1866.0,92.52000000000004,3314.0,2541.0,1184.0,0.0,0.0,0.0,240.0,0.87,72.07653131130482,4.0,3.7,3.7,22.0,114.0,False,1.304210940574577
100571,30.0,0,4.0,32421.820823037244,1.0,144.0,3116.0,97.40999999999998,4343.0,4962.0,1470.0,480.0,480.0,1440.0,480.0,0.96,109.0494923920825,4.5,4.1,4.3,15.0,90.0,False,0.8752519145505845
100572,41.0,0,3.0,22335.735206235757,2.0,143.0,3905.0,113.57,3352.0,4198.0,3110.0,2880.0,0.0,5760.0,60.0,0.95,103.12636693624476,5.1,3.7,3.8,12.0,101.0,False,0.7984754645069081
100574,53.0,1,2.0,10994.960771548083,2.0,138.0,1170.0,51.27,1809.0,2202.0,697.0,0.0,0.0,0.0,180.0,0.58,108.14288112235046,4.1,3.8,4.2,20.0,128.0,False,0.8215258855585831
100575,50.0,1,6.0,11704.520068890146,2.0,140.0,877.0,54.09,1401.0,1482.0,604.0,0.0,1440.0,1440.0,120.0,0.79,91.07173614677602,3.5,4.1,4.2,19.0,96.0,False,0.9453441295546559
100576,62.0,0,2.0,15782.293301527783,1.0,140.0,1612.0,44.46000000000001,1924.0,1543.0,784.0,0.0,0.0,0.0,60.0,1.02,83.09916864950496,3.5,2.9,4.1,10.0,154.0,False,1.2469215813350616
100577,27.0,1,4.0,41679.59462975782,2.0,144.0,2093.0,54.4,2641.0,2084.0,934.0,0.0,960.0,960.0,300.0,0.94,85.29152422225309,4.2,4.2,4.2,14.0,79.0,False,1.267274472168906
100579,59.0,0,3.0,268261.5134782995,2.0,146.0,2690.0,116.60000000000002,5286.0,3698.0,1593.0,1440.0,1200.0,4080.0,180.0,1.38,58.90674208751738,4.9,3.0,3.8,22.0,99.0,True,1.429421308815576
100580,65.0,0,2.0,10208.911608167737,1.0,138.0,4190.0,140.67999999999998,6917.0,3409.0,3156.0,0.0,0.0,0.0,180.0,1.14,71.37202858095223,3.9,4.2,4.0,18.0,91.0,False,2.0290407744206513
100581,78.0,0,4.0,8951.455937327493,2.0,145.0,1284.0,29.3,1797.0,1091.0,414.0,0.0,0.0,0.0,120.0,1.36,53.26648923381728,5.2,3.0,3.7,10.0,115.0,True,1.6471127406049495
100583,29.0,1,1.0,18116.605257252264,2.0,136.0,4134.0,154.95,8339.0,4298.0,2503.0,0.0,920.0,920.0,120.0,0.54,127.7324870448453,4.0,2.9,3.6,14.0,79.0,False,1.9402047463936716
100584,63.0,0,3.0,107744.0110629476,1.0,134.0,2185.0,123.02,4046.0,3124.0,1632.0,210.0,120.0,540.0,720.0,0.97,87.71821719394848,4.6,2.4,4.1,28.0,130.0,False,1.295134443021767
100586,80.0,0,3.0,17027.958198697597,2.0,135.0,1958.0,102.99,4404.0,2885.0,1759.0,0.0,0.0,0.0,600.0,0.77,90.50420878425112,4.4,3.0,3.8,19.0,113.0,False,1.5265164644714038
100589,33.0,1,1.0,22733.345440706027,2.0,136.0,1933.0,105.64000000000004,2558.0,3897.0,2190.0,0.0,0.0,0.0,180.0,0.6,121.4702101109062,3.9,4.4,4.4,18.0,87.0,False,0.6564023607903515
100592,18.0,0,1.0,22179.593269615005,2.0,136.0,3133.0,114.88,6276.0,3261.0,2698.0,480.0,180.0,1140.0,600.0,0.69,137.56850579557965,4.2,4.5,4.8,15.0,98.0,False,1.924563017479301
100594,59.0,0,4.0,15867.504261411925,1.0,145.0,1935.0,39.48,1340.0,1746.0,1164.0,0.0,0.0,0.0,120.0,0.55,114.1617459662448,4.3,3.6,2.1,2.0,66.0,False,0.7674684994272624
100597,71.0,0,1.0,11604.510736427515,2.0,136.0,1920.0,118.66,3407.0,3125.0,1635.0,840.0,0.0,1680.0,30.0,0.98,82.43972339633656,4.7,3.7,4.2,20.0,98.0,False,1.09024
100599,54.0,0,1.0,43860.6655419532,2.0,140.0,1954.0,104.59,3835.0,2814.0,1361.0,0.0,40.0,40.0,360.0,0.95,95.11666607797189,4.2,3.8,3.8,22.0,132.0,False,1.3628287135749821
100607,19.0,0,6.0,6937.805360933469,1.0,146.0,3585.0,118.79,4586.0,2312.0,1435.0,1080.0,0.0,2160.0,420.0,1.04,106.0767497719553,4.1,3.8,4.8,14.0,93.0,False,1.9835640138408304
100610,41.0,1,4.0,14809.10431637238,1.0,144.0,1379.0,34.510000000000005,1581.0,1124.0,504.0,0.0,0.0,0.0,300.0,0.75,102.51128502382936,3.3,3.1,4.0,9.0,98.0,False,1.4065836298932384
100611,43.0,0,1.0,23478.965989011216,1.0,137.0,6145.0,179.05000000000004,7994.0,3979.0,2774.0,1800.0,300.0,3900.0,180.0,0.8,112.61418023534856,3.6,2.8,4.4,16.0,88.0,False,2.0090474993717016
100614,18.0,0,3.0,30429.235478569,1.0,140.0,1648.0,77.69,4103.0,1207.0,1307.0,0.0,0.0,0.0,480.0,0.74,134.69251625253335,4.4,4.4,4.4,15.0,83.0,False,3.3993371996686
100617,76.0,0,3.0,93068.63810139036,2.0,143.0,1895.0,90.95,2363.0,3317.0,1478.0,0.0,30.0,30.0,240.0,0.99,78.94789326920757,4.9,4.3,4.1,16.0,146.0,False,0.7123907145010552
100619,28.0,1,3.0,84653.96980361597,2.0,147.0,2296.0,130.94999999999993,4527.0,3063.0,1972.0,360.0,2340.0,3060.0,300.0,0.79,104.42531231396642,3.8,4.2,4.3,20.0,77.0,False,1.4779627815866798
100621,40.0,0,7.0,310518.3884875747,2.0,135.0,3818.0,157.10000000000002,5441.0,5264.0,1919.0,0.0,60.0,60.0,120.0,0.65,122.16011838109496,4.4,3.3,4.3,17.0,105.0,False,1.0336246200607904
100622,43.0,0,7.0,54682.76417279327,1.0,135.0,1570.0,39.03,2023.0,1139.0,652.0,0.0,20.0,20.0,420.0,1.13,82.70692935235138,3.8,3.2,4.2,10.0,82.0,False,1.7761194029850746
100623,36.0,1,3.0,129734.09806984397,2.0,143.0,1855.0,70.35000000000001,3790.0,3152.0,1052.0,0.0,30.0,30.0,540.0,0.85,91.00128413913762,4.2,2.8,4.2,11.0,85.0,False,1.2024111675126903
100624,23.0,0,1.0,34018.090785322645,2.0,148.0,3831.0,132.07,7517.0,2936.0,2355.0,900.0,300.0,2100.0,60.0,0.79,128.01563832562462,4.4,3.8,4.1,23.0,113.0,False,2.5602861035422344
100625,54.0,1,1.0,21002.990326377527,1.0,135.0,853.0,61.41,2188.0,1580.0,884.0,0.0,0.0,0.0,240.0,0.51,110.85586171453662,4.2,4.1,4.1,16.0,96.0,False,1.3848101265822785
100627,43.0,1,7.0,49571.89281423656,2.0,139.0,1024.0,33.96,827.0,4849.0,690.0,0.0,210.0,210.0,720.0,0.87,84.72665783442272,4.2,3.0,4.0,7.0,93.0,False,0.17055062899566922
100628,33.0,0,6.0,21041.37404515132,1.0,141.0,1556.0,74.41000000000001,2871.0,2027.0,1216.0,0.0,165.0,165.0,300.0,1.63,56.70495105810091,4.1,4.3,4.6,18.0,89.0,True,1.4163788850518007
100629,67.0,0,1.0,5798.116256484363,1.0,137.0,2043.0,77.65,3539.0,1810.0,1569.0,1500.0,720.0,3720.0,20.0,0.66,102.80158368685888,3.6,4.2,4.2,21.0,62.0,False,1.9552486187845304
100630,18.0,0,7.0,8907.301347537881,2.0,146.0,3487.0,142.55,6222.0,2662.0,2256.0,720.0,360.0,1800.0,300.0,0.95,118.9851856976651,4.6,3.7,4.0,13.0,91.0,False,2.3373403456048085
100632,39.0,0,3.0,38677.31116835402,1.0,146.0,1544.0,49.09,2849.0,1175.0,889.0,240.0,90.0,570.0,120.0,1.21,78.10837727508611,3.7,3.1,4.1,8.0,91.0,False,2.4246808510638296
100634,38.0,0,4.0,34407.893193117474,1.0,147.0,1919.0,42.41000000000001,1994.0,2765.0,676.0,30.0,0.0,60.0,240.0,0.68,122.01510617187198,4.0,3.1,4.3,6.0,191.0,False,0.7211573236889692
100635,39.0,0,6.0,27196.589050736307,2.0,134.0,3322.0,171.85,5326.0,5559.0,2847.0,0.0,240.0,240.0,600.0,0.76,117.25316687209838,4.3,4.5,4.1,15.0,87.0,False,0.9580859866882533
100636,46.0,0,4.0,15076.732337510415,2.0,138.0,2797.0,91.22,5018.0,2814.0,1500.0,0.0,0.0,0.0,300.0,0.85,108.52722977268286,4.4,3.5,4.1,12.0,177.0,False,1.783226723525231
100638,42.0,0,1.0,29404.21356842099,1.0,148.0,1615.0,60.67999999999999,2994.0,1255.0,1030.0,0.0,30.0,30.0,30.0,1.44,62.21599433394117,4.0,3.2,3.8,22.0,101.0,False,2.3856573705179285
100639,80.0,1,3.0,21144.55989047236,1.0,142.0,2474.0,80.88000000000001,2794.0,2188.0,1119.0,0.0,1500.0,1500.0,360.0,1.03,54.966897914086125,4.1,3.8,4.1,36.0,102.0,True,1.276965265082267
100642,65.0,0,4.0,6279.819428283688,2.0,142.0,1780.0,57.91,3141.0,2119.0,1154.0,0.0,0.0,0.0,360.0,1.34,58.78792132451039,4.4,3.9,4.1,17.0,95.0,True,1.482302973100519
100644,31.0,1,3.0,30006.628727914715,1.0,140.0,1095.0,38.9,1438.0,1316.0,878.0,240.0,420.0,900.0,120.0,0.66,120.1977009132596,3.7,2.8,4.7,15.0,90.0,False,1.0927051671732524
100646,80.0,0,3.0,47558.3281920548,2.0,137.0,1335.0,35.06,2717.0,2492.0,878.0,0.0,0.0,0.0,600.0,1.18,62.37927741583468,5.1,3.8,3.4,22.0,95.0,False,1.0902889245585874
100647,33.0,0,3.0,68581.62948350213,1.0,141.0,1838.0,88.95,3470.0,2694.0,1713.0,0.0,0.0,0.0,300.0,1.0,101.91687651874598,3.5,3.9,4.4,25.0,102.0,False,1.2880475129918336
100649,43.0,0,3.0,32446.078280594425,2.0,142.0,2196.0,122.70000000000002,3894.0,2808.0,1775.0,0.0,0.0,0.0,360.0,1.03,92.43391752955696,4.1,3.4,4.2,10.0,89.0,False,1.3867521367521367
100653,25.0,0,4.0,39554.53593984553,1.0,138.0,1709.0,93.01,2449.0,2701.0,1149.0,0.0,540.0,540.0,480.0,0.97,111.1035881213219,3.5,3.3,4.3,11.0,104.0,False,0.9067012217697149
100654,74.0,1,3.0,64788.408749926486,1.0,146.0,2658.0,87.46000000000001,5266.0,2519.0,1373.0,0.0,0.0,0.0,1080.0,0.68,91.33311604274913,4.1,3.6,3.7,22.0,95.0,False,2.090512107979357
100663,71.0,1,3.0,171414.649051174,2.0,147.0,2246.0,72.55999999999999,3765.0,3131.0,1536.0,0.0,60.0,60.0,720.0,0.88,70.21594730108657,4.0,3.0,3.6,14.0,85.0,False,1.202491216863622
100667,20.0,0,4.0,29537.080867663062,1.0,141.0,892.0,30.64,1284.0,637.0,334.0,2280.0,1920.0,6480.0,300.0,1.22,87.04170851898348,4.2,3.8,4.4,16.0,82.0,False,2.0156985871271584
100672,25.0,1,1.0,32668.23283826482,1.0,135.0,2351.0,80.93000000000002,3679.0,3024.0,2166.0,0.0,0.0,0.0,240.0,0.62,126.66187060068124,4.0,5.2,4.5,14.0,85.0,False,1.216600529100529
100673,35.0,1,4.0,20522.26824508349,2.0,145.0,2899.0,74.78999999999999,4891.0,1441.0,1322.0,0.0,0.0,0.0,180.0,0.64,118.11711889319604,4.6,3.4,4.1,4.0,89.0,False,3.394170714781402
100674,80.0,0,3.0,9849.260369141426,1.0,140.0,2027.0,89.5,4108.0,4278.0,1566.0,0.0,0.0,0.0,720.0,1.22,59.93312895112101,4.3,3.8,4.3,17.0,106.0,True,0.9602618045815802
100675,21.0,1,4.0,45399.07412639096,1.0,138.0,1462.0,40.98000000000001,1997.0,1571.0,815.0,0.0,0.0,0.0,600.0,0.68,126.9935539359673,3.6,4.0,3.9,9.0,81.0,False,1.271164863144494
100677,56.0,1,3.0,57443.01486505906,1.0,135.0,1355.0,24.76,1628.0,2395.0,534.0,0.0,0.0,0.0,360.0,0.72,98.06885034418411,3.9,3.5,4.0,8.0,89.0,False,0.679749478079332
100680,18.0,0,4.0,19839.24716269564,1.0,141.0,3111.0,68.67,3825.0,5654.0,1365.0,0.0,0.0,0.0,120.0,0.88,127.82555251862314,4.2,3.8,4.4,10.0,86.0,False,0.6765122037495578
100681,56.0,1,2.0,18577.27280042828,1.0,148.0,1791.0,50.62,2549.0,2706.0,1020.0,30.0,60.0,120.0,60.0,0.82,83.89835718328561,3.9,4.6,3.6,16.0,94.0,False,0.9419807834441981
100684,35.0,1,4.0,27255.02022206622,1.0,139.0,2227.0,52.99,3902.0,1791.0,841.0,750.0,60.0,1560.0,600.0,0.71,113.64261556869332,3.5,3.1,3.7,8.0,84.0,False,2.1786711334450026
100689,21.0,0,4.0,32339.98889272834,1.0,144.0,1808.0,71.27000000000001,2896.0,1209.0,929.0,240.0,90.0,570.0,480.0,1.18,90.03259906192082,4.0,3.9,4.3,13.0,105.0,False,2.3953680727874276
100692,62.0,0,3.0,142001.40095808572,1.0,136.0,2462.0,112.38,2963.0,2496.0,1844.0,0.0,80.0,80.0,240.0,0.98,87.18576735000006,3.3,3.3,4.0,17.0,88.0,False,1.187099358974359
100693,49.0,1,4.0,27784.46840339759,2.0,144.0,4353.0,93.26,4516.0,3342.0,1624.0,0.0,45.0,45.0,240.0,0.82,87.63155336584184,4.1,3.5,3.6,9.0,163.0,False,1.3512866546977857
100696,70.0,0,3.0,25073.476885256587,2.0,142.0,1184.0,29.020000000000003,1825.0,2376.0,818.0,40.0,30.0,110.0,480.0,0.91,90.66906841997049,4.2,4.8,4.1,15.0,79.0,False,0.7680976430976431
100697,32.0,0,3.0,79818.10256698779,2.0,137.0,2934.0,171.31,5879.0,3932.0,2121.0,3720.0,3720.0,11160.0,240.0,1.0,102.55270327907624,3.7,2.7,3.8,15.0,84.0,False,1.4951678535096642
100698,48.0,1,6.0,16253.378797099098,1.0,137.0,1397.0,74.1,3485.0,3045.0,1519.0,250.0,30.0,530.0,300.0,0.64,108.94310436439524,4.1,3.9,4.3,13.0,88.0,False,1.1444991789819376
100701,33.0,1,4.0,30878.071128045416,1.0,147.0,426.0,21.06,1534.0,826.0,380.0,180.0,2535.0,2895.0,240.0,0.65,119.14947006386863,3.7,3.3,3.7,10.0,85.0,False,1.8571428571428572
100705,56.0,1,3.0,160725.956027591,1.0,139.0,1847.0,55.89000000000001,2962.0,1641.0,877.0,0.0,0.0,0.0,360.0,0.61,104.861621547752,4.0,3.6,4.3,11.0,109.0,False,1.804996953077392
100707,34.0,1,3.0,115896.93251844934,2.0,142.0,1540.0,51.080000000000005,1689.0,2348.0,979.0,0.0,0.0,0.0,180.0,0.55,123.27522909151948,3.6,4.2,4.3,17.0,88.0,False,0.719335604770017
100709,38.0,0,3.0,31750.542806702302,2.0,139.0,2426.0,60.54,2495.0,2510.0,1386.0,1680.0,600.0,3960.0,120.0,1.03,95.35344707414993,4.3,3.3,4.2,18.0,84.0,False,0.9940239043824701
100710,33.0,0,2.0,35117.40041605838,2.0,143.0,1954.0,78.94000000000001,5538.0,1469.0,1112.0,0.0,0.0,0.0,240.0,1.25,77.9747677035962,4.5,3.8,4.0,18.0,80.0,False,3.769911504424779
100711,69.0,1,3.0,138560.39868862787,1.0,134.0,2355.0,67.33000000000001,2188.0,3528.0,1233.0,0.0,240.0,240.0,720.0,0.64,95.60455559128292,3.9,3.7,4.0,15.0,92.0,False,0.6201814058956916
100713,38.0,1,3.0,125026.31809892593,1.0,134.0,955.0,51.67999999999999,1722.0,1433.0,877.0,0.0,825.0,825.0,360.0,0.79,98.12862352229398,4.1,4.1,4.6,15.0,79.0,False,1.2016748080949058
100714,37.0,1,3.0,70450.00650205095,1.0,145.0,2070.0,68.11,2904.0,1612.0,1504.0,0.0,375.0,375.0,480.0,0.72,110.36979307926666,3.9,3.4,4.1,11.0,93.0,False,1.8014888337468982
100715,51.0,1,3.0,90424.87738198058,1.0,146.0,1606.0,63.43,3517.0,1780.0,840.0,0.0,0.0,0.0,180.0,0.93,74.41415927977906,3.8,3.7,4.1,18.0,100.0,False,1.9758426966292135
100716,79.0,1,1.0,15570.655601822811,2.0,143.0,1473.0,51.8,2661.0,2282.0,890.0,0.0,0.0,0.0,720.0,0.57,92.38299648169588,4.0,3.5,4.1,11.0,87.0,False,1.1660823838737948
100717,49.0,1,3.0,16001.137800280112,2.0,137.0,2351.0,58.17,3015.0,1950.0,1285.0,0.0,1440.0,1440.0,540.0,0.9,78.36932779069296,4.0,2.7,3.8,11.0,113.0,False,1.5461538461538462
100720,59.0,0,3.0,50394.29669110366,1.0,137.0,3313.0,94.47,4863.0,2657.0,1977.0,2100.0,990.0,5190.0,360.0,0.92,95.82404839070396,4.4,3.8,4.3,25.0,87.0,False,1.830259691381257
100721,73.0,1,2.0,17361.295775452578,1.0,138.0,1762.0,118.91,2723.0,2839.0,1521.0,0.0,0.0,0.0,180.0,0.48,99.95045885244184,4.4,3.6,3.9,15.0,100.0,False,0.9591405424445227
100725,67.0,1,6.0,19710.65273143632,2.0,138.0,1507.0,54.55000000000001,2014.0,1588.0,1018.0,0.0,0.0,0.0,120.0,0.91,69.14636041750623,4.1,3.6,4.1,20.0,96.0,False,1.2682619647355164
100726,69.0,1,1.0,11463.962023328497,1.0,148.0,1068.0,48.81,2986.0,1377.0,769.0,0.0,0.0,0.0,180.0,0.75,86.12782203418428,3.8,3.7,4.1,12.0,127.0,False,2.168482207697894
100727,26.0,0,3.0,10224.209243243027,2.0,139.0,3182.0,82.84,4524.0,1879.0,1598.0,0.0,0.0,0.0,480.0,0.85,122.90197708941092,4.0,3.6,3.9,8.0,93.0,False,2.407663650878127
100728,68.0,1,3.0,47363.432538843816,1.0,145.0,3037.0,148.95,5892.0,3619.0,2531.0,180.0,1170.0,1530.0,300.0,1.05,57.87497679120332,4.5,4.2,4.2,24.0,88.0,True,1.6280740536059686
100732,35.0,0,6.0,20434.76368374196,2.0,141.0,3615.0,355.67,6928.0,7836.0,4129.0,0.0,2160.0,2160.0,180.0,0.96,105.71061766200616,4.4,2.7,4.5,15.0,85.0,False,0.8841245533435427
100733,44.0,1,6.0,27351.15746719704,2.0,135.0,1705.0,60.51,1975.0,2012.0,1498.0,2400.0,2400.0,7200.0,120.0,0.5,118.53357404019758,4.1,3.0,3.7,7.0,96.0,False,0.981610337972167
100738,39.0,1,2.0,67312.37043131106,2.0,137.0,4221.0,144.90999999999997,6850.0,3861.0,2707.0,0.0,0.0,0.0,660.0,0.56,118.98298879500064,4.1,4.2,3.6,17.0,76.0,False,1.774151774151774
100739,79.0,0,3.0,49928.92075189229,1.0,142.0,3890.0,168.28999999999996,7422.0,4382.0,2498.0,0.0,540.0,540.0,780.0,1.24,59.14169045517482,4.0,3.9,3.9,14.0,89.0,True,1.6937471474212689
100740,20.0,0,3.0,166329.58636475506,2.0,138.0,2522.0,88.13,3538.0,2826.0,1236.0,0.0,480.0,480.0,600.0,0.92,122.12759675895794,4.0,4.2,4.3,13.0,52.0,False,1.2519462137296533
100741,66.0,0,3.0,180912.90521602964,1.0,134.0,2522.0,93.1,2529.0,3724.0,1583.0,600.0,960.0,2160.0,180.0,0.81,97.23902723180356,4.2,3.4,4.0,11.0,85.0,False,0.6791084854994629
100742,34.0,0,4.0,27280.385981371524,2.0,134.0,2205.0,82.29,2302.0,2786.0,1710.0,0.0,100.0,100.0,120.0,1.06,94.44480175128874,4.4,3.8,4.4,13.0,86.0,False,0.8262742282842785
100743,52.0,1,1.0,33838.18950928648,1.0,135.0,1730.0,71.18,2963.0,2804.0,1268.0,0.0,0.0,0.0,480.0,0.74,97.28727667403513,4.3,4.3,4.1,15.0,105.0,False,1.0567047075606277
100745,64.0,0,1.0,5935.779832067948,1.0,135.0,1880.0,53.85,2559.0,2463.0,902.0,90.0,0.0,180.0,240.0,0.86,96.69111406727424,4.1,3.1,4.6,15.0,83.0,False,1.0389768574908649
100747,55.0,1,7.0,278720.9866209337,1.0,141.0,874.0,38.7,1563.0,1366.0,578.0,0.0,0.0,0.0,300.0,0.75,93.96315082535236,3.1,3.8,4.4,22.0,103.0,False,1.144216691068814
100748,62.0,1,4.0,14735.928684554072,1.0,136.0,1145.0,58.65,2017.0,1878.0,718.0,0.0,2580.0,2580.0,30.0,0.88,74.25827008444861,3.4,3.5,4.3,19.0,85.0,False,1.0740149094781684
100749,21.0,0,6.0,47238.57149200864,2.0,137.0,2266.0,98.36,3791.0,1621.0,1266.0,780.0,480.0,2040.0,540.0,1.03,105.98722627699792,4.0,3.5,4.2,14.0,91.0,False,2.338679827267119
100752,42.0,0,6.0,10515.974157855151,1.0,143.0,1509.0,79.05000000000001,2075.0,2377.0,1413.0,0.0,70.0,70.0,420.0,0.95,102.48698346124004,3.3,3.6,4.5,18.0,79.0,False,0.8729490954985275
100754,54.0,0,4.0,47302.53933951553,1.0,143.0,3926.0,108.2,4558.0,2689.0,1661.0,0.0,300.0,300.0,180.0,0.83,104.00484915397482,4.4,4.2,4.2,16.0,93.0,False,1.6950539233915953
100756,60.0,0,4.0,8559.612904055743,1.0,135.0,2964.0,86.63,3406.0,3565.0,1182.0,0.0,90.0,90.0,480.0,1.3,62.890765002414966,4.2,3.6,4.3,19.0,110.0,False,0.9553997194950912
100759,35.0,0,3.0,40377.21523414408,2.0,143.0,2398.0,81.63,3383.0,1568.0,1033.0,2190.0,2550.0,6930.0,120.0,0.86,115.80192645862395,4.1,3.4,4.3,10.0,95.0,False,2.157525510204082
100760,63.0,1,3.0,103133.9284926917,2.0,135.0,1848.0,67.41,3373.0,2945.0,1350.0,0.0,360.0,360.0,300.0,0.65,98.86939744552022,4.4,3.6,4.0,18.0,88.0,False,1.1453310696095076
100761,80.0,0,3.0,45153.35436256776,1.0,140.0,2659.0,94.22,3780.0,4068.0,1738.0,0.0,0.0,0.0,600.0,1.07,70.15170248970922,4.4,3.5,4.0,35.0,80.0,False,0.9292035398230089
100768,42.0,1,6.0,24873.80921757684,1.0,136.0,878.0,29.270000000000003,1265.0,826.0,526.0,0.0,0.0,0.0,540.0,0.73,105.23416367679027,4.0,4.1,3.9,14.0,90.0,False,1.5314769975786926
100771,68.0,1,3.0,41816.09985277704,1.0,145.0,974.0,47.870000000000005,1208.0,959.0,442.0,0.0,0.0,0.0,420.0,1.36,42.4298306826559,3.8,3.8,3.9,31.0,94.0,True,1.259645464025026
100772,45.0,1,7.0,26880.96803997556,2.0,144.0,3331.0,123.56000000000002,4865.0,3746.0,2123.0,0.0,600.0,600.0,480.0,0.83,88.54161769720791,4.0,2.9,3.5,7.0,89.0,False,1.298718633208756
100774,61.0,0,6.0,10895.77346770102,1.0,138.0,1021.0,30.82,1813.0,1089.0,630.0,1620.0,720.0,3960.0,420.0,1.21,68.12012689664788,4.2,3.3,4.3,18.0,63.0,False,1.664830119375574
100775,21.0,1,3.0,92029.60142534628,2.0,142.0,1275.0,45.85,2173.0,1051.0,823.0,100.0,0.0,200.0,600.0,0.71,123.98105483998498,4.0,3.6,4.0,13.0,91.0,False,2.0675547098001905
100780,54.0,0,3.0,29969.981351254923,1.0,146.0,3032.0,107.58,4560.0,2734.0,1637.0,0.0,240.0,240.0,480.0,0.84,103.6293628476902,3.9,3.8,3.9,16.0,103.0,False,1.667885881492319
100782,39.0,0,3.0,82606.91548557914,2.0,143.0,2293.0,69.05000000000001,2582.0,2867.0,1054.0,840.0,840.0,2520.0,360.0,0.87,112.5629514360066,4.4,3.6,4.3,17.0,122.0,False,0.9005929543076386
100787,72.0,0,3.0,62446.30869398567,1.0,142.0,2845.0,72.65,4566.0,2385.0,1269.0,300.0,2160.0,2760.0,120.0,1.27,60.02640637449016,4.1,3.2,4.1,16.0,85.0,False,1.9144654088050315
100788,35.0,0,3.0,39016.93070704652,2.0,142.0,4780.0,92.8,5025.0,3944.0,2300.0,3600.0,2880.0,10080.0,240.0,1.08,91.77736475821015,4.4,2.6,4.0,9.0,78.0,False,1.2740872210953347
100790,60.0,1,4.0,8476.633485975151,1.0,144.0,1819.0,67.50000000000001,1434.0,2757.0,1040.0,480.0,120.0,1080.0,1140.0,0.98,66.07767577423458,3.7,4.0,4.6,19.0,93.0,False,0.5201305767138193
100792,68.0,1,4.0,9526.040503556223,1.0,144.0,509.0,19.26,935.0,635.0,361.0,0.0,0.0,0.0,300.0,1.5,37.72319580767129,4.7,4.6,3.7,27.0,66.0,True,1.4724409448818898
100795,78.0,0,3.0,102822.18490319097,2.0,136.0,3571.0,106.71000000000002,4305.0,5527.0,2271.0,600.0,480.0,1680.0,240.0,0.81,90.24611487811237,4.3,3.5,4.3,15.0,88.0,False,0.7789035643206079
100800,76.0,1,3.0,44200.78742437188,1.0,135.0,1079.0,42.26,1406.0,1078.0,914.0,0.0,0.0,0.0,480.0,0.66,90.85541557293442,4.1,4.3,4.0,15.0,99.0,False,1.3042671614100185
100801,34.0,0,3.0,30167.97661859641,2.0,139.0,2927.0,57.73,3666.0,1395.0,1098.0,0.0,3120.0,3120.0,240.0,0.84,117.35537344106136,3.9,2.4,3.9,15.0,91.0,False,2.627956989247312
100802,51.0,1,4.0,28248.985857630403,1.0,141.0,3557.0,126.13,6394.0,3596.0,2155.0,0.0,160.0,160.0,480.0,0.66,106.1392486442389,3.8,3.7,3.9,13.0,136.0,False,1.7780867630700778
100814,19.0,1,3.0,28774.39871512756,2.0,143.0,1812.0,109.9,3304.0,3098.0,1231.0,0.0,0.0,0.0,960.0,0.68,128.5830409111732,4.1,3.5,4.2,6.0,79.0,False,1.066494512588767
100816,43.0,1,3.0,23278.686469417826,2.0,139.0,1006.0,49.49999999999999,1919.0,1108.0,718.0,0.0,2400.0,2400.0,240.0,0.7,109.98299208932114,4.7,3.6,3.9,21.0,129.0,False,1.7319494584837545
100817,60.0,1,7.0,10377.100227119829,1.0,138.0,2757.0,87.25999999999999,4431.0,2849.0,1650.0,3360.0,2940.0,9660.0,180.0,0.73,94.08894899177962,4.0,2.9,3.9,10.0,92.0,False,1.5552825552825553
100819,30.0,0,4.0,17807.2503952654,1.0,144.0,3841.0,189.32,8641.0,4422.0,3123.0,180.0,150.0,510.0,720.0,0.91,116.27850977311344,4.6,3.8,4.1,12.0,92.0,False,1.954093170511081
100821,68.0,1,2.0,17056.92957509466,1.0,140.0,1396.0,57.23,2552.0,2008.0,860.0,0.0,0.0,0.0,300.0,0.54,100.22177087303116,3.3,3.5,4.1,8.0,166.0,False,1.2709163346613546
100825,37.0,1,4.0,16798.42122616251,1.0,146.0,914.0,42.1,2030.0,993.0,851.0,1800.0,1200.0,4800.0,720.0,0.63,117.10060295196718,3.5,3.1,4.3,10.0,93.0,False,2.0443101711983886
100829,43.0,0,4.0,19949.982223467912,2.0,147.0,2572.0,82.05000000000001,5538.0,4956.0,1616.0,0.0,180.0,180.0,540.0,0.89,109.04618437844776,4.6,3.7,3.7,11.0,107.0,False,1.1174334140435835
100834,80.0,0,1.0,13496.860282936734,2.0,135.0,1418.0,77.44,2729.0,2111.0,1060.0,0.0,0.0,0.0,60.0,0.86,87.53272377595053,4.6,3.7,4.3,18.0,79.0,False,1.2927522501184272
100836,63.0,0,2.0,18581.756048030864,1.0,137.0,4212.0,154.84,5574.0,5750.0,3084.0,0.0,990.0,990.0,480.0,0.67,104.9135333196934,3.5,4.0,4.2,15.0,99.0,False,0.969391304347826
100837,68.0,0,3.0,32975.446957983535,2.0,137.0,3193.0,158.62,4567.0,2611.0,2028.0,0.0,1200.0,1200.0,420.0,1.35,57.18871224427208,4.9,3.6,4.1,22.0,96.0,True,1.7491382612026043
100838,37.0,1,3.0,38527.91024799296,1.0,136.0,2919.0,113.29,4907.0,3173.0,1557.0,0.0,0.0,0.0,900.0,0.78,100.2618470015166,3.8,3.0,3.8,9.0,100.0,False,1.546485975417586
100840,76.0,0,3.0,35190.000267120966,1.0,140.0,2033.0,60.81,2979.0,2351.0,1204.0,0.0,0.0,0.0,180.0,0.87,89.42484397180353,3.3,3.4,4.4,14.0,96.0,False,1.2671203743088049
100841,41.0,1,6.0,14073.25042848256,1.0,134.0,1227.0,65.52,3496.0,3269.0,902.0,0.0,720.0,720.0,180.0,0.68,112.14025139426158,3.9,4.0,4.1,10.0,96.0,False,1.0694401957785256
100843,33.0,0,7.0,27120.15235676436,2.0,146.0,3226.0,76.89,3582.0,2192.0,1546.0,600.0,0.0,1200.0,540.0,1.08,92.92607602252718,3.8,3.3,4.2,6.0,97.0,False,1.6341240875912408
100844,59.0,0,4.0,23446.478625179472,1.0,147.0,624.0,67.48,783.0,1832.0,1392.0,0.0,0.0,0.0,360.0,0.83,100.820431188992,3.7,2.9,3.8,14.0,78.0,False,0.42740174672489084
100848,70.0,1,3.0,151132.153271412,1.0,141.0,2313.0,84.53,4006.0,2770.0,1597.0,0.0,480.0,480.0,720.0,0.66,94.30980887551716,3.6,4.0,4.4,12.0,134.0,False,1.4462093862815883
100851,71.0,1,3.0,85172.5994847058,1.0,140.0,1186.0,19.96,662.0,2281.0,603.0,60.0,1200.0,1320.0,300.0,0.78,81.15241393593926,4.2,4.1,3.8,24.0,225.0,False,0.290223586146427
100853,80.0,0,1.0,26547.75301055036,2.0,136.0,2067.0,78.28999999999999,4588.0,1558.0,1796.0,0.0,900.0,900.0,180.0,1.73,39.41335678250459,4.3,3.1,3.7,27.0,162.0,True,2.944801026957638
100855,30.0,1,3.0,66143.52163885793,1.0,145.0,3329.0,93.05,4199.0,3136.0,2470.0,840.0,1140.0,2820.0,180.0,0.76,108.0388534035207,3.7,4.4,4.0,6.0,90.0,False,1.3389668367346939
100856,75.0,1,7.0,17725.740957173133,1.0,136.0,2560.0,46.4,2583.0,2054.0,812.0,0.0,0.0,0.0,300.0,0.81,75.65348051269324,4.4,3.3,4.1,21.0,111.0,False,1.2575462512171374
100860,36.0,1,4.0,40726.22527977728,2.0,140.0,784.0,30.630000000000003,1365.0,891.0,603.0,2400.0,2580.0,7380.0,180.0,0.87,88.4967106245771,4.5,2.9,3.5,9.0,138.0,False,1.531986531986532
100861,36.0,0,3.0,26780.245171863447,2.0,139.0,2009.0,55.75,3511.0,2505.0,916.0,0.0,2580.0,2580.0,120.0,0.87,114.68285463760462,4.3,4.1,4.2,16.0,88.0,False,1.4015968063872255
100862,62.0,1,2.0,11969.013292173657,1.0,140.0,2569.0,60.19,3939.0,3794.0,1947.0,0.0,1200.0,1200.0,300.0,0.67,98.7622525030171,4.1,4.1,4.1,15.0,92.0,False,1.0382182393252504
100866,46.0,0,3.0,22020.88080482827,1.0,145.0,2674.0,121.04,3827.0,4001.0,1998.0,270.0,0.0,540.0,480.0,1.06,87.6528351951641,3.8,2.9,4.1,18.0,103.0,False,0.9565108722819295
100872,71.0,1,4.0,16817.609789251022,2.0,142.0,1048.0,45.71,1839.0,705.0,497.0,70.0,70.0,210.0,270.0,0.5,100.21071817095796,4.0,3.8,4.1,14.0,118.0,False,2.608510638297872
100874,55.0,0,6.0,12003.687410249064,2.0,144.0,1979.0,93.71999999999998,4358.0,3324.0,1643.0,530.0,600.0,1660.0,120.0,0.9,100.8632428208766,4.6,3.3,3.9,14.0,84.0,False,1.3110709987966305
100875,80.0,0,6.0,23842.77067034827,2.0,140.0,1371.0,50.64999999999999,1472.0,2658.0,1135.0,0.0,0.0,0.0,360.0,0.74,91.596946390851,4.1,3.7,4.1,15.0,101.0,False,0.5537998495109104
100876,77.0,0,6.0,22058.66390701028,1.0,148.0,2727.0,130.19,25949.0,3779.0,1833.0,0.0,40.0,40.0,300.0,1.17,64.20646166178908,3.8,2.5,3.9,19.0,118.0,False,6.866631383964012
100877,25.0,0,4.0,34743.380533944684,2.0,142.0,1941.0,82.87,2327.0,2844.0,1156.0,0.0,0.0,0.0,600.0,1.14,91.53102891094964,4.4,3.3,4.3,11.0,65.0,False,0.8182137834036568
100879,71.0,0,7.0,7854.228926291468,1.0,141.0,1564.0,69.81000000000002,2105.0,1526.0,1221.0,60.0,30.0,150.0,20.0,1.04,76.76580520220861,4.2,3.1,4.1,9.0,138.0,False,1.3794233289646134
100880,46.0,0,3.0,30515.62684286381,2.0,139.0,2006.0,110.61,4297.0,2714.0,1658.0,900.0,1800.0,3600.0,120.0,1.14,80.32434354518116,4.3,3.7,3.8,18.0,103.0,False,1.5832719233603538
100881,26.0,0,4.0,34374.30993985832,1.0,137.0,1478.0,40.5,2879.0,1208.0,1006.0,0.0,0.0,0.0,360.0,1.33,75.60163522936645,3.8,4.7,4.5,15.0,82.0,False,2.3832781456953644
100882,18.0,0,1.0,39547.36852708428,1.0,148.0,2872.0,122.27,12837.0,2358.0,1975.0,0.0,0.0,0.0,420.0,0.75,134.14761137734078,4.2,3.4,4.6,11.0,93.0,False,5.4440203562340965
100886,72.0,1,3.0,41459.142850942415,1.0,139.0,1645.0,38.46,2754.0,1717.0,645.0,0.0,0.0,0.0,480.0,1.09,53.97618191689625,4.5,3.0,4.2,18.0,160.0,True,1.603960396039604
100887,64.0,1,4.0,8764.744441781675,1.0,144.0,2715.0,144.6,6081.0,2251.0,1900.0,0.0,0.0,0.0,480.0,0.76,87.44715975992492,4.0,3.4,4.0,15.0,109.0,False,2.701466015104398
100889,18.0,0,3.0,89192.67046546449,2.0,142.0,3265.0,107.34000000000002,5123.0,2901.0,2765.0,840.0,1440.0,3120.0,720.0,1.05,105.51982449389922,4.1,3.9,4.1,11.0,92.0,False,1.7659427783522923
100890,68.0,1,4.0,8750.815659310729,2.0,145.0,2005.0,70.28999999999999,2185.0,2755.0,1424.0,0.0,0.0,0.0,240.0,0.57,98.92433242019256,4.4,3.7,3.5,13.0,96.0,False,0.7931034482758621
100892,23.0,0,1.0,52180.474562318,2.0,137.0,3193.0,112.55,5967.0,2851.0,1968.0,480.0,300.0,1260.0,540.0,1.09,97.801245056864,4.1,2.9,4.6,12.0,83.0,False,2.092949842160645
100895,58.0,1,6.0,22060.443059866164,2.0,135.0,1111.0,31.079999999999995,1566.0,1698.0,756.0,0.0,80.0,80.0,480.0,0.76,90.77196853549066,4.5,4.2,4.0,13.0,90.0,False,0.9222614840989399
100896,28.0,1,3.0,125852.79446100615,2.0,142.0,1691.0,64.77999999999999,3066.0,1507.0,1324.0,840.0,840.0,2520.0,420.0,0.62,124.32053626735592,4.0,3.8,3.7,17.0,80.0,False,2.0345056403450563
100898,42.0,1,3.0,28776.47589295308,2.0,139.0,1816.0,75.78999999999999,2395.0,2074.0,1213.0,60.0,90.0,210.0,480.0,0.67,111.84360017157344,4.4,3.1,3.8,13.0,91.0,False,1.1547733847637416
100902,52.0,1,6.0,16672.25153702141,1.0,136.0,1696.0,49.07,1494.0,1687.0,1077.0,0.0,0.0,0.0,600.0,0.73,98.88870236821016,3.3,3.9,4.2,13.0,90.0,False,0.8855957320687611
100905,80.0,0,3.0,34730.59204275586,1.0,144.0,1951.0,59.92000000000001,3590.0,2645.0,1602.0,30.0,0.0,60.0,720.0,1.01,75.18186588089276,4.4,2.6,4.4,12.0,101.0,False,1.3572778827977316
100907,41.0,0,3.0,137240.78017808945,1.0,142.0,1235.0,44.74000000000001,1950.0,2014.0,772.0,10.0,150.0,170.0,240.0,0.99,98.14672466577782,4.1,3.6,4.4,16.0,84.0,False,0.968222442899702
100911,26.0,0,3.0,173848.56111772815,1.0,135.0,2369.0,129.24,4999.0,2702.0,1992.0,450.0,1170.0,2070.0,600.0,0.97,110.4147458749697,3.7,3.6,4.2,15.0,95.0,False,1.8501110288675056
100913,23.0,1,4.0,37736.88037288557,2.0,143.0,2549.0,80.35000000000001,3503.0,2416.0,1465.0,2400.0,180.0,4980.0,600.0,0.77,111.08987040110704,3.7,4.4,4.0,10.0,76.0,False,1.4499172185430464
100915,67.0,0,3.0,159258.30526372994,2.0,145.0,5966.0,176.35,12300.0,4177.0,2773.0,0.0,0.0,0.0,600.0,0.94,88.85020267956338,4.8,3.9,4.1,11.0,97.0,False,2.944697151065358
100917,19.0,0,1.0,23521.098781610443,2.0,136.0,2479.0,53.2,2463.0,1678.0,1180.0,0.0,0.0,0.0,240.0,0.9,126.17380499094324,4.3,3.7,4.8,15.0,99.0,False,1.467818831942789
100919,80.0,0,3.0,13963.273258991156,2.0,141.0,1369.0,49.71,2170.0,1821.0,928.0,0.0,1500.0,1500.0,240.0,0.95,80.9152577951746,4.1,3.9,4.3,17.0,96.0,False,1.1916529379461833
100920,61.0,1,3.0,77431.75535764932,2.0,145.0,1083.0,67.35000000000001,1860.0,1680.0,938.0,0.0,720.0,720.0,360.0,0.96,67.31309542200452,4.0,4.5,3.8,14.0,77.0,False,1.1071428571428572
100923,22.0,0,2.0,35617.34233008446,1.0,139.0,1450.0,29.540000000000003,2365.0,1374.0,596.0,1440.0,0.0,2880.0,240.0,0.74,131.38307912645317,4.1,3.8,4.0,7.0,93.0,False,1.7212518195050945
100924,40.0,1,3.0,29031.825734988928,1.0,142.0,719.0,19.43,923.0,894.0,391.0,540.0,1740.0,2820.0,120.0,0.75,103.15082010850207,3.8,3.4,4.1,17.0,87.0,False,1.0324384787472036
100925,45.0,1,4.0,24275.238922084354,1.0,146.0,85.0,0.2,23.0,94.0,8.0,0.0,3360.0,3360.0,300.0,1.11,62.46742280453765,3.7,3.6,3.6,9.0,83.0,False,0.24468085106382978
100928,25.0,0,3.0,143271.6380725632,1.0,146.0,2269.0,103.43999999999998,3807.0,1876.0,1557.0,3600.0,135.0,7335.0,360.0,0.86,123.2326705800926,3.8,3.2,4.6,18.0,92.0,False,2.029317697228145
100929,40.0,1,4.0,39945.67246731284,1.0,144.0,1400.0,38.24,1867.0,906.0,512.0,0.0,60.0,60.0,300.0,0.83,91.33820877223611,3.9,2.9,3.6,6.0,92.0,False,2.0607064017660046
100930,59.0,1,2.0,18608.965626639103,1.0,140.0,3514.0,111.04,4480.0,3984.0,2042.0,1200.0,1740.0,4140.0,240.0,0.67,100.622246511767,3.7,4.0,4.4,12.0,132.0,False,1.1244979919678715
100933,65.0,1,6.0,17354.471239967217,1.0,138.0,1140.0,45.82000000000001,4388.0,1743.0,945.0,60.0,0.0,120.0,540.0,0.6,99.5491462519208,3.8,3.1,3.9,16.0,83.0,False,2.5174985656913367
100934,37.0,1,3.0,75167.33891552038,1.0,135.0,1735.0,56.00999999999999,1767.0,2445.0,1233.0,480.0,1560.0,2520.0,180.0,0.77,101.82639155524788,4.1,3.0,3.8,9.0,78.0,False,0.7226993865030675
100935,20.0,0,4.0,42180.80214731316,2.0,143.0,4720.0,158.43,8200.0,3887.0,2504.0,0.0,0.0,0.0,240.0,0.9,125.3915273999994,4.0,3.9,3.9,17.0,87.0,False,2.1095960895292
100937,55.0,0,2.0,41071.69378233806,1.0,135.0,1975.0,114.64,3909.0,3475.0,1571.0,0.0,120.0,120.0,480.0,1.02,86.79680361628036,3.8,4.0,4.5,16.0,87.0,False,1.1248920863309353
100940,18.0,1,3.0,24797.674009026872,2.0,140.0,1135.0,16.689999999999998,1076.0,533.0,309.0,0.0,0.0,0.0,300.0,0.51,138.6739657271645,4.0,3.7,4.6,6.0,77.0,False,2.0187617260787993
100941,80.0,1,4.0,14568.011855875371,2.0,145.0,2692.0,71.41000000000001,2672.0,2410.0,1259.0,0.0,0.0,0.0,120.0,0.75,80.43265074726986,3.9,3.5,3.4,17.0,83.0,False,1.1087136929460581
100948,68.0,1,4.0,11436.861186555105,2.0,134.0,1150.0,34.27,1946.0,3037.0,681.0,0.0,600.0,600.0,180.0,0.85,74.57878055540009,4.4,3.4,4.1,9.0,87.0,False,0.6407639117550215
100949,51.0,1,4.0,8658.813699447186,2.0,135.0,1884.0,63.830000000000005,1696.0,1203.0,728.0,0.0,0.0,0.0,300.0,0.88,79.51625379717913,4.2,3.4,3.6,17.0,100.0,False,1.4098088113050706
100950,61.0,1,4.0,10949.323883907093,2.0,143.0,1003.0,48.32000000000001,1286.0,2179.0,646.0,0.0,2400.0,2400.0,120.0,1.12,55.94527522003676,3.8,4.2,3.4,15.0,79.0,True,0.5901789811840293
100951,62.0,0,3.0,23458.97376670248,2.0,135.0,1507.0,37.56,1610.0,1236.0,746.0,0.0,0.0,0.0,720.0,1.63,47.34692296243505,4.7,3.5,3.1,48.0,180.0,True,1.302588996763754
100952,21.0,0,3.0,162895.7971493766,1.0,143.0,1438.0,72.46,4112.0,2187.0,1512.0,960.0,1680.0,3600.0,360.0,0.85,126.78384169919212,4.6,5.1,4.3,14.0,88.0,False,1.8802011888431642
100954,47.0,0,6.0,11623.629197618764,1.0,137.0,2229.0,113.39,3408.0,2306.0,1697.0,0.0,0.0,0.0,480.0,0.93,101.91836798194,3.9,3.5,4.5,14.0,84.0,False,1.4778837814397225
100955,64.0,0,4.0,5933.617952020022,2.0,146.0,2114.0,98.57,3575.0,1973.0,1278.0,0.0,0.0,0.0,180.0,0.88,96.02212867898326,4.3,2.7,4.2,9.0,126.0,False,1.8119614799797263
100961,20.0,1,3.0,56031.44516974626,2.0,139.0,2731.0,66.48,3723.0,3118.0,1397.0,1500.0,2620.0,5620.0,120.0,0.84,101.96032469494476,4.0,3.8,4.1,8.0,83.0,False,1.1940346375881976
100966,37.0,1,3.0,46337.57709616471,1.0,142.0,1638.0,62.85,2569.0,1436.0,964.0,0.0,0.0,0.0,180.0,0.56,120.47221328789172,3.8,3.1,4.4,22.0,86.0,False,1.7889972144846797
100968,65.0,1,1.0,9078.80902615503,2.0,148.0,616.0,90.48,1873.0,1731.0,759.0,0.0,0.0,0.0,240.0,0.76,86.90498736941338,4.1,3.7,3.9,27.0,181.0,False,1.0820335066435587
100969,61.0,1,3.0,22801.400832230152,2.0,146.0,1012.0,42.82999999999999,2108.0,2328.0,851.0,0.0,360.0,360.0,480.0,3.1,16.488874377102444,5.1,6.1,3.8,46.0,181.0,True,0.9054982817869416
100971,22.0,1,4.0,22076.6976209214,2.0,143.0,1704.0,33.86,2830.0,652.0,825.0,20.0,0.0,40.0,240.0,0.65,127.58605190537712,4.1,4.5,3.9,11.0,80.0,False,4.340490797546012
100972,57.0,0,7.0,27899.7837459968,1.0,139.0,924.0,26.85,906.0,1309.0,361.0,30.0,45.0,105.0,90.0,1.4,58.623032502197006,3.8,3.5,4.3,12.0,89.0,True,0.692131398013751
100973,28.0,0,7.0,21195.184817234305,1.0,145.0,3561.0,119.17000000000002,3567.0,6428.0,1990.0,960.0,60.0,1980.0,300.0,0.92,116.199898944535,4.0,3.5,3.8,12.0,83.0,False,0.5549159925326695
100978,18.0,1,1.0,16543.38691554292,1.0,135.0,1818.0,63.51000000000001,2134.0,2342.0,1346.0,1080.0,660.0,2820.0,240.0,0.77,114.59864907682773,4.4,3.9,3.7,15.0,84.0,False,0.9111870196413322
100983,42.0,1,6.0,22421.7854846825,1.0,139.0,1684.0,144.24,3398.0,3519.0,1608.0,60.0,0.0,120.0,180.0,0.68,111.44498183561716,4.0,3.8,4.3,15.0,106.0,False,0.9656152315998864
100985,23.0,0,3.0,302433.2148348379,1.0,141.0,1220.0,25.8,939.0,1796.0,1347.0,360.0,0.0,720.0,480.0,1.03,104.67705882014124,3.8,4.0,4.6,13.0,84.0,False,0.5228285077951003
100986,50.0,1,2.0,16616.54677795446,2.0,136.0,2214.0,60.10000000000001,2358.0,3581.0,1243.0,0.0,0.0,0.0,240.0,0.58,110.17954093800604,3.9,3.1,4.1,6.0,118.0,False,0.6584752862328959
100987,60.0,0,6.0,19995.31590517798,1.0,138.0,1379.0,69.41999999999999,2255.0,1692.0,877.0,0.0,0.0,0.0,360.0,0.81,100.93613039622149,4.0,2.4,4.3,12.0,94.0,False,1.33274231678487
100988,80.0,0,3.0,41074.00172611027,2.0,134.0,3113.0,88.17,4286.0,4087.0,1781.0,0.0,660.0,660.0,480.0,0.64,95.70235456421264,4.8,4.1,4.3,15.0,105.0,False,1.0486909713726449
100989,68.0,1,4.0,15009.050667431333,1.0,136.0,1635.0,62.29999999999999,3158.0,1977.0,1031.0,0.0,0.0,0.0,480.0,0.92,67.82231286577019,3.7,3.8,3.9,16.0,94.0,False,1.5973697521497219
100992,27.0,0,2.0,80911.74747741033,2.0,137.0,1780.0,210.22,3916.0,2859.0,1950.0,450.0,450.0,1350.0,600.0,1.41,70.04694769274114,4.3,2.6,4.0,18.0,92.0,False,1.3697096887023434
100996,52.0,0,3.0,185328.33125808035,2.0,137.0,3429.0,93.15,4386.0,4608.0,2137.0,60.0,840.0,960.0,300.0,1.0,90.55802889550912,4.5,3.5,4.2,13.0,97.0,False,0.9518229166666666
100997,60.0,1,2.0,7459.076088923075,1.0,140.0,1839.0,133.46999999999997,3410.0,3325.0,1696.0,0.0,0.0,0.0,540.0,0.74,92.56525157392576,3.9,3.3,3.6,15.0,119.0,False,1.025563909774436
100999,29.0,1,3.0,46999.354125963015,2.0,135.0,1886.0,47.11,2765.0,1227.0,626.0,0.0,120.0,120.0,780.0,0.66,121.70212908405996,4.1,3.6,4.0,7.0,88.0,False,2.2534637326813365
101001,67.0,0,4.0,7672.738838656948,2.0,145.0,2913.0,101.90000000000002,3045.0,4572.0,1735.0,0.0,0.0,0.0,120.0,1.0,82.49200266759671,4.4,3.0,4.0,11.0,104.0,False,0.666010498687664
101002,37.0,1,2.0,65157.03088470699,2.0,138.0,2177.0,35.02,1203.0,1551.0,768.0,0.0,720.0,720.0,600.0,0.76,103.43628481261644,4.0,4.1,4.4,12.0,82.0,False,0.7756286266924565
101003,56.0,0,1.0,21077.976899298137,2.0,148.0,3190.0,120.96,4370.0,4976.0,2908.0,0.0,0.0,0.0,60.0,0.81,103.478632669095,4.6,3.8,4.3,15.0,97.0,False,0.8782154340836013
101004,29.0,0,3.0,74273.62741542727,2.0,141.0,2327.0,41.48,3115.0,1559.0,1256.0,180.0,180.0,540.0,480.0,1.0,104.48408302028211,4.3,3.5,4.5,6.0,89.0,False,1.99807568954458
101006,76.0,0,3.0,109731.69276978711,2.0,144.0,3492.0,127.04,4678.0,5040.0,2621.0,180.0,600.0,960.0,240.0,0.96,81.91761494107205,4.6,3.9,3.6,22.0,97.0,False,0.9281746031746032
101007,43.0,1,3.0,34454.180110844616,1.0,142.0,953.0,29.86,1616.0,1622.0,550.0,0.0,0.0,0.0,300.0,0.81,92.31263671757384,3.9,3.9,4.2,12.0,94.0,False,0.9963008631319359
101009,21.0,1,1.0,64795.88678220435,2.0,143.0,1134.0,43.26,2265.0,1636.0,683.0,540.0,240.0,1320.0,300.0,0.61,130.36224618381786,4.4,4.1,3.7,15.0,94.0,False,1.3844743276283618
101010,71.0,0,3.0,42595.98204644457,2.0,139.0,2452.0,150.38,4372.0,3932.0,2654.0,0.0,30.0,30.0,600.0,0.99,81.44146611609162,5.5,4.0,3.9,18.0,98.0,False,1.1119023397761953
101011,23.0,0,3.0,171836.1798236663,1.0,134.0,1068.0,39.38,2974.0,881.0,566.0,1260.0,780.0,3300.0,120.0,0.91,121.4525144064818,4.3,3.3,4.1,12.0,91.0,False,3.375709421112372
101013,44.0,1,4.0,13647.421271859355,1.0,144.0,1974.0,85.14,3189.0,2702.0,1608.0,135.0,90.0,360.0,240.0,0.77,97.48848036188426,4.8,3.9,3.9,11.0,78.0,False,1.1802368615840118
101014,42.0,1,3.0,38366.40772376933,1.0,142.0,771.0,31.14,886.0,953.0,472.0,0.0,0.0,0.0,180.0,0.66,112.24967112652443,4.0,3.0,4.0,8.0,90.0,False,0.9296956977964324
101017,65.0,0,3.0,14801.85645179684,2.0,139.0,2153.0,102.32,6090.0,3122.0,1743.0,0.0,40.0,40.0,240.0,1.36,57.75201907969669,4.1,3.6,3.6,21.0,91.0,True,1.9506726457399104
101018,77.0,0,3.0,90204.36303358844,2.0,135.0,1099.0,40.45,1987.0,1120.0,412.0,0.0,0.0,0.0,300.0,1.4,51.766419621621765,4.4,3.3,3.8,21.0,154.0,True,1.7741071428571429
101019,49.0,0,3.0,110963.92855048332,1.0,141.0,803.0,66.83,1455.0,1697.0,906.0,2340.0,3300.0,7980.0,180.0,0.96,96.89569991154904,4.1,3.6,4.2,16.0,241.0,False,0.8573954036535062
101021,61.0,0,4.0,11178.052789454609,2.0,145.0,2366.0,90.86,4210.0,2734.0,1496.0,0.0,12.0,12.0,540.0,1.16,71.65859778117311,3.9,2.7,3.8,10.0,129.0,False,1.5398683247988296
101023,52.0,0,7.0,419056.5762119974,2.0,144.0,2398.0,97.75999999999998,4040.0,3418.0,1966.0,135.0,210.0,480.0,300.0,1.0,90.55802889550912,4.0,3.6,4.1,13.0,91.0,False,1.181977764774722
101024,53.0,0,3.0,93917.311350984,1.0,142.0,1159.0,39.01999999999999,2460.0,1409.0,584.0,0.0,2660.0,2660.0,180.0,1.17,74.54232240826217,3.7,3.1,4.1,16.0,126.0,False,1.745919091554294
101025,23.0,1,6.0,33148.32734503777,2.0,137.0,2308.0,70.32,3471.0,1994.0,1546.0,105.0,480.0,690.0,300.0,0.73,118.43386385293564,4.2,3.3,3.9,10.0,89.0,False,1.7407221664994985
101026,61.0,1,2.0,9621.022431512003,2.0,141.0,2690.0,63.56999999999999,2451.0,3976.0,1228.0,0.0,180.0,180.0,360.0,0.62,101.2534020945155,4.2,3.8,3.8,8.0,96.0,False,0.6164486921529175
101028,59.0,1,2.0,24181.99726176501,1.0,138.0,1235.0,88.74000000000001,2096.0,2236.0,863.0,600.0,0.0,1200.0,300.0,0.72,96.25605565505104,4.0,3.5,3.9,10.0,99.0,False,0.9373881932021467
101031,27.0,0,6.0,23438.046812567416,1.0,141.0,1669.0,95.53,4753.0,3022.0,1751.0,270.0,120.0,660.0,780.0,0.9,120.04971667732153,4.1,4.2,4.5,17.0,93.0,False,1.5727994705493051
101033,63.0,0,4.0,16816.1983580307,1.0,143.0,2240.0,100.87,5257.0,2038.0,1266.0,0.0,0.0,0.0,180.0,1.16,70.77278572518527,4.2,3.8,4.0,18.0,120.0,False,2.5794896957801767
101034,46.0,1,3.0,37879.88716260801,1.0,142.0,1531.0,44.63,2177.0,1171.0,668.0,40.0,0.0,80.0,420.0,0.9,79.84526091763327,4.2,3.0,3.7,15.0,78.0,False,1.8590947907771136
101036,80.0,1,4.0,25149.858130424225,1.0,141.0,815.0,42.59,1695.0,1725.0,750.0,0.0,0.0,0.0,600.0,1.13,49.182631916953454,4.1,4.2,4.8,17.0,102.0,True,0.9826086956521739
101037,41.0,1,3.0,137050.41003504573,2.0,139.0,3146.0,105.29,4636.0,2819.0,1276.0,210.0,240.0,660.0,120.0,0.72,107.65797284621458,4.2,3.6,3.8,15.0,92.0,False,1.6445548066690316
101040,61.0,0,4.0,9630.491601460872,2.0,147.0,1318.0,31.01,1400.0,633.0,459.0,105.0,0.0,210.0,540.0,0.96,89.92747782808695,3.6,3.0,3.7,7.0,103.0,False,2.211690363349131
101046,68.0,0,7.0,29154.346688182915,1.0,146.0,2385.0,77.75,6717.0,3695.0,1918.0,3360.0,2340.0,9060.0,300.0,0.74,98.6945308003525,3.9,2.7,4.0,11.0,153.0,False,1.8178619756427605
101047,18.0,0,1.0,28974.731098801258,2.0,141.0,1643.0,56.4,3359.0,1321.0,771.0,360.0,360.0,1080.0,300.0,1.09,100.8903018887373,4.4,3.7,4.0,11.0,92.0,False,2.5427706283118847
101049,57.0,1,3.0,13433.635641566092,2.0,146.0,2891.0,106.69000000000004,5519.0,3233.0,2324.0,1200.0,1200.0,3600.0,120.0,0.67,101.88166279936108,4.1,4.4,3.6,21.0,100.0,False,1.7070832044540674
101051,57.0,0,6.0,10229.449248221488,1.0,144.0,1524.0,52.47,1835.0,2327.0,1017.0,0.0,0.0,0.0,180.0,0.69,107.93933153708396,5.1,3.5,3.8,11.0,244.0,False,0.7885689729265148
101052,49.0,1,4.0,31817.447254262795,1.0,141.0,1365.0,46.75000000000001,1987.0,2196.0,911.0,0.0,0.0,0.0,300.0,0.78,93.05154956785935,3.0,3.4,3.7,15.0,99.0,False,0.9048269581056466
101063,80.0,0,4.0,7740.450717166787,2.0,139.0,1556.0,71.07,2746.0,3291.0,1047.0,1080.0,1440.0,3600.0,120.0,1.24,58.775011974352736,4.3,3.6,3.8,19.0,90.0,True,0.8343968398663021
101064,28.0,0,7.0,17301.46866687039,1.0,137.0,2482.0,147.92000000000004,7432.0,3059.0,1502.0,180.0,780.0,1140.0,300.0,1.18,86.19711581172213,4.1,3.6,4.5,14.0,95.0,False,2.4295521412226218
101065,44.0,1,1.0,56242.55454245144,1.0,137.0,1635.0,57.32999999999999,2952.0,3385.0,1051.0,0.0,600.0,600.0,180.0,0.85,86.58436177747099,3.5,3.4,4.3,12.0,101.0,False,0.872082717872969
101068,55.0,1,3.0,197924.0269465605,2.0,136.0,4968.0,173.30999999999997,6005.0,3918.0,3170.0,1380.0,690.0,3450.0,240.0,0.76,92.4814811616156,4.5,3.9,3.6,17.0,80.0,False,1.532669729453803
101069,32.0,0,4.0,19453.453377006004,1.0,147.0,3021.0,139.81999999999996,7607.0,3365.0,1923.0,780.0,1080.0,2640.0,120.0,0.95,109.06333821777136,4.0,3.6,4.3,15.0,81.0,False,2.260624071322437
101070,34.0,1,1.0,34796.4884418699,2.0,135.0,1271.0,61.43000000000001,2348.0,1411.0,821.0,180.0,180.0,540.0,420.0,0.67,117.54907040275396,4.0,3.3,3.8,11.0,85.0,False,1.6640680368532956
101073,62.0,0,1.0,7293.591327805998,1.0,147.0,3566.0,104.62000000000002,9207.0,2191.0,2167.0,720.0,0.0,1440.0,60.0,0.78,100.8311084819863,4.0,3.9,4.0,16.0,97.0,False,4.202190780465541
101075,67.0,0,1.0,28345.584909032776,2.0,140.0,1911.0,69.74000000000001,3944.0,2319.0,1312.0,0.0,0.0,0.0,180.0,1.34,58.06121090778218,4.2,3.2,4.6,20.0,119.0,True,1.700733074601121
101076,22.0,1,7.0,33025.259400914416,2.0,140.0,1380.0,67.67,1651.0,2109.0,1732.0,0.0,660.0,660.0,600.0,0.79,108.39564360575278,4.5,4.7,4.3,16.0,89.0,False,0.7828354670459934
101077,36.0,0,3.0,38928.49313004616,1.0,135.0,1403.0,56.73,1990.0,1674.0,806.0,720.0,480.0,1920.0,180.0,0.92,110.55991334513638,4.3,2.7,4.6,11.0,89.0,False,1.1887694145758663
101078,62.0,0,4.0,6681.4112405625865,1.0,144.0,1919.0,85.34,3656.0,4209.0,1048.0,0.0,0.0,0.0,240.0,1.2,68.37532283018858,3.8,3.4,4.1,20.0,122.0,False,0.8686148728914231
101079,51.0,1,6.0,23222.320315418136,1.0,138.0,2764.0,82.58999999999999,3252.0,3081.0,1422.0,0.0,10.0,10.0,240.0,0.57,109.95633536317422,3.8,3.8,4.5,9.0,82.0,False,1.0555014605647517
101084,46.0,1,3.0,219800.5159078886,1.0,136.0,1949.0,49.17,2614.0,1924.0,903.0,300.0,0.0,600.0,780.0,0.56,113.91418854557168,3.9,3.9,4.5,13.0,88.0,False,1.3586278586278586
101085,31.0,0,7.0,106180.75538300506,2.0,143.0,3040.0,136.13000000000002,4259.0,3443.0,1956.0,1080.0,960.0,3120.0,960.0,0.96,108.3733855392516,4.4,3.4,4.2,16.0,99.0,False,1.237002613999419
101086,32.0,0,7.0,134126.47114564944,2.0,136.0,4806.0,81.63,4706.0,3688.0,2503.0,3000.0,60.0,6060.0,60.0,0.97,106.37045861360632,4.0,4.5,4.2,13.0,85.0,False,1.2760303687635575
101087,51.0,1,3.0,125625.84152328705,2.0,143.0,1008.0,43.6,1698.0,922.0,350.0,900.0,0.0,1800.0,120.0,0.49,114.03780308635297,3.8,3.0,3.7,12.0,87.0,False,1.841648590021692
101088,80.0,1,3.0,39292.92218477286,1.0,140.0,3575.0,107.38,3772.0,3742.0,1527.0,0.0,360.0,360.0,240.0,0.81,73.33712406952934,4.0,4.4,4.3,18.0,122.0,False,1.008017103153394
101089,19.0,1,1.0,16229.328382790116,2.0,136.0,2842.0,136.34,5749.0,2860.0,2290.0,0.0,0.0,0.0,300.0,0.65,129.9888858437465,3.8,3.9,4.2,11.0,87.0,False,2.0101398601398603
101091,58.0,1,4.0,36753.52481128823,1.0,144.0,1626.0,34.809999999999995,2232.0,1415.0,669.0,0.0,0.0,0.0,600.0,0.97,67.73326075563659,3.4,3.9,3.8,12.0,82.0,False,1.5773851590106007
101096,56.0,1,2.0,23572.017806434837,1.0,134.0,1824.0,106.09999999999997,2219.0,3012.0,1291.0,0.0,0.0,0.0,120.0,0.73,96.4589761141274,5.1,3.0,4.1,15.0,103.0,False,0.7367197875166003
101097,39.0,1,2.0,53164.65907130273,2.0,134.0,1082.0,62.53,3119.0,2674.0,828.0,0.0,0.0,0.0,120.0,0.69,113.14504972452636,3.9,3.5,3.5,9.0,88.0,False,1.1664173522812267
101099,23.0,1,3.0,83144.5693821028,1.0,140.0,1842.0,31.28,1428.0,2390.0,626.0,0.0,0.0,0.0,780.0,0.62,128.24720613414075,3.7,4.1,4.3,9.0,76.0,False,0.597489539748954
101101,22.0,0,3.0,80073.59800669666,1.0,146.0,3356.0,154.79000000000002,6537.0,3647.0,2140.0,0.0,0.0,0.0,120.0,1.25,83.49590438134537,4.3,3.6,4.2,15.0,100.0,False,1.7924321360021935
101102,80.0,0,3.0,8391.43418380889,2.0,139.0,1731.0,81.07000000000001,3440.0,2418.0,1352.0,0.0,0.0,0.0,240.0,0.89,86.63097315200568,5.3,3.1,4.0,27.0,106.0,False,1.4226633581472292
101103,53.0,1,4.0,40889.29689719021,2.0,137.0,2347.0,59.16,3069.0,2828.0,1089.0,30.0,930.0,990.0,240.0,1.04,64.26774997466516,4.2,3.7,3.8,11.0,89.0,False,1.0852192362093351
101106,49.0,1,4.0,11344.613803777183,1.0,144.0,1350.0,51.99999999999999,2475.0,1426.0,763.0,0.0,30.0,30.0,420.0,0.83,86.36612254006826,3.7,3.1,4.1,11.0,100.0,False,1.7356241234221599
101107,44.0,1,1.0,29619.132266659464,2.0,135.0,2812.0,99.73,4318.0,1515.0,1852.0,3780.0,2520.0,10080.0,120.0,0.48,119.7054744604876,4.0,2.7,3.6,10.0,86.0,False,2.8501650165016503
101108,59.0,1,7.0,13183.29204720991,1.0,139.0,2743.0,57.44000000000001,3142.0,2914.0,1069.0,0.0,0.0,0.0,600.0,0.76,90.20918233057064,3.7,4.9,3.7,8.0,47.0,False,1.0782429649965684
101109,60.0,1,4.0,14605.414607463768,1.0,143.0,1827.0,72.0,2735.0,1386.0,1083.0,0.0,0.0,0.0,600.0,1.77,32.50559573583201,4.1,4.8,3.5,37.0,72.0,True,1.9733044733044733
101111,22.0,0,4.0,23887.525612152444,1.0,144.0,1690.0,95.2,3460.0,1921.0,1336.0,840.0,360.0,2040.0,180.0,1.11,96.28743422001548,3.9,4.0,3.9,11.0,87.0,False,1.8011452368558043
101112,45.0,1,6.0,12357.4231729517,2.0,141.0,1409.0,59.57000000000001,2575.0,2184.0,1041.0,0.0,30.0,30.0,120.0,0.92,78.2520584262198,4.1,3.4,4.1,14.0,84.0,False,1.179029304029304
101113,19.0,1,3.0,94676.58145618322,1.0,134.0,1790.0,30.76,1905.0,532.0,958.0,1080.0,600.0,2760.0,300.0,0.77,113.88813745255138,3.7,4.7,4.6,20.0,91.0,False,3.580827067669173
101115,36.0,1,4.0,29477.693010648323,1.0,144.0,1778.0,83.20999999999998,3303.0,3845.0,1269.0,1260.0,900.0,3420.0,600.0,0.66,116.51749060334264,3.6,3.7,3.7,9.0,89.0,False,0.859037711313394
101118,26.0,0,1.0,32162.46483623808,2.0,138.0,2162.0,90.89,2970.0,2478.0,1455.0,270.0,120.0,660.0,360.0,0.67,132.05924026848865,4.1,3.1,4.1,13.0,89.0,False,1.1985472154963681
101122,30.0,0,4.0,37619.89331355553,2.0,135.0,2440.0,60.82000000000001,3164.0,2505.0,1307.0,0.0,1245.0,1245.0,60.0,0.98,106.38437271862335,4.1,4.7,3.9,14.0,85.0,False,1.2630738522954092
101123,59.0,1,3.0,162335.03990924195,1.0,142.0,3476.0,73.63000000000001,3983.0,3372.0,1881.0,0.0,360.0,360.0,420.0,0.64,101.73928073075956,3.7,3.1,3.6,6.0,103.0,False,1.1811981020166074
101124,76.0,0,3.0,65304.1230824253,1.0,135.0,1623.0,55.55,2685.0,3272.0,2007.0,0.0,90.0,90.0,480.0,1.46,49.53125726020405,4.1,3.0,4.0,20.0,91.0,True,0.82059902200489
101125,33.0,1,3.0,56192.44956046994,2.0,146.0,4142.0,107.67999999999998,5921.0,4425.0,1881.0,720.0,1320.0,2760.0,360.0,0.86,91.42292518133632,4.2,5.0,3.5,14.0,109.0,False,1.3380790960451978
101130,19.0,1,2.0,44084.28796652396,2.0,138.0,2969.0,91.61,3812.0,3703.0,1411.0,180.0,300.0,660.0,420.0,0.78,112.13826629965574,4.1,3.7,3.5,9.0,78.0,False,1.0294355927626249
101132,31.0,0,6.0,18297.174669098255,1.0,139.0,2692.0,88.01999999999998,3640.0,4367.0,1856.0,150.0,40.0,340.0,240.0,1.07,95.1453541929451,3.6,4.6,4.5,12.0,92.0,False,0.8335241584611862
101134,30.0,1,3.0,187547.75408056172,2.0,145.0,1206.0,46.42999999999999,2265.0,1186.0,707.0,180.0,170.0,530.0,480.0,0.81,100.0862124328966,3.8,3.2,3.5,13.0,110.0,False,1.9097807757166947
101136,76.0,0,3.0,13510.028307681456,1.0,138.0,2671.0,92.92,4409.0,1851.0,1546.0,3360.0,2880.0,9600.0,240.0,1.41,51.64637492324097,4.4,3.6,4.1,24.0,93.0,True,2.381955699621826
101138,33.0,1,3.0,140633.1546794646,2.0,140.0,2661.0,88.88000000000001,3385.0,1727.0,1403.0,0.0,60.0,60.0,600.0,0.78,102.78736460243108,4.1,3.0,4.0,19.0,93.0,False,1.960046323103648
101139,33.0,1,3.0,65070.74424804744,1.0,140.0,2265.0,90.89,3076.0,3789.0,1926.0,0.0,0.0,0.0,480.0,0.43,131.624985469244,3.9,2.9,4.2,12.0,87.0,False,0.8118237001847454
101141,54.0,0,1.0,28622.16412897445,2.0,142.0,2489.0,95.68,2948.0,2659.0,1757.0,1800.0,1800.0,5400.0,480.0,0.9,101.49249629792372,4.1,3.8,4.0,10.0,96.0,False,1.1086874764949228
101143,80.0,0,3.0,8649.349991832078,1.0,140.0,999.0,59.62,2426.0,1294.0,625.0,180.0,720.0,1080.0,480.0,1.3,55.5349935423045,4.1,2.8,3.9,27.0,99.0,True,1.8748068006182381
101149,59.0,0,3.0,36881.95380881123,2.0,141.0,1415.0,73.53999999999999,2447.0,2741.0,1438.0,135.0,135.0,405.0,360.0,0.67,107.55622326504223,4.4,3.3,4.1,8.0,72.0,False,0.8927398759576797
101152,19.0,0,1.0,23556.905958994328,2.0,136.0,1364.0,68.46000000000001,3049.0,1402.0,1019.0,120.0,210.0,450.0,480.0,0.98,113.9171000284226,4.4,4.2,4.6,14.0,89.0,False,2.174750356633381
101153,42.0,0,4.0,45506.00429064257,1.0,143.0,3402.0,170.79,4907.0,5834.0,3093.0,72.0,420.0,564.0,720.0,1.32,69.06345797239882,4.3,4.0,3.9,14.0,104.0,False,0.8411038738429893
101162,62.0,0,4.0,11982.357034632438,1.0,147.0,1861.0,59.760000000000005,4023.0,1606.0,1180.0,0.0,0.0,0.0,120.0,1.89,39.6426538283252,3.6,4.4,4.1,23.0,82.0,True,2.504981320049813
101163,60.0,1,4.0,8750.815659310729,2.0,145.0,1194.0,53.78,1627.0,1591.0,778.0,0.0,0.0,0.0,240.0,0.49,107.83004186250162,3.5,3.4,4.3,9.0,166.0,False,1.022627278441232
101164,26.0,1,6.0,21637.83378399137,1.0,148.0,1356.0,42.4,3314.0,1288.0,707.0,300.0,0.0,600.0,720.0,0.59,127.39018032521008,4.4,3.6,4.6,14.0,92.0,False,2.5729813664596275
101166,28.0,1,3.0,82749.65268943255,2.0,145.0,2031.0,75.33,2942.0,3888.0,1464.0,0.0,120.0,120.0,720.0,0.68,121.5834952008017,4.0,3.9,3.7,11.0,79.0,False,0.7566872427983539
101168,18.0,1,3.0,49629.79636667722,1.0,146.0,2571.0,83.64999999999999,4228.0,2446.0,1469.0,0.0,40.0,40.0,360.0,0.72,124.21366398818547,4.3,3.3,4.4,11.0,75.0,False,1.7285363859362224
101169,58.0,1,4.0,29227.915848723555,1.0,145.0,3566.0,118.24,5254.0,5236.0,2129.0,0.0,70.0,70.0,300.0,0.76,90.77196853549066,3.8,4.1,4.0,11.0,83.0,False,1.0034377387318565
101171,47.0,1,3.0,143795.41860964047,2.0,146.0,2128.0,56.51,2276.0,2935.0,878.0,0.0,0.0,0.0,720.0,0.53,114.72013336540064,4.0,3.5,3.7,9.0,84.0,False,0.7754684838160136
101173,66.0,1,3.0,78997.0445453924,2.0,145.0,726.0,36.8,1394.0,1938.0,678.0,45.0,0.0,90.0,360.0,0.74,89.17475816818774,4.8,3.8,4.4,18.0,91.0,False,0.7192982456140351
101174,35.0,0,4.0,21831.55169421249,1.0,147.0,3311.0,62.04,3470.0,1586.0,1135.0,80.0,0.0,160.0,360.0,1.1,89.77860808014712,3.6,4.2,4.1,11.0,101.0,False,2.187894073139975
101175,55.0,0,3.0,25398.213615350796,1.0,145.0,2970.0,133.36999999999998,5465.0,3114.0,2085.0,0.0,0.0,0.0,480.0,1.1,79.27800559870124,4.0,3.3,4.7,17.0,125.0,False,1.7549775208734746
101176,80.0,1,4.0,23458.485905662743,1.0,134.0,991.0,45.620000000000005,1519.0,1265.0,617.0,0.0,270.0,270.0,360.0,1.11,50.24794709318196,3.5,3.6,3.7,18.0,78.0,True,1.200790513833992
101177,64.0,0,1.0,6898.043318489338,1.0,137.0,1976.0,80.99999999999999,5175.0,2197.0,1388.0,540.0,360.0,1440.0,180.0,0.82,98.09193756150788,4.1,2.5,4.7,20.0,99.0,False,2.355484751934456
101179,62.0,1,1.0,22467.299718152564,2.0,148.0,1938.0,77.80000000000001,3966.0,3029.0,1263.0,180.0,270.0,630.0,120.0,0.6,101.42395986655644,4.1,3.4,4.1,16.0,90.0,False,1.309343017497524
101180,80.0,1,3.0,33267.32729707548,1.0,144.0,1740.0,101.36,2605.0,2941.0,1628.0,0.0,66.0,66.0,360.0,1.14,48.66537520181088,4.0,3.9,4.1,22.0,103.0,True,0.8857531451887113
101181,50.0,1,2.0,43108.43438703596,1.0,134.0,1947.0,84.47,3556.0,2235.0,1090.0,360.0,0.0,720.0,600.0,0.93,74.878405393217,3.8,2.7,3.7,16.0,89.0,False,1.5910514541387024
101182,58.0,0,4.0,30646.03291531359,1.0,144.0,3306.0,213.09,7041.0,4296.0,2732.0,1680.0,2040.0,5400.0,240.0,1.09,78.66999416066271,3.4,3.4,4.2,14.0,178.0,False,1.6389664804469273
101183,80.0,1,3.0,45657.67421882169,1.0,142.0,992.0,53.79,2279.0,1515.0,773.0,0.0,720.0,720.0,300.0,0.92,62.9448937574491,4.2,2.9,3.8,16.0,193.0,False,1.5042904290429042
101185,57.0,1,6.0,14399.846132318658,2.0,136.0,2128.0,84.33,2809.0,2532.0,1505.0,0.0,0.0,0.0,180.0,0.69,101.16200329105924,4.2,3.5,4.4,19.0,114.0,False,1.1093996840442337
101186,35.0,0,2.0,79471.54413716347,1.0,134.0,1359.0,83.88000000000001,2051.0,2248.0,1201.0,450.0,0.0,900.0,300.0,1.04,96.0293707070009,4.0,3.5,4.6,22.0,96.0,False,0.9123665480427047
101187,33.0,0,1.0,50576.20534647177,2.0,140.0,2770.0,187.74,7041.0,3432.0,3813.0,720.0,0.0,1440.0,300.0,0.95,108.3871455208212,4.0,4.6,4.5,19.0,88.0,False,2.0515734265734267
101191,35.0,1,3.0,91803.92187368024,2.0,146.0,1700.0,47.3,2838.0,1346.0,827.0,180.0,150.0,510.0,420.0,0.7,115.59354724258124,4.5,4.0,3.8,15.0,90.0,False,2.1084695393759287
101193,63.0,0,2.0,18501.069540685417,2.0,135.0,1294.0,33.0,1961.0,2067.0,640.0,0.0,180.0,180.0,480.0,0.64,106.37504379417966,3.9,3.2,4.0,20.0,100.0,False,0.9487179487179487
101194,48.0,1,3.0,88795.0544911682,1.0,142.0,1935.0,49.59000000000001,2813.0,1425.0,921.0,0.0,900.0,900.0,480.0,0.87,82.13249906667667,3.6,4.1,3.9,11.0,84.0,False,1.9740350877192983
101195,71.0,1,3.0,68691.76141257028,1.0,140.0,2444.0,58.88,3378.0,3608.0,1250.0,0.0,360.0,360.0,300.0,0.88,70.21594730108657,4.0,3.6,4.7,11.0,101.0,False,0.9362527716186253
101196,71.0,1,4.0,13790.863485335096,2.0,142.0,730.0,13.46,845.0,737.0,248.0,0.0,0.0,0.0,300.0,0.94,64.87263547439534,4.4,3.8,3.6,16.0,218.0,False,1.146540027137042
101199,61.0,1,3.0,236115.07849881807,1.0,143.0,1921.0,127.99,2869.0,3089.0,1591.0,1260.0,1050.0,3570.0,360.0,1.01,63.33436102475147,4.6,4.1,3.9,30.0,131.0,False,0.9287795403043057
101200,73.0,0,3.0,13666.28574604303,1.0,142.0,1400.0,52.45,2128.0,3167.0,714.0,0.0,0.0,0.0,480.0,2.69,24.238350738835347,4.9,4.5,4.2,53.0,87.0,True,0.6719292706030944
101204,80.0,0,3.0,32179.89215692552,2.0,142.0,1843.0,56.99,2281.0,1748.0,859.0,0.0,840.0,840.0,300.0,1.0,76.08494805880026,4.2,3.8,3.3,18.0,77.0,False,1.3049199084668193
101206,34.0,0,1.0,60328.5037781273,1.0,135.0,2091.0,97.66,4555.0,2506.0,1772.0,0.0,3360.0,3360.0,240.0,1.01,100.08280047336162,3.9,3.8,4.2,16.0,94.0,False,1.8176376695929768
101207,70.0,1,3.0,91384.36913912024,1.0,137.0,1315.0,25.22,1185.0,1379.0,752.0,0.0,0.0,0.0,480.0,0.62,95.7415724529939,3.2,4.0,3.6,13.0,89.0,False,0.8593183466279913
101211,61.0,1,4.0,20696.158541345078,1.0,143.0,1951.0,61.970000000000006,2537.0,2121.0,836.0,480.0,60.0,1020.0,600.0,1.08,58.44085152640165,3.5,2.9,4.0,14.0,106.0,True,1.196133899104196
101212,62.0,1,6.0,6999.135661603198,2.0,148.0,2314.0,96.15,3637.0,2636.0,1202.0,0.0,0.0,0.0,360.0,0.64,99.85863843570202,3.7,3.3,4.1,14.0,92.0,False,1.379742033383915
101216,55.0,1,4.0,20825.547897130167,1.0,145.0,2401.0,53.35,4225.0,2908.0,706.0,180.0,10.0,370.0,240.0,0.84,82.01550137431121,3.7,4.2,3.6,10.0,93.0,False,1.452888583218707
101217,80.0,0,2.0,16308.166994365178,1.0,139.0,824.0,34.15,1276.0,977.0,428.0,0.0,40.0,40.0,480.0,1.66,41.416084954937936,5.0,4.8,4.1,32.0,114.0,True,1.3060388945752304
101221,54.0,0,4.0,28988.607151259974,2.0,147.0,3050.0,113.14999999999998,10251.0,3527.0,2059.0,20.0,20.0,60.0,900.0,1.7,47.31362682627984,3.9,3.2,3.5,15.0,80.0,True,2.9064360646441734
101222,48.0,0,7.0,13972.02465948723,1.0,141.0,2180.0,67.61,2923.0,2051.0,950.0,20.0,750.0,790.0,240.0,0.91,103.96360262323805,3.4,3.4,4.2,13.0,89.0,False,1.425158459288152
101226,44.0,0,6.0,14484.270129106068,2.0,148.0,2350.0,114.37,3041.0,3224.0,1762.0,0.0,3600.0,3600.0,120.0,0.78,112.77495909357644,4.6,4.0,4.1,9.0,98.0,False,0.9432382133995038
101227,60.0,0,4.0,13696.25147572413,1.0,144.0,1348.0,52.89,2019.0,1188.0,1118.0,0.0,300.0,300.0,600.0,1.12,75.20682821826512,3.8,4.0,4.2,16.0,88.0,False,1.6994949494949494
101228,30.0,1,3.0,46803.21795197583,2.0,139.0,1708.0,59.2,2335.0,1210.0,879.0,0.0,0.0,0.0,120.0,0.72,115.28087958949364,3.9,4.2,4.1,11.0,89.0,False,1.9297520661157024
101229,38.0,1,1.0,44614.067789641085,1.0,137.0,2051.0,60.54,3823.0,2700.0,1122.0,600.0,570.0,1770.0,180.0,0.56,119.7252855655068,3.5,3.4,4.2,11.0,84.0,False,1.415925925925926
101230,50.0,1,4.0,27337.44281405408,1.0,137.0,2222.0,66.58,3587.0,3810.0,3302.0,0.0,240.0,240.0,720.0,0.73,100.12642113060136,3.9,3.5,3.9,12.0,86.0,False,0.9414698162729659
101232,65.0,0,3.0,24656.3172903359,1.0,142.0,1048.0,38.09,1340.0,2297.0,742.0,0.0,270.0,270.0,1080.0,0.82,97.48376754862652,4.1,3.6,4.6,28.0,99.0,False,0.5833696125380932
101236,26.0,0,4.0,39259.65200652216,2.0,145.0,4785.0,241.03,9887.0,4085.0,3748.0,3180.0,0.0,6360.0,600.0,0.69,130.8913537613235,4.0,3.1,4.4,6.0,92.0,False,2.4203182374541004
101239,80.0,1,3.0,40979.6801545399,1.0,144.0,1406.0,44.65,3006.0,2478.0,875.0,0.0,165.0,165.0,120.0,0.75,80.43265074726986,4.1,4.2,4.3,12.0,81.0,False,1.2130750605326877
101241,27.0,0,6.0,38983.93848636373,2.0,138.0,3762.0,201.33,6172.0,5953.0,3770.0,600.0,240.0,1440.0,360.0,0.94,113.9459061470093,4.4,3.1,4.0,20.0,91.0,False,1.036788174029901
101242,57.0,1,3.0,34706.85663394949,2.0,147.0,1071.0,34.09,1366.0,5235.0,884.0,0.0,0.0,0.0,600.0,0.75,92.80161969863572,4.2,3.8,3.8,7.0,87.0,False,0.2609360076408787
101243,63.0,0,3.0,47120.185083484175,2.0,142.0,1693.0,66.04,2475.0,3143.0,1335.0,0.0,0.0,0.0,300.0,0.74,101.81180210359712,4.2,3.6,3.6,10.0,98.0,False,0.7874642061724467
101246,54.0,0,6.0,26886.93969075541,2.0,144.0,1802.0,34.3,2051.0,1383.0,541.0,480.0,480.0,1440.0,120.0,1.18,73.32744233685125,4.7,3.0,3.5,21.0,228.0,False,1.4830079537237888
101247,38.0,0,6.0,17845.837692402492,1.0,141.0,3306.0,81.92,4420.0,3424.0,1441.0,360.0,120.0,840.0,600.0,0.85,114.06352221847904,4.1,3.5,4.3,13.0,107.0,False,1.2908878504672898
101249,63.0,1,2.0,7101.657339448211,1.0,140.0,2208.0,77.09,2268.0,4839.0,1493.0,0.0,0.0,0.0,360.0,0.72,93.89101435166032,3.8,3.1,4.2,12.0,134.0,False,0.46869187848729077
101250,38.0,1,3.0,176978.8906024644,2.0,147.0,1995.0,63.29,4496.0,1848.0,1283.0,360.0,2760.0,3480.0,240.0,0.84,91.16183807829113,4.7,3.5,3.9,20.0,88.0,False,2.432900432900433
101253,57.0,0,4.0,13971.776675876255,2.0,147.0,2819.0,107.59000000000002,4199.0,2751.0,1843.0,180.0,60.0,420.0,300.0,0.98,89.93953382933316,4.4,3.7,3.9,14.0,88.0,False,1.5263540530716104
101254,29.0,1,4.0,51148.7930987336,2.0,144.0,628.0,18.51,802.0,1087.0,276.0,0.0,3420.0,3420.0,120.0,0.77,107.02085458107828,4.1,3.5,4.0,10.0,85.0,False,0.7378104875804968
101255,62.0,1,4.0,8307.145488591785,1.0,147.0,2444.0,69.43,3594.0,2062.0,1157.0,420.0,180.0,1020.0,240.0,0.72,94.476770327692,3.6,4.0,3.8,9.0,100.0,False,1.7429679922405432
101256,34.0,1,4.0,13215.888980858408,1.0,144.0,277.0,6.42,593.0,120.0,153.0,0.0,840.0,840.0,300.0,0.71,114.35159546054872,4.0,3.3,3.8,9.0,118.0,False,4.941666666666666
101258,45.0,0,3.0,46395.95635082326,2.0,146.0,1022.0,51.06999999999999,1907.0,831.0,909.0,0.0,0.0,0.0,360.0,8.36,7.399229215146018,4.0,5.5,3.1,43.0,61.0,True,2.2948255114320095
101262,25.0,0,1.0,51910.71975172593,2.0,141.0,3302.0,128.59,5566.0,3520.0,1789.0,1347.0,0.0,2694.0,120.0,0.83,124.56120719313576,4.1,3.2,4.5,17.0,88.0,False,1.58125
101265,47.0,1,4.0,16091.915417072656,2.0,145.0,1823.0,70.59,4218.0,2480.0,1237.0,0.0,40.0,40.0,300.0,0.8,91.39683648165492,3.9,3.9,3.9,13.0,95.0,False,1.7008064516129033
101266,67.0,1,4.0,8998.314927521787,1.0,134.0,1576.0,73.14,2969.0,2108.0,934.0,0.0,90.0,90.0,180.0,1.01,61.01454090046265,3.8,3.2,3.6,23.0,99.0,False,1.4084440227703985
101273,67.0,0,2.0,18035.301220546484,1.0,140.0,1297.0,40.89000000000001,2231.0,1390.0,496.0,270.0,0.0,540.0,180.0,0.98,84.51631562636817,3.7,3.5,4.2,15.0,116.0,False,1.6050359712230216
101274,65.0,1,4.0,21126.35145539358,2.0,147.0,732.0,41.42999999999999,1935.0,679.0,388.0,0.0,0.0,0.0,240.0,1.12,54.57068236222101,4.3,3.9,4.2,20.0,100.0,True,2.849779086892489
101275,80.0,0,4.0,12853.607930488724,2.0,147.0,1871.0,78.54999999999998,4179.0,3121.0,1252.0,0.0,900.0,900.0,240.0,1.27,57.11290928360739,3.6,3.0,3.5,27.0,95.0,True,1.3389939122076258
101277,75.0,0,7.0,9879.637612210206,2.0,139.0,1089.0,31.42,1444.0,2514.0,644.0,900.0,900.0,2700.0,480.0,0.78,92.99967758664538,3.9,3.7,4.0,15.0,94.0,False,0.5743834526650756
101278,44.0,0,6.0,15721.00823697446,1.0,137.0,1254.0,35.059999999999995,1766.0,2438.0,817.0,120.0,120.0,360.0,480.0,1.11,83.97450397055198,4.3,4.0,4.1,10.0,82.0,False,0.7243642329778507
101281,34.0,1,1.0,37216.60799749895,2.0,138.0,3586.0,98.2,4873.0,3269.0,1927.0,0.0,0.0,0.0,120.0,0.49,126.75525437948907,4.5,,4.0,,,False,1.4906699296420924
101282,60.0,0,3.0,213902.49625406985,1.0,139.0,1847.0,67.74000000000001,3527.0,1781.0,1035.0,480.0,420.0,1380.0,240.0,0.91,96.48709466326842,3.7,3.4,4.4,15.0,97.0,False,1.9803481190342505
101283,56.0,1,4.0,17524.699792635543,1.0,144.0,1602.0,47.04,3385.0,1449.0,685.0,135.0,75.0,345.0,600.0,0.81,85.14282527639995,3.7,3.7,4.1,15.0,89.0,False,2.336093857832988
101284,65.0,1,4.0,15534.244894650366,2.0,146.0,536.0,22.55,836.0,2292.0,607.0,30.0,1005.0,1065.0,360.0,0.94,67.33914334396474,4.3,4.3,4.0,9.0,140.0,False,0.3647469458987784
101285,30.0,0,3.0,148338.96206392374,1.0,145.0,2708.0,78.65000000000002,5766.0,2260.0,1385.0,1080.0,1080.0,3240.0,420.0,0.85,119.88223718726395,4.0,2.9,3.8,13.0,100.0,False,2.5513274336283187
101286,52.0,1,4.0,15802.572555047413,2.0,148.0,340.0,25.15,734.0,723.0,267.0,0.0,180.0,180.0,480.0,0.97,70.30853181505444,4.0,3.2,3.8,15.0,86.0,False,1.0152143845089903
101288,62.0,1,4.0,26463.2840255815,1.0,141.0,2222.0,79.15,2767.0,2359.0,1589.0,480.0,270.0,1230.0,360.0,1.03,61.47794819561366,3.3,3.7,4.1,27.0,91.0,False,1.1729546417973717
101294,39.0,1,4.0,30697.826408030956,1.0,139.0,1091.0,38.74,1774.0,1281.0,497.0,75.0,20.0,170.0,180.0,0.95,78.1589799035923,3.8,4.0,3.8,13.0,93.0,False,1.384855581576893
101298,60.0,1,7.0,32246.39012867915,1.0,142.0,1362.0,46.49,2508.0,1379.0,689.0,150.0,270.0,570.0,120.0,0.95,68.58951360663693,3.8,4.7,4.0,22.0,82.0,False,1.8187092095721538
101300,35.0,1,2.0,61372.62552737625,1.0,134.0,2578.0,76.77000000000001,2966.0,4367.0,1498.0,0.0,0.0,0.0,120.0,0.57,121.46086750634404,4.0,3.1,3.9,9.0,98.0,False,0.6791847950538127
101307,47.0,1,4.0,19393.876689561024,1.0,137.0,2584.0,61.87000000000001,3018.0,1005.0,774.0,0.0,0.0,0.0,540.0,0.61,110.89849120736292,3.8,4.1,3.9,9.0,103.0,False,3.002985074626866
101308,25.0,1,3.0,110410.52882623604,2.0,140.0,1954.0,80.57000000000001,3280.0,2102.0,1744.0,0.0,0.0,0.0,600.0,0.94,86.35905688548645,4.3,4.4,4.2,11.0,89.0,False,1.560418648905804
101311,30.0,0,6.0,36504.02050606823,2.0,134.0,3688.0,152.57999999999998,3594.0,4801.0,1867.0,540.0,240.0,1320.0,480.0,12.74,4.89943290243314,4.4,8.9,4.0,64.0,109.0,True,0.7485940429077276
101319,34.0,0,1.0,62492.91941421,2.0,143.0,1482.0,74.11999999999999,3169.0,1566.0,1426.0,240.0,600.0,1080.0,360.0,1.03,97.75532591536044,4.2,4.6,4.2,12.0,95.0,False,2.023627075351213
101320,80.0,0,3.0,73691.9906495254,1.0,146.0,2716.0,95.06,2782.0,3573.0,1659.0,0.0,280.0,280.0,480.0,1.24,58.775011974352736,4.5,3.4,3.9,20.0,83.0,True,0.7786174083403302
101322,57.0,0,6.0,14978.415257699233,2.0,136.0,2434.0,162.14,7511.0,2988.0,2070.0,50.0,300.0,400.0,600.0,1.08,80.04116781931086,4.8,3.1,4.0,28.0,129.0,False,2.5137215528781796
101323,74.0,1,4.0,17084.569914148946,2.0,145.0,2550.0,27.46,2311.0,1197.0,873.0,0.0,0.0,0.0,120.0,0.94,63.67347010592904,4.5,4.3,3.5,12.0,95.0,False,1.9306599832915623
101324,35.0,0,4.0,16859.179783205724,2.0,140.0,2410.0,98.19000000000004,3654.0,1883.0,1503.0,100.0,1200.0,1400.0,30.0,1.47,63.396208979288254,3.7,2.6,4.0,18.0,78.0,False,1.9405204460966543
101327,52.0,1,3.0,41456.14248394275,1.0,136.0,1846.0,81.03,2647.0,2040.0,1239.0,0.0,600.0,600.0,1200.0,0.76,94.22318911704792,3.5,3.2,4.0,17.0,93.0,False,1.2975490196078432
101330,22.0,1,3.0,74232.7328262553,1.0,138.0,2052.0,79.92999999999999,2956.0,1726.0,1291.0,60.0,60.0,180.0,120.0,0.64,128.06367008749467,3.7,4.3,3.9,13.0,88.0,False,1.712630359212051
101333,71.0,1,6.0,23034.05950905633,1.0,141.0,2038.0,67.25999999999999,3207.0,2994.0,1512.0,0.0,135.0,135.0,240.0,1.02,58.81590174579688,3.8,3.6,3.7,17.0,96.0,True,1.0711422845691383
101335,80.0,0,4.0,8934.53164376236,1.0,139.0,1698.0,51.580000000000005,2104.0,2010.0,765.0,0.0,0.0,0.0,240.0,1.33,54.035201997418696,4.3,2.6,4.1,20.0,81.0,True,1.046766169154229
101336,72.0,1,3.0,41540.993216400304,2.0,139.0,1810.0,56.81,2696.0,2212.0,1284.0,0.0,125.0,125.0,600.0,0.63,94.19413571969444,4.3,3.6,3.9,11.0,87.0,False,1.2188065099457503
101339,63.0,0,1.0,6964.950346832928,2.0,137.0,2086.0,60.67999999999999,2337.0,2712.0,1173.0,0.0,0.0,0.0,120.0,0.63,106.88216889569934,4.6,3.3,4.0,8.0,169.0,False,0.8617256637168141
101342,41.0,1,3.0,32181.78022910626,2.0,141.0,2061.0,75.89000000000001,3834.0,1474.0,1266.0,0.0,0.0,0.0,720.0,0.66,112.94996088400528,4.3,4.0,3.6,11.0,98.0,False,2.6010854816824964
101345,29.0,1,4.0,36314.40799268055,1.0,145.0,2514.0,106.01,4054.0,1848.0,1830.0,0.0,0.0,0.0,180.0,0.71,117.96339587257454,3.9,3.8,4.0,8.0,72.0,False,2.1937229437229435
101350,46.0,0,3.0,24735.82090896616,1.0,145.0,4391.0,97.34999999999998,5533.0,7195.0,2368.0,960.0,120.0,2040.0,120.0,0.81,110.11861928173762,4.1,4.1,4.1,16.0,98.0,False,0.769006254343294
101351,79.0,1,6.0,27118.24604414068,2.0,145.0,2170.0,122.88,8980.0,4038.0,2235.0,0.0,10.0,10.0,240.0,0.71,86.43644302725696,4.2,4.0,4.1,21.0,79.0,False,2.2238732045567113
101355,46.0,0,4.0,23247.74177193989,1.0,146.0,1580.0,45.77,2241.0,1410.0,776.0,720.0,360.0,1800.0,300.0,1.02,91.79368410094573,3.7,3.8,4.4,14.0,111.0,False,1.5893617021276596
101356,54.0,1,3.0,174956.95399407027,1.0,146.0,1364.0,104.09000000000002,2888.0,2756.0,1054.0,0.0,240.0,240.0,720.0,0.86,80.22947559472446,3.8,4.3,4.5,19.0,94.0,False,1.0478955007256894
101357,72.0,1,4.0,15886.304737452969,1.0,139.0,2130.0,73.50999999999999,3069.0,1720.0,893.0,0.0,0.0,0.0,360.0,0.78,80.64926896953644,3.7,3.9,3.6,12.0,90.0,False,1.7843023255813955
101359,52.0,1,1.0,23297.66256005918,1.0,135.0,2828.0,96.45000000000002,4642.0,3384.0,1706.0,0.0,0.0,0.0,120.0,0.8,88.5984503448326,4.0,4.2,3.8,14.0,94.0,False,1.3717494089834514
101360,46.0,0,3.0,116060.47935739944,2.0,142.0,4461.0,144.14999999999998,6841.0,3996.0,2026.0,180.0,360.0,720.0,60.0,1.0,94.00111532617566,4.0,3.1,3.8,11.0,114.0,False,1.711961961961962
101362,74.0,1,3.0,59778.28946696333,1.0,140.0,978.0,32.96,1212.0,1239.0,423.0,0.0,450.0,450.0,360.0,0.79,78.44394629073736,4.6,3.2,3.9,10.0,84.0,False,0.9782082324455206
101365,30.0,0,6.0,38161.94074793699,2.0,135.0,2762.0,73.18,5016.0,2661.0,1415.0,0.0,0.0,0.0,840.0,0.77,123.51484437627904,4.1,4.2,4.6,12.0,86.0,False,1.8850056369785795
101366,52.0,1,6.0,27705.045760620804,2.0,134.0,1641.0,37.61,4922.0,2765.0,768.0,0.0,90.0,90.0,360.0,0.55,110.21930841362384,3.8,3.9,4.1,8.0,92.0,False,1.780108499095841
101370,31.0,1,2.0,78705.73264882094,2.0,138.0,2268.0,110.84,6426.0,3001.0,1623.0,0.0,230.0,230.0,540.0,0.51,127.90332563478484,4.6,3.3,4.0,12.0,84.0,False,2.141286237920693
101372,29.0,1,6.0,26736.74183913786,1.0,143.0,1278.0,59.42999999999999,2305.0,1389.0,822.0,0.0,40.0,40.0,60.0,0.45,133.47011927900704,4.1,3.3,3.7,14.0,99.0,False,1.6594672426205903
101378,34.0,1,6.0,32913.68798391762,2.0,140.0,2660.0,109.88,4900.0,3235.0,1729.0,0.0,0.0,0.0,360.0,0.65,118.41074334947264,3.9,3.6,4.1,13.0,86.0,False,1.5146831530139104
101379,55.0,0,4.0,14659.940109263647,1.0,145.0,3590.0,117.52,6351.0,4666.0,2323.0,0.0,0.0,0.0,180.0,1.02,86.79680361628036,4.2,3.3,3.8,19.0,85.0,False,1.361123017573939
101382,64.0,1,3.0,109771.07754874534,2.0,146.0,1047.0,47.92999999999999,2102.0,672.0,740.0,0.0,180.0,180.0,840.0,0.9,71.38895221126222,4.0,4.2,4.1,21.0,99.0,False,3.1279761904761907
101384,22.0,0,4.0,50627.903368749474,1.0,144.0,1169.0,44.52,2096.0,720.0,618.0,240.0,690.0,1170.0,60.0,0.9,123.84149251055264,4.1,4.2,4.1,11.0,88.0,False,2.911111111111111
101387,73.0,1,6.0,20425.611504001456,2.0,140.0,1202.0,39.0,1243.0,2044.0,875.0,0.0,0.0,0.0,300.0,0.75,84.01163458918955,4.1,4.1,4.2,13.0,90.0,False,0.6081213307240705
101389,42.0,0,6.0,16240.789479947349,1.0,144.0,3381.0,89.96000000000001,5393.0,2584.0,1753.0,0.0,0.0,0.0,600.0,0.96,101.20723435823274,3.8,3.2,4.2,9.0,125.0,False,2.0870743034055725
101390,40.0,0,3.0,98796.68672170004,1.0,146.0,2338.0,134.74,5322.0,2912.0,2082.0,0.0,270.0,270.0,360.0,0.99,98.75903065584406,3.9,4.1,4.5,16.0,93.0,False,1.82760989010989
101391,74.0,1,3.0,29352.90095293019,2.0,141.0,1380.0,59.81,1887.0,1865.0,997.0,0.0,360.0,360.0,360.0,0.87,69.86969381258811,3.9,4.0,4.2,19.0,88.0,False,1.0117962466487935
101394,39.0,0,6.0,20910.61451757151,1.0,138.0,951.0,73.89999999999999,3980.0,1860.0,982.0,0.0,0.0,0.0,300.0,0.67,121.8023579449282,3.6,3.3,4.5,14.0,96.0,False,2.139784946236559
101397,25.0,0,4.0,41483.67416971239,2.0,137.0,3260.0,77.14999999999999,4345.0,3416.0,1687.0,780.0,360.0,1920.0,300.0,1.08,97.666507836539,3.9,4.4,4.4,11.0,81.0,False,1.2719555035128807
101398,75.0,0,3.0,6362.880240940752,2.0,139.0,2100.0,57.71,2647.0,1360.0,913.0,0.0,0.0,0.0,720.0,0.82,91.60564343396835,3.9,3.9,4.3,16.0,105.0,False,1.9463235294117647
101399,41.0,0,3.0,184939.7827160176,1.0,147.0,4608.0,172.48999999999998,6431.0,3961.0,2542.0,840.0,2520.0,4200.0,180.0,0.83,112.76301703225435,3.9,3.7,4.0,12.0,84.0,False,1.6235799040646302
101400,53.0,0,6.0,9967.338399625902,1.0,144.0,1941.0,60.55,3531.0,1613.0,958.0,0.0,120.0,120.0,600.0,0.98,92.2050404252827,4.0,3.9,4.1,12.0,100.0,False,2.1890886546807193
101401,52.0,0,6.0,16487.741782853347,1.0,137.0,2304.0,91.12,4240.0,2619.0,1182.0,2160.0,0.0,4320.0,180.0,0.84,104.92641704760922,4.3,3.2,4.5,15.0,86.0,False,1.618938526155021
101402,75.0,1,6.0,7607.653356038128,1.0,135.0,1393.0,68.69,2643.0,3246.0,1194.0,0.0,0.0,0.0,420.0,0.64,92.10273811896845,3.8,3.3,3.8,12.0,112.0,False,0.8142329020332717
101404,31.0,0,4.0,29318.605002111075,2.0,147.0,2591.0,58.620000000000005,1903.0,1083.0,737.0,0.0,2940.0,2940.0,180.0,1.01,101.96766442230484,4.5,3.7,3.9,12.0,94.0,False,1.7571560480147739
101405,56.0,1,4.0,34446.32533752369,1.0,136.0,1633.0,39.75000000000001,2327.0,2537.0,768.0,0.0,80.0,80.0,300.0,0.66,102.88947968710006,3.3,2.8,4.3,7.0,93.0,False,0.9172250689791092
101407,65.0,1,3.0,152367.63136491622,2.0,142.0,2092.0,103.92000000000002,3120.0,2338.0,1722.0,0.0,0.0,0.0,240.0,0.59,99.95318935225065,4.4,3.2,3.9,18.0,101.0,False,1.3344739093242086
101411,59.0,1,4.0,17576.880590747867,1.0,145.0,3129.0,92.64,4627.0,3349.0,1551.0,0.0,0.0,0.0,600.0,0.86,77.77301144441587,4.3,4.2,3.9,17.0,100.0,False,1.3816064496864735
101412,39.0,1,6.0,26730.533143856075,1.0,136.0,2001.0,108.02,4079.0,3679.0,1835.0,0.0,900.0,900.0,360.0,0.64,115.21494444901332,4.0,3.4,4.2,10.0,84.0,False,1.1087251970644196
101414,56.0,1,4.0,13609.75133952842,1.0,140.0,285.0,6.48,738.0,147.0,164.0,0.0,0.0,0.0,600.0,0.52,108.97434156615849,3.7,3.9,2.9,3.0,139.0,False,5.020408163265306
101415,38.0,1,3.0,76090.84416855202,2.0,141.0,1736.0,63.79,3133.0,1972.0,970.0,0.0,90.0,90.0,300.0,0.73,107.88493005035636,3.6,3.5,4.8,11.0,78.0,False,1.5887423935091278
101416,44.0,0,3.0,152233.74309778196,2.0,144.0,3003.0,113.99,8043.0,3985.0,1914.0,0.0,1320.0,1320.0,360.0,0.95,101.22008446596492,5.0,3.5,4.1,14.0,99.0,False,2.01831869510665
101426,41.0,1,4.0,21250.86388468308,2.0,142.0,2418.0,47.36,3324.0,2345.0,986.0,0.0,1200.0,1200.0,120.0,0.75,102.51128502382936,4.1,3.3,3.5,9.0,85.0,False,1.4174840085287848
101427,24.0,1,3.0,181552.14865649477,1.0,138.0,2005.0,63.970000000000006,5279.0,2087.0,1191.0,0.0,720.0,720.0,300.0,0.68,124.64608846327847,3.7,3.2,4.2,9.0,75.0,False,2.5294681360804985
101430,42.0,1,6.0,10158.869004503977,2.0,148.0,879.0,36.22,2235.0,1279.0,473.0,180.0,240.0,600.0,120.0,0.74,103.52997816741296,4.0,3.1,4.0,10.0,79.0,False,1.7474589523064894
101431,38.0,1,3.0,79766.68559494648,1.0,138.0,1458.0,52.67000000000001,2500.0,1444.0,971.0,0.0,0.0,0.0,540.0,0.91,82.81300532309909,4.2,4.3,3.7,14.0,93.0,False,1.7313019390581716
101432,74.0,1,3.0,100556.31219906046,2.0,137.0,2283.0,135.67999999999998,4671.0,3070.0,1832.0,0.0,0.0,0.0,300.0,0.76,82.17422795323435,4.7,3.7,3.4,20.0,121.0,False,1.5214983713355048
101434,70.0,1,6.0,10978.305765395471,2.0,140.0,1467.0,82.08,3196.0,3447.0,975.0,60.0,70.0,190.0,300.0,0.68,93.63372588598124,3.7,3.4,4.2,18.0,111.0,False,0.9271830577313606
101438,48.0,1,2.0,38358.10831841318,2.0,136.0,1264.0,28.69,2055.0,1090.0,465.0,0.0,180.0,180.0,120.0,0.63,109.35736765515784,3.7,4.0,4.3,7.0,90.0,False,1.885321100917431
101439,38.0,0,4.0,36152.94589876384,1.0,145.0,984.0,30.130000000000003,1742.0,905.0,460.0,40.0,0.0,80.0,180.0,1.13,85.31923152714064,4.2,2.9,4.3,10.0,96.0,False,1.9248618784530387
101442,67.0,1,3.0,207829.1127583754,1.0,141.0,2735.0,72.06,4078.0,2308.0,1125.0,0.0,60.0,60.0,240.0,0.83,77.21919778113373,3.9,3.9,4.1,16.0,101.0,False,1.766897746967071
101443,59.0,0,4.0,23390.24553219105,1.0,146.0,3198.0,96.46,3920.0,2920.0,1302.0,0.0,0.0,0.0,360.0,1.21,68.97273752998909,3.7,3.7,3.8,7.0,86.0,False,1.3424657534246576
101444,63.0,0,1.0,23014.696815155497,2.0,144.0,4842.0,123.39000000000004,9682.0,4845.0,3515.0,0.0,0.0,0.0,480.0,1.02,82.58395380387805,4.3,3.8,3.7,18.0,106.0,False,1.9983488132094944
101446,30.0,1,7.0,20606.46022796813,1.0,143.0,2102.0,75.6,2345.0,2095.0,1122.0,90.0,120.0,300.0,840.0,0.7,119.2445747588726,4.3,3.5,4.2,9.0,86.0,False,1.1193317422434368
101448,49.0,0,7.0,57394.20827995802,2.0,146.0,1477.0,82.02000000000001,2849.0,6844.0,1130.0,600.0,1500.0,2700.0,360.0,1.01,91.16840046458344,4.2,3.1,3.9,10.0,96.0,False,0.4162770309760374
101449,59.0,1,4.0,21503.677181115643,2.0,144.0,2371.0,82.77,4313.0,1879.0,1530.0,0.0,20.0,20.0,360.0,0.71,97.88520137183168,4.1,3.0,3.4,11.0,91.0,False,2.295369877594465
101450,39.0,0,1.0,25853.885572528052,2.0,137.0,2918.0,118.78,4400.0,2894.0,2222.0,0.0,0.0,0.0,120.0,1.01,97.01846770036433,3.9,4.5,4.4,18.0,90.0,False,1.520387007601935
101454,55.0,1,1.0,33644.84236923051,1.0,137.0,1639.0,65.21,2224.0,2356.0,899.0,3360.0,1980.0,8700.0,120.0,0.83,83.20269172804909,4.3,4.1,4.3,19.0,88.0,False,0.9439728353140917
101455,66.0,1,2.0,15672.30234309284,1.0,134.0,1375.0,67.13999999999999,1847.0,1790.0,1001.0,0.0,1500.0,1500.0,180.0,0.56,100.59066263563908,3.6,4.1,3.7,15.0,108.0,False,1.0318435754189945
101458,67.0,1,2.0,6357.483945329705,1.0,137.0,888.0,21.270000000000003,1276.0,1158.0,408.0,0.0,0.0,0.0,180.0,0.53,101.30234328323394,3.9,3.6,4.2,11.0,108.0,False,1.1018998272884284
101461,59.0,1,1.0,10009.51955059465,2.0,135.0,371.0,5.81,891.0,311.0,122.0,0.0,0.0,0.0,30.0,0.96,68.15560502283054,4.1,3.5,4.0,23.0,154.0,False,2.864951768488746
101462,23.0,1,3.0,77940.00585533265,1.0,142.0,1270.0,16.71,2145.0,1788.0,442.0,240.0,180.0,660.0,480.0,0.72,120.41049301762116,4.1,4.2,4.0,9.0,83.0,False,1.1996644295302012
101464,50.0,1,3.0,45919.99373431837,2.0,144.0,1170.0,39.91,1813.0,1545.0,728.0,0.0,495.0,495.0,120.0,0.77,93.91765822093848,4.1,4.4,4.3,13.0,92.0,False,1.173462783171521
101467,39.0,0,3.0,35928.55479296642,1.0,135.0,718.0,26.29,772.0,484.0,358.0,1620.0,780.0,4020.0,960.0,1.0,98.18385044368304,4.4,3.3,4.0,13.0,91.0,False,1.5950413223140496
101468,65.0,0,1.0,19872.048382149704,2.0,136.0,1755.0,58.03,1900.0,3366.0,1337.0,600.0,900.0,2100.0,300.0,1.54,49.74953173490714,4.9,3.9,3.6,30.0,168.0,True,0.5644682115270351
101470,57.0,1,3.0,24401.68663167012,2.0,139.0,1359.0,38.67,2033.0,871.0,580.0,0.0,600.0,600.0,360.0,0.71,99.11036003401374,4.7,4.1,3.7,14.0,95.0,False,2.3340987370838118
101472,51.0,1,6.0,18157.0003611102,2.0,141.0,2003.0,120.29,3756.0,2267.0,1595.0,0.0,90.0,90.0,300.0,0.65,106.53050320871652,4.1,3.3,4.2,13.0,101.0,False,1.6568151742390824
101475,50.0,1,1.0,17309.641974598137,2.0,141.0,1026.0,104.02,1914.0,1469.0,1597.0,0.0,0.0,0.0,60.0,0.58,110.17954093800604,4.2,2.7,3.7,15.0,185.0,False,1.302927161334241
101478,60.0,0,2.0,19593.279923011763,1.0,138.0,2141.0,87.17,2807.0,1648.0,1200.0,120.0,0.0,240.0,720.0,0.99,87.20806829915247,4.0,3.5,3.7,15.0,93.0,False,1.7032766990291262
101479,73.0,1,3.0,35609.19331747312,2.0,140.0,2399.0,79.38,1901.0,2680.0,1387.0,0.0,60.0,60.0,30.0,0.89,68.41399362271738,4.1,3.9,3.7,12.0,112.0,False,0.7093283582089552
101480,64.0,0,6.0,6658.248292370827,2.0,138.0,1762.0,59.66000000000001,2216.0,2817.0,1138.0,0.0,30.0,30.0,240.0,1.53,50.45278599838712,4.7,3.7,3.7,18.0,95.0,True,0.7866524671636492
101481,29.0,1,3.0,45243.18907132602,2.0,141.0,1518.0,54.99,1789.0,1724.0,842.0,0.0,0.0,0.0,240.0,0.62,123.54974894249833,4.1,3.1,3.8,13.0,85.0,False,1.0377030162412992
101483,70.0,0,6.0,16248.112226152303,1.0,138.0,2010.0,54.19,2512.0,2622.0,933.0,0.0,0.0,0.0,600.0,0.7,99.1241423754892,4.7,4.1,4.6,7.0,137.0,False,0.958047292143402
101484,49.0,0,3.0,156305.0813438014,2.0,140.0,2655.0,106.45,3502.0,3770.0,1396.0,0.0,0.0,0.0,720.0,0.96,96.89569991154904,4.3,3.3,3.9,15.0,89.0,False,0.9289124668435014
101486,60.0,1,6.0,14172.00740097661,2.0,135.0,3226.0,98.36,5407.0,3331.0,1965.0,0.0,40.0,40.0,420.0,0.69,99.29203192232715,3.9,2.9,3.9,15.0,116.0,False,1.6232362653857701
101487,73.0,0,2.0,12512.533888499309,2.0,136.0,1941.0,94.44,3247.0,3176.0,1619.0,0.0,0.0,0.0,360.0,0.96,83.46037312185392,4.4,3.4,4.4,15.0,107.0,False,1.0223551637279598
101488,64.0,1,2.0,16144.463641083936,1.0,137.0,2719.0,78.42,3410.0,3003.0,1616.0,0.0,0.0,0.0,180.0,0.64,98.6242298851608,3.7,3.4,3.8,11.0,99.0,False,1.1355311355311355
101489,51.0,1,6.0,19468.174413935223,2.0,145.0,814.0,19.9,808.0,1720.0,445.0,0.0,840.0,840.0,240.0,0.52,112.41630116614222,4.2,3.9,4.3,8.0,96.0,False,0.4697674418604651
101490,78.0,1,3.0,42334.55225034132,1.0,140.0,594.0,20.809999999999995,662.0,1184.0,475.0,0.0,0.0,0.0,300.0,0.85,70.08179260090985,4.4,3.7,4.3,17.0,88.0,False,0.5591216216216216
101493,34.0,1,1.0,28916.054144601854,2.0,136.0,1459.0,71.74,2292.0,2178.0,1254.0,0.0,720.0,720.0,300.0,0.48,127.38670030756106,4.1,3.3,4.2,13.0,102.0,False,1.0523415977961432
101498,71.0,0,2.0,30453.24848913772,1.0,139.0,534.0,46.73,1348.0,1344.0,566.0,0.0,120.0,120.0,840.0,0.93,87.78661000960756,4.5,3.2,4.6,20.0,198.0,False,1.0029761904761905
101500,67.0,1,3.0,172915.57783741283,1.0,147.0,885.0,23.91,1236.0,1404.0,458.0,0.0,120.0,120.0,840.0,0.85,75.04405368826734,3.6,3.4,3.8,10.0,114.0,False,0.8803418803418803
101501,30.0,1,6.0,16525.400080910258,2.0,135.0,2398.0,64.35000000000001,3757.0,2921.0,1309.0,150.0,375.0,675.0,720.0,0.81,100.0862124328966,4.8,3.9,4.6,16.0,85.0,False,1.2862033550154057
101502,68.0,0,3.0,59601.00490438751,2.0,142.0,2127.0,88.64,2452.0,3313.0,1625.0,0.0,0.0,0.0,600.0,0.75,98.29525745923289,3.7,3.6,4.5,9.0,144.0,False,0.7401146996679746
101505,62.0,1,7.0,15420.469092927018,1.0,145.0,1535.0,50.48,2143.0,1615.0,877.0,0.0,1200.0,1200.0,120.0,0.67,98.7622525030171,3.7,2.8,3.8,16.0,80.0,False,1.326934984520124
101508,61.0,1,2.0,12322.380036265937,2.0,148.0,1915.0,72.33000000000001,3220.0,2227.0,1194.0,0.0,300.0,300.0,180.0,0.63,100.86371246697986,4.2,3.7,4.1,12.0,98.0,False,1.4458913336326897
101510,64.0,0,2.0,13042.778706983258,1.0,139.0,2559.0,79.05,4680.0,2858.0,1234.0,0.0,495.0,495.0,240.0,0.92,92.89010998634176,4.2,3.4,3.8,16.0,102.0,False,1.6375087473757872
101513,35.0,0,3.0,64119.2579991607,1.0,146.0,2407.0,84.57000000000001,4164.0,2385.0,1374.0,0.0,0.0,0.0,720.0,0.86,115.80192645862395,3.8,4.0,4.9,6.0,100.0,False,1.7459119496855346
101516,30.0,1,3.0,118081.97070533836,2.0,147.0,1777.0,72.30999999999997,2767.0,3005.0,1451.0,180.0,0.0,360.0,480.0,0.8,101.58937601542708,3.7,3.8,4.5,11.0,91.0,False,0.9207986688851914
101520,52.0,0,1.0,40982.61583390393,1.0,137.0,1804.0,75.92,2005.0,1936.0,1298.0,900.0,0.0,1800.0,180.0,0.91,101.40918448736092,4.2,3.3,3.8,17.0,112.0,False,1.0356404958677685
101527,61.0,0,1.0,10857.985212822805,2.0,136.0,2358.0,120.65999999999998,4154.0,3522.0,1671.0,0.0,50.0,50.0,120.0,0.79,101.07057527797411,4.1,3.3,4.8,13.0,74.0,False,1.1794434980124928
101530,51.0,0,2.0,35975.363053598245,1.0,136.0,2056.0,69.68,2946.0,2444.0,1358.0,60.0,60.0,180.0,240.0,0.92,100.71231427883406,3.8,4.1,4.2,13.0,83.0,False,1.2054009819967266
101535,80.0,0,3.0,35668.294994845186,2.0,138.0,2182.0,70.27,2745.0,4301.0,1794.0,0.0,0.0,0.0,360.0,1.24,58.775011974352736,5.1,3.4,4.0,32.0,104.0,True,0.638223668914206
101537,33.0,0,3.0,105127.75360577766,1.0,142.0,2714.0,102.2,4421.0,4059.0,2436.0,300.0,240.0,840.0,420.0,1.22,80.28128373003447,4.1,3.7,4.1,20.0,95.0,False,1.0891845282089185
101541,63.0,0,3.0,84653.14053105208,1.0,142.0,1551.0,35.6,2231.0,1336.0,559.0,1200.0,1200.0,3600.0,120.0,1.19,68.63719452138628,4.2,3.0,4.0,15.0,90.0,False,1.6699101796407185
101542,48.0,0,6.0,14179.85212102697,2.0,148.0,3835.0,186.91,8962.0,5877.0,2498.0,0.0,2400.0,2400.0,120.0,0.96,97.5002011587332,4.0,3.4,4.2,20.0,88.0,False,1.5249276841926154
101544,44.0,1,3.0,99707.6191821094,1.0,145.0,1618.0,133.33,3380.0,2298.0,1696.0,300.0,0.0,600.0,300.0,0.84,87.82274910479485,4.1,5.0,4.0,10.0,81.0,False,1.4708442123585728
101545,22.0,0,3.0,122835.71954983036,2.0,147.0,1914.0,73.73,2996.0,2440.0,1633.0,1260.0,900.0,3420.0,300.0,0.98,111.8113517382346,4.6,4.1,4.5,14.0,88.0,False,1.2278688524590164
101546,61.0,0,4.0,11077.647300477509,2.0,143.0,3020.0,109.15,4844.0,3655.0,1492.0,0.0,0.0,0.0,420.0,0.9,97.16880939309704,4.9,3.0,3.8,13.0,96.0,False,1.3253077975376197
101547,42.0,1,3.0,56276.612767179184,1.0,145.0,3125.0,99.25,5346.0,3136.0,1843.0,0.0,0.0,0.0,540.0,0.66,112.24967112652443,3.9,3.5,3.5,14.0,102.0,False,1.7047193877551021
101548,75.0,1,3.0,10195.08945124455,2.0,148.0,1812.0,100.73000000000002,3258.0,2414.0,1285.0,0.0,210.0,210.0,300.0,0.83,73.47121548993923,4.4,3.7,4.1,19.0,89.0,False,1.3496271748135875
101549,43.0,1,6.0,21610.595490715372,2.0,143.0,1342.0,42.07,2705.0,2494.0,1246.0,0.0,150.0,150.0,120.0,0.65,111.964936773423,4.2,4.3,4.2,8.0,83.0,False,1.0846030473135526
101550,53.0,0,4.0,22516.97950334723,1.0,143.0,1889.0,57.40999999999999,3439.0,2650.0,1337.0,1800.0,0.0,3600.0,300.0,1.26,68.19951705492188,3.8,4.6,4.0,8.0,93.0,False,1.2977358490566038
101551,35.0,1,3.0,46229.83665869239,2.0,142.0,2851.0,78.39999999999999,3746.0,3481.0,1642.0,0.0,0.0,0.0,480.0,0.69,115.99508513761134,4.1,4.0,4.1,14.0,80.0,False,1.0761275495547256
101558,54.0,0,2.0,22007.073656601984,1.0,147.0,902.0,34.61,1508.0,995.0,590.0,0.0,60.0,60.0,20.0,0.78,105.97479919775712,3.9,4.2,4.2,12.0,100.0,False,1.5155778894472363
101559,27.0,0,1.0,31065.42984629782,1.0,144.0,2006.0,82.94,6284.0,2158.0,1309.0,360.0,150.0,870.0,240.0,0.86,121.70932252875654,4.1,2.9,4.1,12.0,113.0,False,2.911955514365153
101562,63.0,1,1.0,9905.183311201945,2.0,137.0,1754.0,73.94,2776.0,2627.0,1052.0,0.0,0.0,0.0,960.0,1.07,58.36634440598823,4.1,3.7,3.9,22.0,97.0,True,1.0567186905215074
101563,21.0,0,4.0,74893.19857219695,1.0,144.0,267.0,8.39,764.0,259.0,109.0,0.0,2400.0,2400.0,300.0,0.89,125.03530010686949,3.6,4.7,4.3,11.0,96.0,False,2.9498069498069497
101570,30.0,1,4.0,29168.523432426868,2.0,144.0,877.0,37.7,1397.0,1107.0,660.0,0.0,0.0,0.0,180.0,0.49,129.94812021547298,3.8,3.0,3.7,8.0,86.0,False,1.2619692863595302
101571,71.0,0,4.0,10995.57936180211,2.0,142.0,1447.0,67.12,3495.0,2780.0,1171.0,720.0,235.0,1675.0,360.0,1.31,58.1945429949558,4.5,3.5,3.9,13.0,95.0,True,1.2571942446043165
101572,60.0,0,1.0,25266.55564143917,2.0,141.0,2564.0,72.83,2835.0,2090.0,1112.0,360.0,2925.0,3645.0,180.0,1.28,64.07180172550771,4.4,3.7,4.2,24.0,86.0,False,1.3564593301435406
101574,22.0,1,4.0,18236.92249563361,1.0,145.0,3462.0,105.25,6045.0,2481.0,1895.0,540.0,0.0,1080.0,480.0,0.8,106.77174818308856,3.3,3.1,4.3,15.0,83.0,False,2.4365175332527205
101579,70.0,0,1.0,33857.165709348905,2.0,143.0,4283.0,174.28000000000003,7630.0,5146.0,2597.0,240.0,600.0,1080.0,360.0,0.89,92.18988408010998,4.1,3.2,4.7,13.0,91.0,False,1.4827050136027984
101580,61.0,0,4.0,9558.139681060582,1.0,134.0,1351.0,38.38000000000001,1722.0,1256.0,464.0,0.0,300.0,300.0,300.0,1.71,44.98032201361544,4.5,3.2,3.8,19.0,144.0,True,1.3710191082802548
101581,62.0,0,4.0,10058.448436739607,1.0,139.0,2021.0,112.66,4207.0,1640.0,1013.0,420.0,420.0,1260.0,420.0,3.33,20.090178937029883,4.1,4.6,4.3,43.0,96.0,True,2.5652439024390246
101584,55.0,1,6.0,16876.939289687754,2.0,138.0,1089.0,34.7,1236.0,1437.0,673.0,0.0,140.0,140.0,300.0,0.67,103.15684229479876,4.4,3.7,3.8,12.0,85.0,False,0.860125260960334
101587,76.0,1,4.0,21867.92174104012,1.0,144.0,1286.0,64.30000000000001,2724.0,5482.0,743.0,0.0,135.0,135.0,120.0,3.31,13.884055322519746,6.6,5.0,3.9,64.0,93.0,True,0.4968989419919737
101588,23.0,1,2.0,39449.00659461714,1.0,138.0,863.0,46.00000000000001,2393.0,1303.0,668.0,0.0,0.0,0.0,30.0,0.63,127.75362661032143,3.1,4.1,4.3,8.0,88.0,False,1.8365310821181888
101589,63.0,0,4.0,6718.396448505198,1.0,144.0,4745.0,128.2,7477.0,3574.0,2880.0,360.0,30.0,750.0,600.0,0.91,94.7035385987119,4.2,3.9,3.8,16.0,102.0,False,2.092053721320649
101590,24.0,0,1.0,37564.575889009706,2.0,141.0,2238.0,31.08,1727.0,828.0,578.0,0.0,1500.0,1500.0,300.0,0.92,119.1268836230086,3.8,3.9,4.5,6.0,73.0,False,2.0857487922705316
101593,49.0,1,6.0,10281.290301108786,1.0,138.0,1208.0,38.16,1555.0,2062.0,758.0,0.0,0.0,0.0,300.0,0.61,109.52761285439362,3.8,3.1,4.2,8.0,92.0,False,0.7541222114451989
101594,43.0,1,3.0,126843.29243180816,1.0,140.0,1034.0,31.94,1330.0,922.0,535.0,0.0,60.0,60.0,120.0,0.75,101.2440856233302,4.1,2.9,4.2,12.0,91.0,False,1.4425162689804771
101595,19.0,0,2.0,44197.303000467226,2.0,143.0,3082.0,141.41000000000005,6131.0,3913.0,3121.0,3000.0,1800.0,7800.0,180.0,0.94,119.75862117486376,4.4,3.3,4.4,20.0,79.0,False,1.5668285203168923
101596,44.0,1,4.0,52289.29683276053,2.0,144.0,2065.0,108.98000000000002,4222.0,2568.0,1363.0,0.0,60.0,60.0,300.0,0.71,107.45636677038758,4.0,4.2,3.7,15.0,75.0,False,1.6440809968847352
101597,77.0,1,3.0,68271.53606208287,1.0,142.0,2467.0,73.97,3278.0,2609.0,1324.0,0.0,480.0,480.0,120.0,0.49,97.01137156724404,3.9,3.3,4.0,18.0,88.0,False,1.2564200843234956
101599,22.0,0,3.0,62910.61992215985,2.0,137.0,3780.0,120.63,6122.0,2995.0,2722.0,0.0,300.0,300.0,720.0,0.99,110.45743530949898,4.3,3.4,4.0,13.0,90.0,False,2.0440734557595994
101601,62.0,0,3.0,69669.64288828328,2.0,139.0,992.0,57.51999999999999,1524.0,1238.0,755.0,2100.0,2640.0,6840.0,240.0,1.2,68.37532283018858,5.2,3.5,3.9,17.0,91.0,False,1.2310177705977383
101604,22.0,0,4.0,24297.54336724298,1.0,138.0,2530.0,47.53999999999999,3950.0,1061.0,862.0,780.0,90.0,1650.0,240.0,0.79,128.8142869044321,3.7,3.7,4.5,9.0,84.0,False,3.7229029217719134
101605,66.0,0,3.0,19868.04927956165,1.0,145.0,2937.0,96.0,3239.0,2900.0,1466.0,80.0,720.0,880.0,300.0,1.09,74.85159467666058,4.2,2.8,4.1,20.0,95.0,False,1.1168965517241378
101606,58.0,0,2.0,35895.04657590663,2.0,141.0,726.0,24.5,649.0,1007.0,701.0,0.0,0.0,0.0,180.0,0.9,98.99879401503546,4.4,2.6,4.0,15.0,94.0,False,0.6444885799404171
101608,62.0,0,4.0,13399.187065520371,1.0,146.0,1307.0,42.77,1573.0,1705.0,685.0,105.0,690.0,900.0,300.0,0.79,100.44393771125068,4.2,4.2,3.9,8.0,117.0,False,0.9225806451612903
101609,22.0,0,6.0,23455.377294190705,1.0,143.0,1090.0,59.32,2695.0,788.0,873.0,90.0,0.0,180.0,360.0,0.91,122.21021775657256,4.6,4.2,4.8,15.0,94.0,False,3.4200507614213196
101612,75.0,0,4.0,17882.252264220675,2.0,134.0,2029.0,87.8,3115.0,3533.0,1511.0,540.0,0.0,1080.0,120.0,1.16,65.68318434092832,3.8,3.6,4.0,21.0,96.0,False,0.8816869515992075
101613,53.0,0,4.0,16948.296899590965,1.0,138.0,899.0,28.96,1481.0,522.0,431.0,60.0,150.0,270.0,120.0,0.81,105.42745048076112,3.7,3.9,4.5,14.0,282.0,False,2.8371647509578546
101616,56.0,0,7.0,149383.36400644563,2.0,142.0,4096.0,144.65,5087.0,5534.0,2506.0,300.0,60.0,660.0,120.0,1.21,70.27170424370331,4.1,3.7,4.0,16.0,87.0,False,0.9192265992049151
101620,29.0,1,6.0,25958.242908260752,1.0,141.0,1305.0,62.80999999999999,2584.0,2808.0,1300.0,60.0,140.0,260.0,120.0,0.64,122.60802328070044,4.0,3.2,4.2,15.0,88.0,False,0.9202279202279202
101621,80.0,0,3.0,13803.08386721721,1.0,146.0,1552.0,50.92000000000001,1610.0,2247.0,1183.0,0.0,2160.0,2160.0,240.0,1.22,59.93312895112101,4.3,3.4,4.4,23.0,103.0,True,0.7165109034267912
101623,62.0,0,6.0,14177.068184147138,2.0,138.0,2314.0,56.39,2550.0,4387.0,1397.0,0.0,0.0,0.0,480.0,1.01,84.08746047665593,4.7,3.7,4.3,15.0,112.0,False,0.5812628219740141
101625,21.0,0,4.0,23333.350621564565,1.0,144.0,1787.0,48.73,1965.0,1197.0,1043.0,0.0,0.0,0.0,480.0,0.94,118.2782177936934,3.7,4.0,4.4,12.0,91.0,False,1.6416040100250626
101626,55.0,1,3.0,186923.97793458012,2.0,146.0,2069.0,58.52,3444.0,2699.0,1319.0,0.0,90.0,90.0,480.0,0.7,102.07360173472712,4.2,4.7,4.1,13.0,92.0,False,1.2760281585772508
101635,63.0,1,3.0,135728.62078578156,1.0,142.0,1195.0,65.42,2409.0,2744.0,898.0,540.0,1320.0,2400.0,360.0,0.92,69.96448374293686,4.1,3.3,4.1,9.0,94.0,False,0.8779154518950437
101636,68.0,1,1.0,7152.16943849592,1.0,137.0,1425.0,48.57000000000001,1560.0,3307.0,1019.0,0.0,0.0,0.0,360.0,0.7,94.14566788317298,3.9,3.2,3.5,15.0,87.0,False,0.4717266404596311
101638,58.0,0,3.0,222581.32976978133,1.0,141.0,2220.0,78.28,2617.0,4045.0,1211.0,240.0,240.0,720.0,360.0,0.85,100.72253008168204,3.8,2.9,4.1,15.0,104.0,False,0.6469715698393078
101640,55.0,1,7.0,13309.0376333469,1.0,147.0,2054.0,68.73999999999998,3308.0,1492.0,1238.0,0.0,10.0,10.0,720.0,0.8,86.96071522622101,3.5,3.5,3.7,13.0,104.0,False,2.2171581769436997
101642,53.0,1,4.0,16941.817780335474,1.0,144.0,2711.0,98.72,4952.0,3454.0,1278.0,0.0,100.0,100.0,600.0,1.09,60.74650623993969,4.0,3.4,3.8,19.0,108.0,False,1.4337000579038797
101645,68.0,0,3.0,21383.87838323279,2.0,139.0,1395.0,44.76999999999999,2815.0,3185.0,819.0,0.0,1500.0,1500.0,120.0,0.62,104.11151730232338,4.0,3.3,3.9,11.0,122.0,False,0.8838304552590267
101647,58.0,1,1.0,27952.732122333877,2.0,144.0,2289.0,52.78,1708.0,5582.0,1175.0,0.0,0.0,0.0,20.0,0.71,98.49587580180284,4.0,3.5,4.1,8.0,92.0,False,0.3059835184521677
101649,40.0,1,3.0,174017.58736290355,1.0,134.0,1722.0,78.54,2857.0,2827.0,1324.0,120.0,240.0,480.0,300.0,0.92,80.7236532975235,4.3,3.7,4.1,16.0,90.0,False,1.010611956137248
101654,72.0,0,3.0,10519.61099085652,2.0,134.0,2013.0,65.09,4551.0,2487.0,1130.0,0.0,0.0,0.0,480.0,1.52,48.38319053388574,4.9,3.2,3.7,34.0,119.0,True,1.8299155609167672
101655,20.0,0,4.0,33716.961078437496,2.0,143.0,1659.0,82.42,3634.0,1973.0,1058.0,360.0,2340.0,3060.0,300.0,1.24,85.3597592851138,4.2,4.6,4.7,16.0,86.0,False,1.841865179929042
101656,60.0,1,2.0,23307.30556762364,2.0,134.0,2575.0,69.65,4201.0,1737.0,1304.0,0.0,0.0,0.0,240.0,0.74,92.56525157392576,3.8,4.0,3.7,15.0,125.0,False,2.418537708693149
101657,28.0,0,3.0,69559.6701032851,2.0,143.0,1173.0,63.93,2925.0,1484.0,924.0,1200.0,1440.0,3840.0,120.0,0.79,124.09605859642038,4.4,3.3,4.1,18.0,88.0,False,1.971024258760108
101658,30.0,0,3.0,34217.87308884339,1.0,142.0,6004.0,236.96000000000004,8572.0,6954.0,5136.0,315.0,840.0,1470.0,480.0,0.92,114.7634869217382,4.0,3.4,4.1,13.0,100.0,False,1.2326718435432844
101659,36.0,1,2.0,98607.98081352738,2.0,134.0,1486.0,39.36999999999999,2362.0,1413.0,602.0,135.0,240.0,510.0,540.0,0.7,114.87686724967725,4.1,3.5,3.8,13.0,97.0,False,1.6716206652512384
101660,65.0,0,4.0,11868.799978155495,1.0,143.0,1792.0,100.67,2802.0,2128.0,1173.0,0.0,0.0,0.0,300.0,0.96,87.7179316553728,4.1,3.0,4.2,16.0,156.0,False,1.3167293233082706
101661,61.0,1,2.0,13400.905735355578,2.0,134.0,1469.0,49.02,2468.0,1611.0,1104.0,0.0,0.0,0.0,30.0,0.73,93.50559750803058,3.9,3.6,4.0,13.0,107.0,False,1.531967721911856
101662,58.0,0,3.0,18078.98726130096,2.0,139.0,3009.0,135.92000000000002,4703.0,3884.0,2349.0,1260.0,960.0,3480.0,240.0,1.25,66.74656184593023,3.9,3.1,4.2,19.0,109.0,False,1.21086508753862
101664,47.0,1,3.0,37234.99025523477,2.0,146.0,2552.0,108.49,4299.0,3224.0,1679.0,1380.0,1680.0,4440.0,300.0,0.87,82.6448974307473,3.9,3.6,3.6,13.0,98.0,False,1.3334367245657568
101667,64.0,1,2.0,6213.4687904269695,2.0,138.0,1734.0,68.11999999999999,4246.0,1705.0,1179.0,0.0,0.0,0.0,720.0,0.85,76.45736177627614,4.3,3.1,3.3,16.0,103.0,False,2.490322580645161
101668,38.0,0,6.0,24320.886570486236,1.0,137.0,2014.0,69.76,3163.0,2414.0,1289.0,0.0,0.0,0.0,540.0,0.92,109.19322034272568,4.0,2.5,4.1,14.0,87.0,False,1.3102734051367027
101669,28.0,1,3.0,89293.83109095578,2.0,146.0,853.0,22.16,1361.0,567.0,378.0,120.0,1200.0,1440.0,300.0,0.8,102.86089716741589,4.3,4.3,3.6,11.0,90.0,False,2.400352733686067
101670,36.0,1,6.0,32913.68798391762,2.0,140.0,2255.0,81.17,3390.0,3464.0,1720.0,0.0,120.0,120.0,120.0,0.68,115.68220640205338,4.0,3.9,4.0,16.0,77.0,False,0.9786374133949192
101675,55.0,1,2.0,24181.99726176501,1.0,138.0,1381.0,66.72,2059.0,1686.0,1091.0,0.0,240.0,240.0,240.0,0.53,109.15197103463316,3.8,3.4,4.4,14.0,92.0,False,1.2212336892052194
101676,55.0,0,6.0,22744.044601246653,2.0,135.0,649.0,13.7,582.0,1406.0,279.0,0.0,195.0,195.0,480.0,0.75,106.57262503843263,4.4,3.0,4.0,8.0,99.0,False,0.4139402560455192
101677,25.0,0,3.0,94512.21320494598,1.0,139.0,3573.0,110.07,6399.0,2035.0,2074.0,1080.0,1800.0,3960.0,360.0,0.8,125.95378311909536,4.0,2.4,4.1,11.0,93.0,False,3.1444717444717445
101679,62.0,1,2.0,19613.650591986094,2.0,144.0,2419.0,79.82000000000001,2789.0,4451.0,1356.0,0.0,0.0,0.0,180.0,0.74,91.42100066267956,4.4,3.5,3.7,16.0,85.0,False,0.6266007638732869
101681,31.0,1,4.0,11500.579211394648,1.0,147.0,2546.0,81.52,3939.0,1941.0,1270.0,0.0,900.0,900.0,240.0,0.73,112.68544846979894,3.9,3.3,4.0,10.0,91.0,False,2.029366306027821
101682,45.0,1,3.0,22979.574193551125,1.0,135.0,3540.0,210.68,9433.0,5302.0,3167.0,0.0,60.0,60.0,420.0,0.83,88.54161769720791,3.9,4.5,4.2,10.0,89.0,False,1.7791399471897398
101687,75.0,1,4.0,25374.332737719746,2.0,145.0,2752.0,87.16000000000003,3110.0,3527.0,1663.0,0.0,20.0,20.0,240.0,0.85,71.40164619939033,4.2,3.8,3.9,11.0,87.0,False,0.8817692089594557
101688,20.0,1,3.0,178346.40475292964,2.0,142.0,2752.0,96.1,5382.0,2770.0,1619.0,1800.0,1800.0,5400.0,240.0,0.69,127.33702579577437,3.8,3.6,4.4,11.0,81.0,False,1.9429602888086643
101689,80.0,0,3.0,7826.520734734056,1.0,146.0,1119.0,67.14000000000001,1289.0,1458.0,897.0,0.0,0.0,0.0,180.0,1.09,68.60992600459812,4.5,3.1,3.9,20.0,105.0,False,0.8840877914951989
101692,60.0,1,3.0,118365.24892402651,1.0,142.0,2470.0,125.35,4310.0,4942.0,1769.0,1200.0,2250.0,4650.0,180.0,0.79,85.58024785216206,4.5,4.5,4.3,16.0,87.0,False,0.8721165520032376
101693,28.0,1,3.0,99139.4585333646,1.0,136.0,1857.0,49.13,3079.0,3071.0,958.0,0.0,660.0,660.0,180.0,0.87,93.011187512404,4.1,3.3,4.2,11.0,99.0,False,1.0026050146532075
101695,45.0,1,7.0,10675.660509849333,2.0,136.0,939.0,22.250000000000004,1457.0,2366.0,380.0,0.0,0.0,0.0,10.0,0.59,113.1922800712264,4.3,3.2,3.9,10.0,91.0,False,0.6158072696534235
101697,60.0,1,3.0,98047.70792517289,1.0,142.0,2125.0,103.56,2114.0,2820.0,2150.0,0.0,180.0,180.0,180.0,0.56,104.41519757524289,3.9,4.2,4.3,16.0,126.0,False,0.749645390070922
101698,57.0,1,1.0,19416.62223647793,2.0,142.0,1537.0,43.940000000000005,2309.0,1200.0,738.0,0.0,0.0,0.0,600.0,0.73,95.86093046221984,3.6,3.6,4.3,12.0,90.0,False,1.9241666666666666
101700,80.0,1,3.0,42632.21385009941,2.0,140.0,2121.0,41.75999999999999,2040.0,2301.0,844.0,540.0,540.0,1620.0,240.0,0.98,58.34915980544514,5.0,3.8,4.1,26.0,89.0,True,0.8865710560625815
101701,26.0,1,2.0,117720.44243210154,2.0,134.0,1985.0,72.45999999999998,4548.0,1990.0,1177.0,0.0,135.0,135.0,480.0,0.75,112.53478653816474,4.1,3.7,4.1,14.0,75.0,False,2.285427135678392
101705,60.0,1,3.0,23163.560311435464,1.0,135.0,3105.0,84.07000000000001,5947.0,2385.0,1639.0,0.0,90.0,90.0,180.0,0.8,84.29815414309144,4.1,3.7,4.2,14.0,108.0,False,2.4935010482180293
101707,79.0,1,3.0,61453.031572781154,2.0,147.0,2360.0,110.88,4002.0,4952.0,1978.0,0.0,0.0,0.0,240.0,0.7,87.92031942024751,4.6,4.7,3.3,20.0,102.0,False,0.8081583198707593
101709,23.0,1,2.0,53178.881535384,1.0,135.0,2179.0,86.84,3885.0,2848.0,1434.0,270.0,300.0,840.0,300.0,0.5,135.0711317832164,3.7,3.5,3.1,5.0,73.0,False,1.3641151685393258
101710,80.0,1,3.0,86951.41744348069,1.0,146.0,2448.0,119.0,2976.0,3580.0,2068.0,0.0,48.0,48.0,480.0,1.34,40.08483863320319,3.8,4.2,4.1,21.0,96.0,True,0.8312849162011173
101711,43.0,0,1.0,39627.51118527538,2.0,141.0,4022.0,155.63,6676.0,5069.0,2524.0,1500.0,900.0,3900.0,240.0,0.82,111.77752069424888,4.6,3.3,4.6,17.0,96.0,False,1.3170250542513315
101714,36.0,0,4.0,51710.32335815359,2.0,137.0,2466.0,71.52000000000001,4005.0,3266.0,1218.0,0.0,720.0,720.0,180.0,1.03,96.54691758873815,4.3,3.8,3.7,17.0,93.0,False,1.2262706674831598
101716,33.0,1,1.0,23340.15263202138,2.0,148.0,2645.0,106.87,9248.0,2391.0,1342.0,0.0,0.0,0.0,780.0,0.45,130.19071682775174,3.9,2.9,3.6,11.0,94.0,False,3.8678377248013383
101718,39.0,1,3.0,35902.65421123498,2.0,146.0,2025.0,38.620000000000005,1750.0,942.0,701.0,60.0,0.0,120.0,300.0,0.69,113.14504972452636,2.9,3.7,4.0,7.0,101.0,False,1.8577494692144374
101721,28.0,0,6.0,9801.4631368742,1.0,137.0,4991.0,137.33999999999995,6141.0,3800.0,1789.0,1320.0,1200.0,3840.0,240.0,0.84,121.81731567621044,3.9,3.9,4.0,19.0,77.0,False,1.6160526315789474
101723,69.0,1,3.0,20437.48329281001,1.0,139.0,1178.0,28.99,1640.0,1764.0,597.0,0.0,60.0,60.0,240.0,0.82,77.38207271110892,4.1,4.5,4.6,15.0,89.0,False,0.9297052154195011
101724,60.0,0,4.0,9912.876283523248,2.0,141.0,1652.0,43.61,2859.0,1331.0,959.0,360.0,300.0,1020.0,240.0,0.97,89.37021838168954,4.5,2.9,4.4,11.0,90.0,False,2.148009015777611
101725,59.0,1,6.0,11704.520068890146,2.0,140.0,1095.0,48.31999999999999,2370.0,1572.0,795.0,0.0,120.0,120.0,180.0,0.81,83.56896710495053,4.0,3.6,4.0,15.0,92.0,False,1.5076335877862594
101726,61.0,0,6.0,21031.251891724973,1.0,143.0,1833.0,111.53,3482.0,3427.0,1674.0,0.0,0.0,0.0,300.0,0.83,99.5741333796234,3.4,3.7,4.2,20.0,148.0,False,1.0160490224686314
101727,37.0,0,2.0,30392.33444456872,1.0,145.0,5630.0,108.93,6400.0,4442.0,2616.0,0.0,210.0,210.0,360.0,0.67,123.32687045365324,3.8,3.4,3.9,8.0,104.0,False,1.440792435839712
101728,65.0,0,4.0,9003.739730068575,1.0,141.0,2516.0,68.3,3762.0,3096.0,1191.0,0.0,0.0,0.0,120.0,1.3,60.96517707517599,3.8,3.3,4.3,18.0,95.0,False,1.2151162790697674
101730,73.0,0,3.0,9478.713540326507,2.0,139.0,1930.0,57.92000000000001,2461.0,1824.0,753.0,240.0,480.0,960.0,540.0,1.08,72.45982736901301,4.5,2.6,3.7,21.0,100.0,False,1.3492324561403508
101731,46.0,0,1.0,87512.45711256703,1.0,137.0,2273.0,68.71000000000001,2196.0,2202.0,1123.0,0.0,480.0,480.0,60.0,0.75,112.7079969423148,4.3,4.0,4.2,13.0,84.0,False,0.997275204359673
101732,39.0,0,3.0,126474.18433110316,1.0,142.0,3180.0,147.32999999999998,3684.0,4792.0,3115.0,480.0,90.0,1050.0,180.0,1.03,94.7622557022902,4.2,4.7,4.6,32.0,57.0,False,0.7687813021702838
101733,25.0,1,7.0,32275.22502511236,1.0,139.0,1080.0,54.67,2573.0,1775.0,773.0,0.0,180.0,180.0,360.0,0.68,123.87328271480617,3.5,3.9,4.3,10.0,86.0,False,1.4495774647887323
101736,29.0,0,3.0,68748.45321160798,1.0,135.0,1511.0,68.49,1776.0,2575.0,1305.0,840.0,1680.0,3360.0,180.0,0.88,119.37313378511456,3.8,3.3,4.1,12.0,98.0,False,0.6897087378640777
101737,57.0,0,3.0,30262.41463009523,2.0,143.0,3628.0,120.12,6644.0,3577.0,2373.0,0.0,0.0,0.0,360.0,0.84,101.71378253906796,4.5,3.3,4.0,16.0,85.0,False,1.8574224210232038
101740,59.0,1,4.0,10544.817670949738,1.0,147.0,2227.0,112.08,4612.0,3483.0,1852.0,0.0,0.0,0.0,180.0,0.93,70.80232492758533,3.8,3.2,4.2,11.0,91.0,False,1.3241458512776343
101742,37.0,0,3.0,11341.700071074763,2.0,139.0,1848.0,68.61000000000001,2542.0,2109.0,1110.0,0.0,0.0,0.0,540.0,0.84,115.18606894765142,3.9,2.7,4.5,17.0,90.0,False,1.2053105737316263
101743,74.0,0,2.0,15809.804376955992,1.0,138.0,1313.0,34.38000000000001,1307.0,1778.0,626.0,0.0,0.0,0.0,360.0,1.04,75.34679556266265,4.3,3.9,4.0,18.0,94.0,False,0.7350956130483689
101744,25.0,0,3.0,158835.5044170948,2.0,141.0,1553.0,70.28999999999999,2763.0,3866.0,1033.0,1980.0,2280.0,6240.0,120.0,0.87,122.80317014089088,4.1,3.8,4.5,18.0,83.0,False,0.714692188308329
101745,18.0,0,7.0,5781.444795987762,2.0,140.0,1931.0,73.08000000000001,2882.0,1225.0,856.0,720.0,840.0,2280.0,300.0,0.79,132.05901816119285,4.2,3.5,4.1,11.0,96.0,False,2.3526530612244896
101755,66.0,1,7.0,67700.40910249847,1.0,140.0,2623.0,145.23000000000002,4736.0,2347.0,2990.0,0.0,180.0,180.0,600.0,0.77,85.02196415916512,3.9,3.6,3.4,12.0,89.0,False,2.017895185342991
101756,61.0,1,4.0,12045.082677452492,1.0,147.0,1992.0,57.93999999999999,2328.0,1616.0,1158.0,2520.0,1920.0,6960.0,420.0,0.7,98.33483510581422,3.6,3.7,4.0,19.0,106.0,False,1.4405940594059405
101761,44.0,0,7.0,23040.399550671093,2.0,136.0,1809.0,107.29000000000002,3437.0,3249.0,1759.0,0.0,180.0,180.0,720.0,0.8,111.9159723178894,4.5,4.3,4.1,14.0,149.0,False,1.0578639581409663
101762,80.0,1,3.0,54932.65707216534,2.0,138.0,1559.0,50.31,2250.0,2048.0,868.0,0.0,0.0,0.0,360.0,0.95,60.567210385628485,4.8,3.6,3.8,26.0,100.0,False,1.0986328125
101763,54.0,1,3.0,40119.86555042504,1.0,143.0,2097.0,45.49,2035.0,2011.0,1229.0,0.0,300.0,300.0,720.0,0.57,107.92380148433976,3.8,3.6,4.0,14.0,90.0,False,1.0119343610144207
101764,49.0,0,4.0,20097.89691081502,1.0,134.0,1580.0,69.83000000000001,4104.0,2589.0,1298.0,0.0,0.0,0.0,420.0,9.66,6.068165710691788,5.0,3.8,3.5,52.0,99.0,True,1.5851680185399768
101765,32.0,1,4.0,41552.99331885607,1.0,144.0,2784.0,113.42,5815.0,2248.0,1341.0,3120.0,2220.0,8460.0,300.0,0.64,120.34162398399916,3.5,4.4,3.8,5.0,103.0,False,2.586743772241993
101766,55.0,1,6.0,13205.44905540663,1.0,136.0,2775.0,83.23,4358.0,3040.0,1444.0,0.0,0.0,0.0,300.0,0.74,95.48892931036208,3.9,4.2,4.1,15.0,115.0,False,1.4335526315789473
101768,24.0,0,3.0,229165.6138855394,1.0,141.0,2984.0,115.39,5602.0,3142.0,1759.0,300.0,840.0,1440.0,720.0,1.18,88.36835382140364,4.3,3.6,4.7,17.0,103.0,False,1.782940802036919
101771,80.0,0,2.0,19180.149975526507,2.0,138.0,667.0,27.05,1136.0,781.0,367.0,0.0,0.0,0.0,180.0,1.54,45.3183285307921,4.2,3.3,3.5,19.0,105.0,True,1.4545454545454546
101775,36.0,0,6.0,20864.343253906056,1.0,141.0,723.0,31.73,2288.0,3243.0,583.0,0.0,0.0,0.0,240.0,0.96,105.05521183250174,3.9,3.7,4.2,13.0,90.0,False,0.7055195806352144
101777,64.0,0,4.0,13489.443427977734,2.0,134.0,2292.0,77.25000000000001,2182.0,2983.0,1608.0,0.0,0.0,0.0,600.0,1.22,66.2038236426234,4.5,3.5,3.8,19.0,90.0,False,0.7314783774723432
101779,55.0,1,3.0,251900.6263184599,2.0,142.0,1741.0,68.69,3998.0,2344.0,1353.0,0.0,360.0,360.0,180.0,0.71,100.35085312598174,4.3,3.8,4.0,15.0,91.0,False,1.7056313993174061
101780,65.0,1,3.0,111812.85245926154,2.0,136.0,1922.0,78.27,2552.0,2389.0,1230.0,0.0,140.0,140.0,600.0,0.78,84.2378915975729,3.6,3.9,4.2,20.0,101.0,False,1.0682293846797823
101781,55.0,0,2.0,37370.72118290917,2.0,134.0,2692.0,111.24,3853.0,4863.0,2132.0,1980.0,1920.0,5880.0,300.0,1.11,78.42172006692384,4.1,3.4,4.1,18.0,114.0,False,0.7923092741106313
101785,77.0,1,3.0,81998.32319500127,1.0,147.0,2133.0,46.10000000000001,3492.0,2236.0,1140.0,0.0,60.0,60.0,360.0,0.94,62.49647121136059,4.1,4.0,3.8,18.0,123.0,False,1.5617173524150267
101786,53.0,0,3.0,42513.60640086828,1.0,145.0,1752.0,65.35,3837.0,3004.0,1114.0,3360.0,2460.0,9180.0,180.0,0.91,100.7804475435393,3.8,3.1,4.2,16.0,96.0,False,1.2772969374167775
101787,30.0,0,4.0,21336.954409004,2.0,148.0,1642.0,65.91000000000001,3237.0,1339.0,1426.0,360.0,120.0,840.0,120.0,0.93,113.28426460224551,4.3,3.9,4.8,10.0,82.0,False,2.4174757281553396
101790,22.0,1,4.0,56533.58427015811,2.0,145.0,6130.0,185.54000000000005,8206.0,3880.0,3078.0,0.0,980.0,980.0,360.0,0.7,125.32759042067929,4.1,5.1,3.7,10.0,80.0,False,2.1149484536082475
101793,57.0,0,2.0,65389.96283150032,2.0,138.0,1728.0,117.09,2618.0,2366.0,1418.0,45.0,240.0,330.0,720.0,0.86,100.99354512840316,4.0,3.5,4.5,25.0,99.0,False,1.106508875739645
101794,63.0,0,1.0,5200.067971712403,2.0,141.0,1191.0,39.16,1153.0,2217.0,649.0,0.0,0.0,0.0,600.0,0.73,102.230997950465,4.5,2.9,3.8,12.0,97.0,False,0.5200721695985566
101795,40.0,1,1.0,55650.62119387474,2.0,137.0,1630.0,60.74000000000001,2999.0,1941.0,1215.0,0.0,0.0,0.0,60.0,0.62,115.38006618419608,3.9,3.1,4.1,15.0,86.0,False,1.5450798557444616
101799,28.0,1,3.0,9413.961850439497,1.0,140.0,2693.0,115.29,4275.0,3529.0,1577.0,240.0,360.0,840.0,480.0,0.83,98.41574434648282,4.2,3.7,4.3,13.0,85.0,False,1.211391328988382
101802,57.0,1,7.0,12375.222113318669,2.0,136.0,3568.0,91.26,6164.0,4924.0,2206.0,0.0,60.0,60.0,360.0,0.68,101.5185494980435,4.4,4.0,4.1,10.0,87.0,False,1.2518277822908204
101807,79.0,1,6.0,12649.706411088566,1.0,138.0,855.0,23.4,1331.0,1609.0,401.0,0.0,0.0,0.0,480.0,0.75,80.93444430194191,4.1,3.3,4.6,18.0,136.0,False,0.8272218769422002
101809,61.0,0,3.0,19836.221695449796,2.0,147.0,2805.0,74.73000000000002,3923.0,2643.0,1406.0,100.0,0.0,200.0,360.0,1.11,75.54927797626316,4.9,3.4,3.8,13.0,85.0,False,1.4842981460461597
101811,69.0,0,2.0,14361.156878986429,1.0,139.0,1067.0,56.11999999999999,971.0,3733.0,1083.0,0.0,320.0,320.0,120.0,1.21,64.81378551239514,4.1,4.0,4.8,22.0,102.0,False,0.26011251004553976
101814,26.0,1,3.0,60314.390324395776,1.0,139.0,2751.0,103.79,4667.0,3129.0,1894.0,0.0,0.0,0.0,600.0,0.64,124.91710577879152,5.0,3.9,3.9,11.0,100.0,False,1.4915308405241292
101817,71.0,0,3.0,9040.020408400676,1.0,142.0,1511.0,40.34,3772.0,1281.0,718.0,0.0,480.0,480.0,120.0,1.08,73.36675491186129,4.5,2.8,4.0,16.0,142.0,False,2.9445745511319283
101818,19.0,0,3.0,25536.34346891266,2.0,141.0,2567.0,88.77999999999999,4442.0,2036.0,1866.0,0.0,0.0,0.0,360.0,0.81,130.25306823535956,4.4,4.2,4.4,12.0,84.0,False,2.181728880157171
101821,53.0,1,2.0,37082.36557878453,1.0,134.0,1753.0,30.19,2184.0,1798.0,588.0,60.0,30.0,150.0,120.0,0.66,104.82720195376822,3.8,4.4,3.9,10.0,115.0,False,1.2146829810901
101822,40.0,0,3.0,84038.37408390045,1.0,145.0,5411.0,226.89,7086.0,6760.0,2866.0,0.0,2760.0,2760.0,120.0,0.93,106.45339435261532,4.2,3.2,4.0,16.0,101.0,False,1.048224852071006
101823,67.0,0,4.0,13311.983754683512,2.0,147.0,1659.0,21.19,1748.0,1529.0,698.0,0.0,0.0,0.0,420.0,0.8,96.99936643043588,3.6,2.9,4.0,7.0,95.0,False,1.1432308698495748
101828,32.0,1,6.0,34279.930047438786,1.0,137.0,1231.0,98.09,1940.0,1857.0,1017.0,0.0,140.0,140.0,360.0,0.82,97.40418999606574,3.5,3.3,3.8,10.0,94.0,False,1.044695745826602
101829,63.0,0,3.0,104496.09364769873,2.0,141.0,1734.0,127.73,2787.0,2105.0,1134.0,2100.0,1260.0,5460.0,720.0,0.98,86.64521559243006,4.5,3.0,3.9,16.0,105.0,False,1.3239904988123516
101830,45.0,1,4.0,19901.8894077722,1.0,140.0,2603.0,86.86999999999999,3726.0,3561.0,1495.0,120.0,75.0,315.0,360.0,0.77,96.88405178364056,3.8,3.7,3.9,12.0,95.0,False,1.046335299073294
101832,59.0,1,3.0,136083.09668832514,1.0,141.0,1640.0,82.92999999999999,2798.0,1891.0,1454.0,0.0,240.0,240.0,360.0,0.79,86.11415561698738,3.9,3.3,4.7,17.0,91.0,False,1.4796404019037546
101834,66.0,1,4.0,26463.2840255815,1.0,141.0,2188.0,50.43,2990.0,1801.0,913.0,270.0,1180.0,1720.0,180.0,1.01,61.39519108519083,3.8,3.4,3.8,14.0,94.0,False,1.660188784008884
101837,72.0,1,1.0,36636.67535737191,2.0,136.0,1347.0,57.87,2220.0,2783.0,1146.0,0.0,0.0,0.0,15.0,0.83,74.85490224437694,4.2,3.9,4.3,21.0,95.0,False,0.797700323392023
101838,30.0,1,3.0,30877.530276193505,1.0,146.0,1506.0,52.85000000000001,2876.0,1530.0,1425.0,0.0,180.0,180.0,180.0,0.57,125.2972146035367,3.8,3.7,3.4,6.0,219.0,False,1.8797385620915033
101839,74.0,1,7.0,112251.2396653439,2.0,142.0,1746.0,73.09,2691.0,2876.0,1133.0,0.0,180.0,180.0,360.0,0.88,68.91801124990285,3.8,4.1,4.2,22.0,164.0,False,0.9356745479833102
101840,74.0,0,3.0,10237.307372617164,1.0,142.0,1978.0,62.39,2914.0,3034.0,897.0,0.0,0.0,0.0,600.0,0.86,90.86078576170786,4.3,3.6,4.3,6.0,192.0,False,0.96044825313118
101843,77.0,1,3.0,50299.0762286632,2.0,140.0,1798.0,40.61000000000001,1908.0,2760.0,775.0,0.0,0.0,0.0,480.0,0.58,93.14804699468291,4.0,3.8,4.0,16.0,108.0,False,0.691304347826087
101844,21.0,1,6.0,29961.595518968195,1.0,138.0,1793.0,39.0,2681.0,1639.0,628.0,0.0,0.0,0.0,720.0,0.56,133.07700268498854,4.0,3.1,3.7,9.0,81.0,False,1.6357535082367296
101845,38.0,1,7.0,39056.50411001713,1.0,135.0,521.0,4.77,157.0,109.0,151.0,720.0,720.0,2160.0,900.0,0.81,95.2283356021316,3.0,3.4,3.8,6.0,96.0,False,1.4403669724770642
101846,51.0,0,3.0,225011.21873072485,2.0,142.0,1486.0,124.65,2943.0,2344.0,1161.0,300.0,1200.0,1800.0,240.0,1.1,81.27495662736007,4.5,3.3,4.3,17.0,102.0,False,1.2555460750853242
101847,63.0,1,4.0,10341.269595873571,1.0,137.0,1679.0,45.68,2576.0,5313.0,982.0,0.0,1200.0,1200.0,240.0,0.93,69.06268972551644,4.3,4.0,3.8,14.0,90.0,False,0.48484848484848486
101848,56.0,1,1.0,28232.47946954941,2.0,141.0,293.0,4.109999999999999,86.0,492.0,59.0,0.0,0.0,0.0,30.0,1.02,64.56689082059926,4.0,3.1,3.5,12.0,92.0,False,0.17479674796747968
101850,28.0,0,1.0,37289.39441711206,2.0,136.0,4117.0,193.68,8035.0,5717.0,3355.0,1320.0,1590.0,4230.0,360.0,1.24,81.21665918340051,4.1,3.5,4.5,21.0,98.0,False,1.4054574077313275
101851,40.0,0,2.0,27419.046709021597,2.0,141.0,1703.0,52.18,3494.0,2384.0,1342.0,270.0,270.0,810.0,360.0,0.85,112.65351914476398,4.0,2.8,4.3,18.0,98.0,False,1.4656040268456376
101853,30.0,0,1.0,47281.135870080434,2.0,136.0,2468.0,102.75,3870.0,3098.0,1729.0,1200.0,1200.0,3600.0,180.0,0.79,122.56203772231724,4.0,3.3,4.4,14.0,82.0,False,1.249193027759845
101859,64.0,1,7.0,12843.116532610466,2.0,147.0,1837.0,111.79,3471.0,3377.0,1378.0,90.0,135.0,315.0,300.0,1.17,52.107349760959366,4.1,3.3,3.9,18.0,87.0,True,1.027835356825585
101861,49.0,1,3.0,123760.1700677804,2.0,141.0,1117.0,52.89,1299.0,2451.0,813.0,420.0,60.0,900.0,660.0,0.71,104.16627032220356,3.7,3.0,3.8,12.0,86.0,False,0.5299877600979193
101862,37.0,0,1.0,38152.65659915963,2.0,147.0,2662.0,107.97,4299.0,3467.0,2251.0,2880.0,1080.0,6840.0,240.0,0.84,115.18606894765142,4.3,3.1,3.8,15.0,83.0,False,1.2399769252956447
101864,72.0,1,6.0,10463.392002297876,2.0,140.0,1224.0,51.8,2183.0,1936.0,891.0,0.0,0.0,0.0,120.0,0.68,92.47626696541816,3.9,3.1,4.0,24.0,103.0,False,1.1275826446280992
101865,53.0,1,4.0,31996.45359889318,2.0,145.0,1734.0,81.08,4404.0,1796.0,1140.0,0.0,240.0,240.0,240.0,0.91,75.43683027716128,4.7,3.8,4.2,19.0,106.0,False,2.4521158129175946
101866,52.0,0,4.0,31161.048255929087,2.0,146.0,3085.0,150.61,4478.0,3536.0,1883.0,720.0,540.0,1980.0,420.0,1.53,54.3622275401396,3.6,3.6,4.0,18.0,102.0,True,1.2664027149321266
101867,22.0,1,2.0,44623.920393971945,2.0,146.0,1712.0,82.71,3514.0,1540.0,944.0,0.0,0.0,0.0,480.0,0.71,123.21237229997706,4.1,4.2,4.1,15.0,76.0,False,2.2818181818181817
101870,66.0,1,3.0,302724.83336350607,1.0,143.0,1106.0,41.88000000000001,1651.0,1323.0,669.0,75.0,240.0,390.0,240.0,0.92,68.67119597508798,3.9,4.0,4.6,19.0,88.0,False,1.2479213907785336
101871,36.0,1,3.0,60731.14386142036,2.0,142.0,962.0,51.68999999999999,1745.0,1640.0,784.0,0.0,0.0,0.0,240.0,0.63,117.83115611991064,4.3,4.2,3.5,13.0,82.0,False,1.0640243902439024
101874,63.0,1,6.0,16183.876031393816,2.0,136.0,1286.0,26.24,2515.0,1737.0,562.0,0.0,90.0,90.0,180.0,0.84,78.03472126279522,3.7,3.5,4.4,15.0,88.0,False,1.4478986758779504
101875,49.0,1,6.0,20413.50790756158,2.0,138.0,2014.0,60.21,4431.0,3437.0,1283.0,0.0,300.0,300.0,360.0,0.63,108.67935197569588,4.3,4.4,4.0,9.0,82.0,False,1.2892057026476578
101876,38.0,1,4.0,32802.852331064445,2.0,147.0,698.0,20.59,1179.0,706.0,381.0,420.0,360.0,1200.0,360.0,1.24,57.12710212765516,4.3,3.0,4.3,8.0,90.0,True,1.6699716713881019
101879,56.0,1,1.0,38459.11313666254,1.0,148.0,808.0,27.37,1716.0,1166.0,491.0,0.0,0.0,0.0,300.0,0.67,102.517269872571,3.7,3.4,3.6,9.0,96.0,False,1.471698113207547
101880,21.0,0,7.0,24599.643354122752,1.0,137.0,3337.0,133.01999999999998,9181.0,2547.0,2508.0,2880.0,2160.0,7920.0,480.0,0.78,130.11754266580004,4.0,4.2,4.2,12.0,86.0,False,3.6046329014526894
101882,52.0,1,4.0,28606.82827427629,2.0,146.0,2075.0,55.07,2279.0,1532.0,967.0,0.0,60.0,60.0,180.0,0.98,69.44849190941933,4.1,3.4,3.5,11.0,87.0,False,1.487597911227154
101884,70.0,0,3.0,101571.61782306872,1.0,138.0,1663.0,55.78,2561.0,1482.0,1007.0,600.0,1500.0,2700.0,240.0,1.14,69.18676152985564,3.7,5.1,3.9,17.0,116.0,False,1.7280701754385965
101885,43.0,1,3.0,35189.16895000233,1.0,141.0,977.0,23.39,1264.0,833.0,467.0,0.0,420.0,420.0,120.0,0.76,99.64760563108644,4.5,3.7,4.2,13.0,87.0,False,1.517406962785114
101888,60.0,0,2.0,17472.017935780506,1.0,137.0,3637.0,158.00000000000003,5915.0,4018.0,2346.0,0.0,960.0,960.0,240.0,0.92,95.2299392906816,3.8,3.3,4.2,17.0,107.0,False,1.4721254355400697
101893,23.0,0,1.0,43826.99038900061,2.0,136.0,1237.0,26.85,1928.0,727.0,634.0,1440.0,900.0,3780.0,180.0,0.97,112.49419182319583,4.0,2.6,4.2,11.0,78.0,False,2.6519944979367263
101894,46.0,1,7.0,6499.457089138125,2.0,140.0,881.0,59.67999999999999,1623.0,1247.0,685.0,0.0,0.0,0.0,20.0,0.58,112.9548775014288,4.2,3.2,3.6,6.0,83.0,False,1.3015236567762631
101895,78.0,1,2.0,16195.436382292171,1.0,137.0,2065.0,82.58,2958.0,2186.0,1412.0,0.0,0.0,0.0,480.0,1.87,27.20808558316671,3.8,3.6,4.0,32.0,86.0,True,1.353156450137237
101896,28.0,1,3.0,98240.42725404078,1.0,140.0,1261.0,63.96,2440.0,1711.0,1472.0,150.0,210.0,510.0,60.0,0.83,98.41574434648282,4.0,3.3,4.1,14.0,141.0,False,1.4260666277030976
101899,36.0,0,4.0,25849.133904984858,2.0,145.0,1545.0,23.83,2349.0,3457.0,713.0,1440.0,1440.0,4320.0,480.0,1.07,92.23219603117406,4.3,3.0,4.1,6.0,67.0,False,0.6794908880532253
101903,33.0,1,1.0,43655.81241403135,1.0,135.0,1472.0,58.58000000000001,2530.0,1500.0,1104.0,0.0,0.0,0.0,240.0,0.68,117.86085467478505,4.0,2.5,4.0,12.0,89.0,False,1.6866666666666668
101904,33.0,1,4.0,33992.23112403858,2.0,134.0,1331.0,58.260000000000005,2604.0,1520.0,957.0,30.0,0.0,60.0,360.0,0.65,119.14947006386863,3.9,2.7,3.3,9.0,105.0,False,1.7131578947368422
101905,70.0,0,4.0,5961.094641766765,2.0,136.0,3509.0,131.57999999999998,5452.0,3145.0,1872.0,0.0,1320.0,1320.0,180.0,1.14,69.18676152985564,4.0,2.7,4.4,21.0,121.0,False,1.7335453100158982
101910,80.0,1,3.0,25146.36115439362,2.0,139.0,1806.0,96.9,3519.0,1828.0,1382.0,1440.0,1080.0,3960.0,240.0,0.8,74.43855144368185,4.0,3.3,4.1,23.0,126.0,False,1.925054704595186
101912,31.0,1,6.0,34041.35887924057,1.0,136.0,1710.0,86.99999999999997,2517.0,2439.0,1119.0,0.0,0.0,0.0,180.0,0.64,121.09239684443466,3.7,3.1,4.1,15.0,85.0,False,1.031980319803198
101915,69.0,1,3.0,45505.92019207786,1.0,147.0,1584.0,85.91,2575.0,3245.0,1385.0,0.0,720.0,720.0,360.0,0.64,95.60455559128292,3.1,3.1,4.0,16.0,95.0,False,0.7935285053929122
101917,66.0,0,2.0,13286.544287056891,1.0,146.0,2553.0,68.91999999999997,4283.0,4014.0,1447.0,0.0,390.0,390.0,420.0,0.66,103.4429298519409,4.7,3.4,4.2,15.0,99.0,False,1.0670154459392127
101920,48.0,0,6.0,14741.55654406496,2.0,134.0,4479.0,127.06000000000002,6119.0,4128.0,1923.0,0.0,0.0,0.0,420.0,0.91,103.96360262323805,4.2,3.7,4.2,13.0,103.0,False,1.4823158914728682
101922,55.0,0,6.0,10772.897472329283,2.0,136.0,2131.0,80.06,4546.0,1473.0,818.0,420.0,420.0,1260.0,480.0,0.82,103.73907741093174,4.3,3.5,4.4,20.0,115.0,False,3.0862186014935507
101928,42.0,1,4.0,19288.959534313424,1.0,146.0,1459.0,57.93000000000001,2267.0,2142.0,1033.0,0.0,210.0,210.0,720.0,0.69,111.053572721151,4.2,3.4,4.0,13.0,75.0,False,1.0583566760037348
101934,64.0,1,7.0,13902.707059491784,2.0,140.0,1755.0,67.44000000000001,1941.0,1590.0,813.0,0.0,70.0,70.0,420.0,0.81,81.01025448406025,4.0,4.0,3.9,15.0,119.0,False,1.2207547169811321
101938,19.0,0,6.0,7410.235406616405,1.0,138.0,1498.0,75.3,1659.0,2036.0,1329.0,0.0,0.0,0.0,360.0,0.78,131.74613036102568,3.7,3.1,4.8,15.0,88.0,False,0.8148330058939096
101941,44.0,1,4.0,17627.041168987165,2.0,145.0,4334.0,133.44000000000003,7641.0,6266.0,1694.0,0.0,0.0,0.0,480.0,0.65,111.27075416542776,3.9,3.6,3.9,8.0,85.0,False,1.2194382381104374
101945,74.0,0,3.0,12141.02155706867,1.0,142.0,2763.0,92.53,5523.0,2396.0,2496.0,0.0,0.0,0.0,600.0,1.39,53.1969868194224,3.6,2.9,3.7,12.0,84.0,True,2.305091819699499
101947,66.0,0,4.0,7087.032155467066,2.0,137.0,2512.0,92.29,3964.0,1715.0,1528.0,0.0,0.0,0.0,840.0,1.3,60.5871929773099,3.7,3.3,3.8,23.0,105.0,False,2.3113702623906707
101949,79.0,0,3.0,57099.05913644965,1.0,140.0,4117.0,157.78,5154.0,7199.0,2663.0,0.0,300.0,300.0,180.0,1.38,52.01694622895516,4.0,3.6,4.2,15.0,143.0,True,0.7159327684400612
101950,54.0,0,3.0,36239.57512355103,1.0,135.0,160.0,10.73,298.0,509.0,330.0,0.0,360.0,360.0,600.0,0.87,102.53694126719331,4.1,2.8,4.1,14.0,113.0,False,0.5854616895874263
101951,19.0,1,4.0,10462.769825822048,1.0,147.0,2370.0,54.77,3050.0,1222.0,1033.0,0.0,0.0,0.0,180.0,0.74,119.45086444420625,3.5,2.8,2.6,5.0,179.0,False,2.495908346972177
101957,35.0,1,6.0,23065.05648836458,2.0,146.0,1966.0,83.03,6879.0,3155.0,1420.0,960.0,360.0,2280.0,240.0,0.56,121.98007733264382,4.0,3.6,3.5,11.0,90.0,False,2.1803486529318543
101959,70.0,1,3.0,49975.7598269447,1.0,142.0,2782.0,82.46000000000001,2778.0,3765.0,1810.0,0.0,360.0,360.0,60.0,0.6,96.50115289101508,3.9,3.4,3.8,13.0,87.0,False,0.7378486055776893
101962,79.0,0,3.0,12469.538057890744,1.0,137.0,1240.0,43.55000000000001,3065.0,2588.0,764.0,0.0,300.0,300.0,600.0,0.98,78.4383528530138,4.1,3.7,4.2,17.0,121.0,False,1.1843122102009274
101965,44.0,1,6.0,29550.74314890171,2.0,140.0,1668.0,70.33999999999999,3257.0,2127.0,1062.0,20.0,120.0,160.0,300.0,0.6,113.43803611067987,3.5,4.7,4.1,13.0,90.0,False,1.531264692054537
101966,24.0,0,2.0,46728.2918336801,2.0,137.0,2050.0,81.2,3499.0,1791.0,1173.0,0.0,2400.0,2400.0,180.0,0.9,122.31061847039392,3.8,3.2,4.2,13.0,99.0,False,1.9536571747627025
101971,24.0,0,4.0,19433.09542010544,1.0,147.0,1462.0,93.07,3866.0,1310.0,1085.0,180.0,120.0,480.0,960.0,0.88,123.1435397165179,4.0,4.1,4.4,8.0,76.0,False,2.951145038167939
101976,38.0,0,6.0,35147.73470552552,1.0,144.0,3467.0,117.87,6322.0,3576.0,1669.0,0.0,0.0,0.0,180.0,0.94,106.41127404296834,3.8,3.0,4.3,14.0,77.0,False,1.7678970917225951
101977,45.0,0,4.0,13072.39184365541,1.0,145.0,4473.0,53.83000000000001,2921.0,2370.0,1169.0,60.0,360.0,480.0,540.0,0.83,109.9923945403879,3.8,3.4,3.9,10.0,84.0,False,1.2324894514767932
101978,44.0,1,4.0,35035.76064995681,1.0,139.0,329.0,14.45,1610.0,1109.0,188.0,0.0,660.0,660.0,120.0,0.93,77.72534038842115,3.6,3.8,4.2,11.0,87.0,False,1.4517583408476105
101981,67.0,1,6.0,19910.36795499129,1.0,136.0,902.0,34.56,919.0,1697.0,607.0,0.0,315.0,315.0,480.0,0.67,95.73835223595192,3.9,4.3,4.4,12.0,94.0,False,0.5415439010017679
101985,27.0,0,4.0,65371.75165914854,1.0,136.0,3875.0,156.41,7234.0,2208.0,2368.0,60.0,60.0,180.0,300.0,0.93,115.41775232762296,3.6,3.6,4.2,12.0,98.0,False,3.276268115942029
101993,67.0,1,3.0,11221.328554766364,2.0,148.0,1632.0,52.52,1877.0,2427.0,928.0,0.0,360.0,360.0,240.0,0.66,96.0859498102275,3.8,3.7,4.1,21.0,82.0,False,0.773382777091059
101995,59.0,0,3.0,222818.627706047,1.0,146.0,1537.0,44.13,1758.0,1448.0,792.0,0.0,360.0,360.0,840.0,0.87,99.39746767051284,3.6,2.0,4.3,9.0,234.0,False,1.2140883977900552
102000,63.0,1,4.0,6882.109615458976,1.0,144.0,1658.0,68.61999999999999,2870.0,1536.0,1392.0,120.0,0.0,240.0,960.0,0.93,69.06268972551644,3.4,3.4,4.1,13.0,83.0,False,1.8684895833333333
102001,63.0,0,2.0,16988.772635427253,2.0,140.0,3643.0,130.94,3709.0,4355.0,2154.0,90.0,0.0,180.0,600.0,1.02,82.58395380387805,4.5,3.7,4.0,13.0,88.0,False,0.8516647531572905
102002,77.0,0,3.0,98716.95233041928,2.0,146.0,2776.0,71.69999999999999,6192.0,3802.0,1267.0,0.0,0.0,0.0,720.0,1.44,50.04570144383313,5.1,2.9,3.9,31.0,130.0,True,1.628616517622304
102005,36.0,1,3.0,48164.149615249466,1.0,145.0,1912.0,82.98,3560.0,1530.0,1407.0,180.0,2040.0,2400.0,180.0,0.64,117.38479275605825,4.1,3.9,3.9,8.0,90.0,False,2.326797385620915
102007,55.0,1,6.0,34172.015890850715,2.0,138.0,1595.0,71.67,2212.0,2304.0,1055.0,0.0,0.0,0.0,180.0,0.79,88.28330392417243,4.0,3.9,4.0,18.0,83.0,False,0.9600694444444444
102008,47.0,1,3.0,109358.36614593404,1.0,143.0,3527.0,101.56,4144.0,2729.0,1806.0,640.0,600.0,1880.0,360.0,0.92,77.28474091086058,3.9,4.7,4.3,13.0,95.0,False,1.5185049468669842
102012,48.0,1,4.0,17486.756713974682,1.0,144.0,1002.0,9.69,672.0,1466.0,258.0,0.0,0.0,0.0,60.0,0.68,107.36295894266918,3.9,3.8,4.0,5.0,105.0,False,0.4583901773533424
102015,20.0,1,3.0,105081.123610655,2.0,141.0,2715.0,95.15,4036.0,2432.0,2111.0,0.0,0.0,0.0,300.0,0.65,129.18295475151527,4.3,3.0,4.1,10.0,86.0,False,1.6595394736842106
102018,69.0,1,4.0,7471.679197343068,1.0,147.0,3016.0,186.83,6160.0,3165.0,2101.0,0.0,0.0,0.0,720.0,1.37,41.79769191960085,3.6,3.6,3.6,27.0,86.0,True,1.9462875197472354
102019,19.0,1,3.0,19406.63279226502,1.0,145.0,2729.0,75.7,4340.0,2706.0,1549.0,0.0,1800.0,1800.0,300.0,0.78,112.13826629965574,3.8,3.4,3.7,8.0,87.0,False,1.6038433111603843
102021,65.0,1,6.0,15737.078663553944,1.0,136.0,2159.0,86.89,2385.0,2062.0,1114.0,0.0,30.0,30.0,120.0,0.63,98.3854595988943,3.7,3.6,4.5,17.0,122.0,False,1.1566440349175557
102022,46.0,0,3.0,166193.52256548396,1.0,138.0,1864.0,80.24,4157.0,1657.0,1380.0,0.0,0.0,0.0,600.0,1.11,82.93644810124977,4.0,3.5,4.3,13.0,87.0,False,2.5087507543753773
102024,37.0,0,3.0,11026.027319573408,2.0,136.0,3583.0,145.79,8328.0,4339.0,2381.0,2880.0,480.0,6240.0,120.0,1.01,98.23277808057402,4.4,4.3,4.4,14.0,94.0,False,1.9193362525927633
102026,24.0,1,3.0,154803.0972814324,2.0,145.0,2166.0,53.02,3089.0,4277.0,1712.0,300.0,150.0,750.0,240.0,0.7,123.77834589203864,3.8,4.3,4.0,10.0,81.0,False,0.7222352115969137
102027,67.0,0,3.0,16703.967239233833,1.0,136.0,2340.0,98.66,4751.0,1964.0,1719.0,0.0,0.0,0.0,30.0,0.77,98.12549818249684,3.9,3.5,4.6,16.0,191.0,False,2.419042769857434
102028,24.0,0,6.0,17301.46866687039,1.0,137.0,1097.0,27.82,3662.0,1885.0,501.0,120.0,0.0,240.0,540.0,0.97,111.79672783389204,3.7,3.3,4.7,9.0,94.0,False,1.9427055702917773
102031,61.0,1,3.0,162308.4821214407,2.0,143.0,1540.0,50.38,1659.0,1125.0,845.0,600.0,2400.0,3600.0,120.0,0.67,99.378398574177,4.0,3.5,4.1,12.0,92.0,False,1.4746666666666666
102032,67.0,1,4.0,19850.616671983684,1.0,143.0,1660.0,53.23,2345.0,1456.0,1240.0,0.0,0.0,0.0,480.0,1.06,57.57738784321749,3.8,2.9,3.7,15.0,99.0,True,1.6105769230769231
102035,32.0,1,3.0,50783.90006072839,2.0,136.0,1500.0,84.74,2726.0,2704.0,1228.0,0.0,0.0,0.0,720.0,0.77,105.04258282475428,3.8,3.1,4.4,11.0,92.0,False,1.0081360946745561
102037,21.0,1,1.0,86137.28110329293,2.0,136.0,2321.0,34.24999999999999,3452.0,1781.0,948.0,0.0,0.0,0.0,540.0,0.52,135.47511218389653,4.2,4.8,3.6,7.0,92.0,False,1.9382369455362156
102041,42.0,0,3.0,83474.59821594141,2.0,138.0,2770.0,248.25,4928.0,4217.0,2944.0,90.0,315.0,495.0,300.0,1.15,81.48912011199693,4.1,4.1,4.4,27.0,91.0,False,1.1686032724685795
102044,33.0,1,4.0,21806.718942659943,2.0,148.0,1625.0,52.82,2708.0,1926.0,935.0,240.0,240.0,720.0,300.0,0.79,101.2280206180837,4.2,3.3,3.8,11.0,84.0,False,1.4060228452751817
102045,55.0,0,3.0,25470.95969769329,2.0,143.0,2657.0,85.19,2021.0,2379.0,1333.0,1050.0,810.0,2910.0,180.0,0.75,106.57262503843263,4.2,3.3,3.3,12.0,92.0,False,0.8495166036149643
102048,78.0,1,2.0,17368.990750210432,1.0,148.0,956.0,51.27,2313.0,2697.0,813.0,0.0,45.0,45.0,30.0,0.92,63.73272971984476,3.7,3.1,3.7,19.0,98.0,False,0.8576195773081201
102050,47.0,0,4.0,25662.9537675502,2.0,145.0,1247.0,62.470000000000006,1903.0,1933.0,943.0,1200.0,900.0,3300.0,180.0,1.23,72.86951269184044,4.0,4.5,4.4,17.0,95.0,False,0.9844800827728919
102052,80.0,1,1.0,15857.628701132036,2.0,148.0,785.0,29.84,1018.0,1542.0,793.0,0.0,0.0,0.0,720.0,0.77,77.93221633987184,4.0,2.8,3.9,19.0,100.0,False,0.6601815823605707
102054,68.0,1,3.0,50812.46991027679,2.0,146.0,1297.0,63.56,4156.0,2370.0,1275.0,360.0,0.0,720.0,360.0,0.72,91.01626153692136,4.5,2.7,3.4,11.0,282.0,False,1.7535864978902953
102055,69.0,1,3.0,23363.246176189223,1.0,135.0,1506.0,72.86,1983.0,2859.0,1529.0,0.0,180.0,180.0,60.0,0.94,65.68459959334444,4.1,3.4,3.7,20.0,113.0,False,0.6935991605456453
102057,70.0,0,3.0,8327.150154978488,1.0,146.0,1166.0,49.67,2524.0,3037.0,708.0,0.0,300.0,300.0,480.0,0.91,90.66906841997049,3.9,2.5,4.3,15.0,102.0,False,0.8310833058939743
102058,68.0,1,3.0,34066.15665675885,2.0,139.0,777.0,50.8,1539.0,1818.0,602.0,0.0,1500.0,1500.0,240.0,0.85,74.57878055540009,4.6,3.0,3.6,15.0,98.0,False,0.8465346534653465
102060,80.0,1,3.0,37318.343779762334,1.0,142.0,1279.0,42.760000000000005,2694.0,2002.0,744.0,0.0,0.0,0.0,480.0,1.13,49.182631916953454,4.5,3.7,3.8,21.0,88.0,True,1.3456543456543457
102062,18.0,1,3.0,68120.01476195153,2.0,142.0,122.0,5.96,240.0,167.0,67.0,0.0,420.0,420.0,240.0,0.47,141.43072385549834,3.9,3.8,3.5,7.0,80.0,False,1.437125748502994
102064,35.0,1,1.0,47690.97160521175,2.0,135.0,2011.0,45.88999999999999,2973.0,1935.0,846.0,0.0,60.0,60.0,240.0,0.7,115.59354724258124,4.4,3.4,4.0,8.0,87.0,False,1.5364341085271318
102067,55.0,0,3.0,93072.66156932252,2.0,146.0,2509.0,49.81,2160.0,1532.0,1190.0,480.0,720.0,1680.0,600.0,0.85,102.61944208753508,4.4,2.5,3.8,15.0,83.0,False,1.4099216710182767
102070,80.0,1,3.0,24661.15413911711,1.0,140.0,911.0,23.840000000000003,1182.0,1163.0,458.0,0.0,0.0,0.0,600.0,0.98,58.34915980544514,4.1,4.2,3.9,22.0,97.0,True,1.0163370593293206
102072,50.0,1,1.0,12420.827901710498,2.0,136.0,1831.0,60.13,2254.0,1224.0,1289.0,0.0,0.0,0.0,15.0,0.4,120.50099891689698,4.0,3.7,4.2,11.0,143.0,False,1.841503267973856
102073,43.0,0,3.0,30146.19612408027,2.0,141.0,3152.0,131.38,5579.0,3401.0,2498.0,1500.0,1200.0,4200.0,720.0,1.09,86.36230633311139,4.5,3.0,4.0,20.0,94.0,False,1.640399882387533
102074,35.0,1,4.0,21955.30292898489,1.0,138.0,1670.0,12.16,1981.0,417.0,346.0,0.0,210.0,210.0,240.0,0.71,113.64261556869332,4.0,3.1,4.7,8.0,77.0,False,4.750599520383693
102078,61.0,0,4.0,7108.8987034430365,1.0,147.0,537.0,13.4,675.0,721.0,279.0,750.0,750.0,2250.0,300.0,1.04,81.69169092087093,4.1,3.3,4.4,11.0,114.0,False,0.9361997226074896
102079,60.0,1,4.0,12045.082677452492,1.0,147.0,600.0,51.41,1734.0,2645.0,785.0,0.0,150.0,150.0,240.0,0.88,75.18770744124603,4.0,3.6,4.1,12.0,100.0,False,0.6555765595463138
102081,49.0,1,3.0,37212.90788370828,2.0,139.0,937.0,29.15,1693.0,480.0,409.0,180.0,50.0,410.0,480.0,0.81,88.9313961252846,4.2,4.0,4.0,21.0,73.0,False,3.527083333333333
102082,58.0,0,7.0,35513.67161938204,2.0,143.0,2893.0,105.26,6270.0,2403.0,2207.0,0.0,360.0,360.0,300.0,0.94,93.96529707625147,4.1,3.4,3.6,16.0,150.0,False,2.6092384519350813
102086,18.0,1,4.0,23889.242162391365,2.0,143.0,1485.0,65.89999999999999,4623.0,1442.0,1634.0,0.0,0.0,0.0,540.0,0.67,129.84801665611494,3.8,4.1,4.0,10.0,76.0,False,3.205963938973648
102088,29.0,1,3.0,62083.399919863215,1.0,142.0,2245.0,57.86,3271.0,2384.0,1220.0,0.0,240.0,240.0,360.0,0.74,112.24815752732376,4.0,3.4,3.9,11.0,86.0,False,1.3720637583892616
102091,32.0,0,4.0,22640.846802782933,2.0,147.0,3248.0,123.24000000000002,5331.0,2185.0,1754.0,135.0,90.0,360.0,180.0,1.0,102.55270327907624,4.1,3.6,3.8,17.0,95.0,False,2.439816933638444
102092,60.0,0,2.0,25277.581764452552,2.0,147.0,1586.0,60.010000000000005,1870.0,1976.0,872.0,1920.0,120.0,3960.0,240.0,0.84,99.83361157600136,4.3,3.3,3.8,18.0,88.0,False,0.9463562753036437
102093,21.0,1,2.0,31024.47350249683,2.0,146.0,766.0,37.5,1039.0,806.0,570.0,2340.0,0.0,4680.0,30.0,0.77,112.48030240814344,4.3,3.9,4.1,17.0,105.0,False,1.2890818858560793
102096,20.0,0,2.0,33644.20964561082,2.0,140.0,1519.0,61.61,1994.0,2072.0,798.0,0.0,1800.0,1800.0,180.0,1.0,110.49921783688583,4.3,4.1,4.4,16.0,86.0,False,0.9623552123552124
102099,32.0,1,3.0,6489.145832495621,2.0,139.0,2284.0,96.12,3327.0,2202.0,1470.0,0.0,225.0,225.0,780.0,0.62,121.26594192385134,3.8,2.2,3.8,11.0,208.0,False,1.5108991825613078
102100,75.0,1,4.0,30871.07353206916,1.0,139.0,1425.0,82.52,3158.0,2322.0,967.0,0.0,540.0,540.0,240.0,0.8,76.78969652121293,3.5,2.5,4.1,16.0,95.0,False,1.3600344530577089
102101,20.0,0,1.0,58389.40570524747,2.0,142.0,2956.0,61.71000000000001,3851.0,4222.0,1725.0,1500.0,645.0,3645.0,600.0,0.81,129.44549921230032,4.6,3.4,4.0,9.0,99.0,False,0.9121269540502132
102103,37.0,0,7.0,43504.19398294398,1.0,136.0,1440.0,64.43999999999998,2226.0,1538.0,718.0,240.0,165.0,645.0,180.0,0.82,116.02738864576968,4.4,3.4,4.3,15.0,84.0,False,1.447334200260078
102105,24.0,1,4.0,44353.089205974655,1.0,144.0,2080.0,75.36000000000001,5366.0,2658.0,1868.0,240.0,300.0,780.0,360.0,0.75,113.94330352124076,3.3,2.6,4.3,9.0,77.0,False,2.018811136192626
102106,64.0,0,4.0,7719.722201722303,1.0,140.0,2643.0,81.02,2553.0,1864.0,1269.0,1080.0,600.0,2760.0,360.0,1.14,71.81729581500527,3.7,2.9,4.1,10.0,99.0,False,1.3696351931330473
102107,31.0,0,7.0,12868.657880023542,2.0,146.0,1947.0,68.9,3636.0,1989.0,1133.0,180.0,210.0,570.0,600.0,0.8,121.3403297569339,3.9,4.2,4.7,14.0,83.0,False,1.8280542986425339
102111,53.0,0,2.0,43348.90238656764,1.0,139.0,2613.0,98.84,4386.0,1937.0,1863.0,0.0,1800.0,1800.0,480.0,0.81,105.42745048076112,3.9,3.2,4.2,19.0,94.0,False,2.2643262777490967
102112,33.0,1,4.0,18305.420151175644,2.0,143.0,1624.0,24.35,1759.0,1969.0,534.0,0.0,1080.0,1080.0,150.0,0.73,111.29248053741262,3.6,4.3,4.2,6.0,82.0,False,0.8933468765871001
102116,75.0,1,4.0,18690.745239175303,1.0,136.0,644.0,30.580000000000005,1335.0,818.0,448.0,0.0,0.0,0.0,360.0,0.75,82.97311972751723,3.7,3.8,3.8,13.0,92.0,False,1.6320293398533008
102117,74.0,0,6.0,21821.2566757009,2.0,134.0,3069.0,140.4,4640.0,3543.0,1905.0,0.0,0.0,0.0,120.0,1.04,75.34679556266265,4.2,3.6,4.1,14.0,110.0,False,1.3096246119108101
102121,53.0,1,1.0,10063.46272668233,2.0,135.0,2307.0,86.79,4720.0,3522.0,1609.0,0.0,0.0,0.0,120.0,0.7,103.35118359176776,4.3,3.5,4.0,11.0,87.0,False,1.3401476433844406
102123,18.0,0,4.0,16653.611101568567,1.0,146.0,3403.0,94.52,4535.0,3785.0,2178.0,180.0,180.0,540.0,360.0,1.0,111.8822570705995,3.9,3.8,4.2,15.0,93.0,False,1.1981505944517834
102126,23.0,1,2.0,68122.05680850567,2.0,134.0,952.0,20.9,1282.0,625.0,419.0,360.0,480.0,1200.0,240.0,0.76,112.8462208971732,3.4,3.6,4.2,4.0,84.0,False,2.0512
102128,21.0,0,4.0,23767.945696525487,2.0,137.0,4052.0,121.63,9243.0,3386.0,2267.0,2760.0,2520.0,8040.0,240.0,0.87,125.89648606229235,4.7,3.6,4.1,14.0,90.0,False,2.729769639692853
102129,34.0,0,1.0,21730.5085414431,2.0,135.0,2350.0,76.60000000000001,3896.0,2010.0,1374.0,900.0,1500.0,3300.0,240.0,0.94,109.09169090709396,3.9,3.5,4.6,11.0,87.0,False,1.938308457711443
102130,56.0,0,3.0,273880.8629206504,1.0,139.0,3021.0,122.47999999999998,2854.0,3813.0,2541.0,720.0,0.0,1440.0,480.0,1.26,66.93885455215262,4.4,3.1,4.3,20.0,100.0,False,0.7484920010490428
102131,69.0,0,6.0,19915.06453507366,2.0,136.0,1642.0,85.10000000000002,1898.0,4174.0,1053.0,0.0,0.0,0.0,120.0,0.86,93.73062786692223,4.2,3.3,4.7,11.0,107.0,False,0.45471969333972206
102133,19.0,1,3.0,34380.32624956548,1.0,135.0,2355.0,108.03000000000002,3916.0,2987.0,1844.0,1830.0,750.0,4410.0,240.0,0.84,102.59642251453484,3.9,3.6,4.7,12.0,85.0,False,1.311014395714764
102134,42.0,1,3.0,48536.371617574514,2.0,139.0,1905.0,72.76,2864.0,1428.0,1035.0,0.0,840.0,840.0,240.0,0.79,95.71757264247408,4.1,3.3,4.2,10.0,91.0,False,2.0056022408963585
102135,24.0,0,4.0,35730.802586187056,2.0,146.0,1431.0,47.84,2450.0,1293.0,753.0,0.0,0.0,0.0,600.0,1.17,89.27546880441022,3.9,4.4,4.0,15.0,90.0,False,1.8948182521268369
102139,31.0,0,7.0,13808.2598892081,1.0,139.0,3251.0,94.44,5705.0,2156.0,1550.0,60.0,50.0,170.0,840.0,1.0,103.19249675898192,4.1,3.6,3.9,10.0,89.0,False,2.646103896103896
102141,19.0,0,1.0,42399.638652352645,2.0,137.0,2848.0,65.53999999999999,4242.0,3519.0,1404.0,480.0,2760.0,3720.0,180.0,0.93,121.30555054803816,4.7,3.6,5.0,8.0,89.0,False,1.2054560954816709
102147,55.0,1,7.0,12202.141467260912,1.0,148.0,882.0,24.81,1519.0,2884.0,689.0,0.0,72.0,72.0,480.0,0.59,106.36695635004452,4.0,3.5,4.3,13.0,171.0,False,0.5266990291262136
102149,27.0,1,4.0,30184.7092771725,2.0,145.0,1886.0,74.51,2687.0,2137.0,1026.0,0.0,0.0,0.0,600.0,0.56,128.20263900761557,4.3,3.6,3.6,15.0,92.0,False,1.2573701450631727
102151,44.0,1,6.0,20252.73543373262,2.0,148.0,2300.0,96.59,6658.0,2242.0,1155.0,0.0,0.0,0.0,180.0,0.52,117.41845043890702,4.2,3.6,3.9,12.0,99.0,False,2.9696699375557536
102153,77.0,1,1.0,18252.229333734093,2.0,135.0,755.0,32.18,1075.0,1461.0,598.0,690.0,660.0,2040.0,120.0,0.45,99.02290986040792,3.7,4.0,4.3,12.0,95.0,False,0.7357973990417522
102154,41.0,0,1.0,37663.03495193607,1.0,146.0,2800.0,96.65999999999998,2812.0,3604.0,2265.0,1680.0,1680.0,5040.0,180.0,0.96,101.83863388834044,4.0,4.0,4.0,17.0,94.0,False,0.7802441731409545
102155,47.0,0,1.0,34700.15096638158,2.0,136.0,791.0,26.06,769.0,1035.0,394.0,0.0,0.0,0.0,420.0,0.61,119.2209602035099,4.0,3.1,4.2,14.0,100.0,False,0.7429951690821256
102158,80.0,1,4.0,8457.442760092672,1.0,136.0,1926.0,42.95,2167.0,1423.0,700.0,30.0,60.0,120.0,240.0,0.83,71.22167558465158,3.8,2.6,4.0,14.0,103.0,False,1.5228390723822909
102161,19.0,0,4.0,16653.611101568567,1.0,146.0,1552.0,61.39,2607.0,1749.0,895.0,450.0,0.0,900.0,480.0,0.97,115.32783263419974,4.3,4.1,4.4,15.0,85.0,False,1.490566037735849
102162,80.0,1,3.0,22456.305720788536,1.0,140.0,1290.0,53.2,2083.0,2075.0,1079.0,0.0,420.0,420.0,120.0,0.79,75.57069009474026,4.4,3.2,4.2,36.0,126.0,False,1.003855421686747
102163,23.0,0,3.0,84361.32455693577,2.0,141.0,3944.0,143.67,7142.0,4991.0,2751.0,2880.0,2280.0,8040.0,120.0,0.9,123.07367525698724,4.6,3.3,4.4,14.0,92.0,False,1.4309757563614507
102167,80.0,1,3.0,37203.48450631921,2.0,147.0,1403.0,68.47000000000001,2652.0,2552.0,1073.0,1200.0,1200.0,3600.0,120.0,0.82,72.26521095589915,4.2,4.3,4.1,23.0,101.0,False,1.0391849529780564
102168,59.0,1,4.0,26221.4551486132,1.0,145.0,2883.0,110.53,5470.0,3083.0,1703.0,1200.0,300.0,2700.0,180.0,0.71,97.88520137183168,4.3,3.9,4.0,14.0,88.0,False,1.774245864417775
102169,66.0,1,3.0,75466.89561226238,1.0,145.0,2270.0,85.14000000000001,4813.0,2564.0,1576.0,0.0,0.0,0.0,180.0,0.88,72.43372123219312,4.2,4.2,4.3,20.0,95.0,False,1.8771450858034322
102170,64.0,0,4.0,9894.224775289553,2.0,146.0,2580.0,74.00999999999999,5102.0,2688.0,1869.0,0.0,1500.0,1500.0,420.0,1.04,80.1816266861224,4.0,3.5,3.7,15.0,90.0,False,1.8980654761904763
102171,77.0,1,6.0,16258.376213956532,1.0,136.0,811.0,36.03,1382.0,1807.0,485.0,0.0,0.0,0.0,120.0,0.7,89.02075482222777,3.9,3.9,4.6,17.0,93.0,False,0.7648035417819591
102173,64.0,1,3.0,69072.70431872104,2.0,135.0,2124.0,73.30000000000001,4187.0,2798.0,1381.0,0.0,0.0,0.0,480.0,0.98,64.45412667517147,4.6,4.0,3.7,18.0,95.0,False,1.4964260185847034
102177,80.0,0,3.0,14113.97677279758,1.0,137.0,778.0,32.75,1454.0,2818.0,605.0,480.0,270.0,1230.0,180.0,0.91,85.20186038179969,3.7,3.6,4.5,18.0,89.0,False,0.5159687721788503
102178,61.0,1,4.0,8738.68595914469,1.0,145.0,1431.0,56.40999999999999,2160.0,2670.0,1157.0,0.0,120.0,120.0,180.0,1.5,39.40175180460653,4.2,5.1,3.8,36.0,188.0,True,0.8089887640449438
102179,42.0,0,4.0,27635.41061404196,2.0,145.0,2381.0,74.39999999999999,4828.0,2527.0,1081.0,255.0,600.0,1110.0,240.0,0.95,102.48698346124004,4.4,3.4,4.3,9.0,163.0,False,1.9105658884052237
102181,43.0,1,4.0,42459.52134540381,1.0,139.0,1343.0,31.82,2550.0,1710.0,623.0,300.0,50.0,650.0,360.0,0.77,98.09667977649852,2.8,2.1,3.8,15.0,100.0,False,1.4912280701754386
102183,68.0,0,3.0,77338.15870148574,1.0,140.0,3498.0,116.84,5056.0,3168.0,2306.0,0.0,180.0,180.0,180.0,1.0,81.98055225105762,4.1,3.2,4.3,21.0,94.0,False,1.595959595959596
102184,25.0,1,6.0,9596.919529967354,2.0,135.0,1100.0,53.55,2140.0,1957.0,1032.0,0.0,0.0,0.0,300.0,0.52,132.14644643174242,4.4,3.3,3.0,7.0,80.0,False,1.0935104752171692
102185,45.0,0,4.0,10588.807763667728,2.0,148.0,5838.0,198.44,9258.0,7870.0,3573.0,0.0,0.0,0.0,720.0,0.95,100.59251994227594,3.9,3.1,3.5,14.0,412.0,False,1.1763659466327827
102187,20.0,0,4.0,24805.17490472388,2.0,142.0,2159.0,111.37,4069.0,3605.0,2414.0,240.0,1800.0,2280.0,300.0,1.06,103.03675330492636,4.7,3.8,4.1,11.0,90.0,False,1.1287101248266296
102189,18.0,0,3.0,75727.27158985987,2.0,142.0,798.0,42.96,1279.0,1237.0,913.0,170.0,110.0,450.0,300.0,0.72,135.81165191212077,4.4,3.6,4.9,11.0,86.0,False,1.0339531123686339
102191,58.0,0,3.0,23056.327773424586,2.0,139.0,2511.0,72.99000000000002,2782.0,2285.0,1300.0,0.0,60.0,60.0,600.0,1.04,83.23019426426951,4.5,2.5,3.8,12.0,100.0,False,1.2175054704595185
102192,65.0,0,3.0,93317.14754291014,1.0,140.0,982.0,23.270000000000003,1690.0,1158.0,698.0,0.0,0.0,0.0,480.0,1.11,73.69300865752514,4.4,3.1,4.3,23.0,169.0,False,1.459412780656304
102193,36.0,0,6.0,20812.612967363588,1.0,143.0,1790.0,43.06,3943.0,3008.0,1117.0,135.0,30.0,300.0,120.0,0.79,118.07281770048796,4.1,4.0,4.6,17.0,93.0,False,1.3108377659574468
102194,36.0,1,1.0,48208.995059695786,2.0,142.0,2337.0,85.08000000000001,3512.0,2771.0,1648.0,0.0,80.0,80.0,240.0,0.65,116.94700184091356,4.0,3.6,3.7,12.0,81.0,False,1.2674124864669793
102196,38.0,1,3.0,106978.05421058144,2.0,142.0,1645.0,105.33000000000004,3404.0,3238.0,1391.0,0.0,0.0,0.0,480.0,0.68,114.252193866682,3.8,3.4,4.1,9.0,80.0,False,1.051266213712168
102198,63.0,1,1.0,17744.14507907701,1.0,135.0,1477.0,53.76,2129.0,1633.0,1333.0,0.0,0.0,0.0,300.0,0.57,102.04886201818928,4.0,4.1,3.9,14.0,134.0,False,1.303735456215554
102199,57.0,0,2.0,74080.85684771932,2.0,143.0,3258.0,203.66,7942.0,2576.0,2684.0,0.0,1800.0,1800.0,240.0,0.64,110.41950538766145,4.0,4.1,4.5,9.0,99.0,False,3.0830745341614905
102201,47.0,1,4.0,14245.189910562802,2.0,144.0,1992.0,76.94000000000001,3150.0,1387.0,1229.0,1440.0,0.0,2880.0,300.0,0.71,105.47004460681336,3.7,2.9,3.8,9.0,90.0,False,2.2710886806056236
102202,23.0,1,7.0,21774.546655921156,2.0,141.0,1235.0,60.17999999999999,2346.0,1109.0,1097.0,360.0,1800.0,2520.0,300.0,0.71,122.44845559171722,4.2,3.5,4.5,10.0,83.0,False,2.115419296663661
102204,49.0,1,3.0,111609.79030258076,1.0,142.0,1335.0,69.35000000000001,2951.0,1964.0,1129.0,0.0,60.0,60.0,180.0,0.71,104.16627032220356,4.0,3.2,4.3,16.0,83.0,False,1.5025458248472505
102210,68.0,0,4.0,17551.645688644006,2.0,137.0,2057.0,91.03000000000002,2603.0,2901.0,1762.0,180.0,0.0,360.0,600.0,1.18,67.21286853767604,4.2,2.8,3.6,18.0,120.0,False,0.897276801103068
102211,37.0,0,1.0,30121.2014319968,2.0,135.0,730.0,33.599999999999994,800.0,923.0,903.0,400.0,660.0,1460.0,360.0,0.71,121.1859523311951,4.2,4.1,4.3,12.0,84.0,False,0.866738894907909
102212,31.0,1,3.0,57915.94738006536,1.0,141.0,2217.0,99.75000000000004,4550.0,3362.0,1679.0,0.0,1260.0,1260.0,240.0,0.62,122.0224813079607,3.8,4.0,4.0,14.0,86.0,False,1.3533610945865555
102214,77.0,1,2.0,24696.77681073171,1.0,136.0,1860.0,59.1,2584.0,2137.0,1179.0,0.0,150.0,150.0,480.0,0.92,64.13033781429337,4.7,3.6,4.3,19.0,97.0,False,1.209171736078615
102215,48.0,0,3.0,178221.62416146175,1.0,146.0,2109.0,82.45000000000002,2654.0,3060.0,1153.0,540.0,2960.0,4040.0,600.0,0.76,110.87037412282724,4.1,3.7,4.4,20.0,106.0,False,0.8673202614379085
102217,27.0,0,4.0,57406.269716542,1.0,144.0,3410.0,85.38999999999997,5855.0,3340.0,1490.0,360.0,360.0,1080.0,660.0,1.09,95.39823796802756,4.2,3.9,3.9,12.0,86.0,False,1.7529940119760479
102218,48.0,1,4.0,16582.44656803708,1.0,138.0,1243.0,28.31000000000001,1653.0,1146.0,485.0,0.0,0.0,0.0,900.0,0.73,101.37963152851904,3.7,2.6,4.1,9.0,93.0,False,1.442408376963351
102219,54.0,0,4.0,19762.63728218136,2.0,145.0,2245.0,126.66,4498.0,2860.0,1417.0,0.0,0.0,0.0,480.0,1.16,74.84716562284835,3.8,3.2,4.0,16.0,80.0,False,1.5727272727272728
102221,38.0,0,1.0,27642.450150082,2.0,141.0,1860.0,118.35999999999996,3488.0,2303.0,1609.0,180.0,180.0,540.0,180.0,0.71,120.4345994267417,4.3,2.9,4.5,13.0,94.0,False,1.5145462440295268
102223,36.0,1,3.0,109810.26464917616,1.0,138.0,1414.0,56.07,2433.0,1287.0,840.0,0.0,330.0,330.0,300.0,0.7,114.87686724967725,3.8,3.0,4.0,11.0,96.0,False,1.8904428904428905
102224,19.0,0,6.0,13294.897018440744,2.0,135.0,1500.0,57.59,2804.0,1642.0,890.0,270.0,120.0,660.0,480.0,0.78,131.74613036102568,4.0,4.1,4.8,8.0,83.0,False,1.707673568818514
102225,41.0,0,3.0,156305.0813438014,2.0,140.0,2291.0,85.99,3110.0,2712.0,1233.0,0.0,0.0,0.0,720.0,0.86,111.56031676866206,3.9,3.7,4.3,12.0,99.0,False,1.146755162241888
102226,26.0,0,6.0,55350.91897234465,2.0,134.0,1975.0,99.12,4342.0,2988.0,1694.0,150.0,390.0,690.0,360.0,0.96,111.79636391543298,4.1,3.3,4.4,10.0,96.0,False,1.4531459170013388
102229,57.0,0,1.0,22145.357672052574,2.0,135.0,2553.0,113.25,3831.0,3491.0,2252.0,0.0,1200.0,1200.0,75.0,0.58,113.75143799469096,3.5,3.7,3.8,6.0,104.0,False,1.097393297049556
102232,22.0,0,6.0,36534.92407198067,2.0,134.0,2638.0,57.61,2514.0,1985.0,747.0,0.0,0.0,0.0,420.0,0.8,128.3258764649184,4.1,4.1,4.3,12.0,93.0,False,1.2664987405541561
102234,41.0,0,3.0,37423.403370985565,2.0,139.0,2867.0,108.28,4495.0,1964.0,1860.0,120.0,120.0,360.0,300.0,0.81,113.59672094609708,4.1,3.8,4.5,12.0,80.0,False,2.2886965376782076
102238,49.0,1,3.0,37858.472466356034,1.0,135.0,1784.0,56.45,3154.0,2474.0,1197.0,540.0,540.0,1620.0,360.0,0.98,70.75641852707409,4.4,3.8,4.3,23.0,97.0,False,1.274858528698464
102239,23.0,0,6.0,38145.53496838616,2.0,137.0,4466.0,173.99,7608.0,4427.0,2803.0,780.0,540.0,2100.0,420.0,1.32,77.72620499781694,4.2,3.5,4.4,21.0,100.0,False,1.7185452902642873
102240,60.0,0,3.0,221691.6627843301,1.0,139.0,5785.0,250.12,8613.0,5123.0,2673.0,0.0,240.0,240.0,480.0,0.72,104.59109574255736,3.9,2.9,3.9,16.0,117.0,False,1.6812414600819832
102241,80.0,1,4.0,17931.370006138346,1.0,146.0,817.0,22.04,1439.0,748.0,340.0,0.0,0.0,0.0,60.0,0.99,57.642613602082335,3.4,3.1,4.1,10.0,104.0,True,1.9237967914438503
102242,23.0,0,3.0,88578.72492746216,2.0,142.0,3130.0,155.54000000000002,6996.0,5282.0,3070.0,600.0,180.0,1380.0,120.0,1.02,105.90975783502716,4.6,3.7,4.3,12.0,86.0,False,1.324498296099962
102243,60.0,0,6.0,11436.10757916374,1.0,139.0,1756.0,56.64,5254.0,1550.0,608.0,600.0,300.0,1500.0,120.0,1.09,77.69751030764604,3.7,3.0,4.3,14.0,116.0,False,3.3896774193548387
102245,64.0,1,7.0,58286.57653736171,2.0,142.0,1125.0,27.37,1174.0,1128.0,474.0,0.0,0.0,0.0,360.0,0.68,97.19375269953704,4.2,3.7,3.1,14.0,92.0,False,1.0407801418439717
102248,48.0,0,6.0,15385.95107054537,1.0,137.0,2833.0,110.14,6261.0,3865.0,1770.0,420.0,240.0,1080.0,120.0,1.06,86.56930941372897,3.9,3.1,4.4,15.0,86.0,False,1.6199223803363518
102249,22.0,0,3.0,78483.78212458939,2.0,147.0,1327.0,27.35,1574.0,1710.0,556.0,240.0,0.0,480.0,120.0,0.81,127.84535090705752,4.2,3.4,4.4,14.0,95.0,False,0.92046783625731
102250,34.0,0,3.0,122513.76772296891,2.0,141.0,1846.0,80.10000000000001,4421.0,2281.0,1549.0,150.0,0.0,300.0,360.0,1.03,97.75532591536044,4.7,3.5,4.6,12.0,92.0,False,1.938185006576063
102251,75.0,0,1.0,21376.215624915632,1.0,148.0,2076.0,40.74999999999999,2862.0,3004.0,755.0,0.0,300.0,300.0,540.0,1.16,65.68318434092832,4.0,3.3,4.1,20.0,92.0,False,0.9527296937416777
102255,24.0,1,3.0,195265.93204990364,2.0,145.0,1735.0,68.01,2888.0,2230.0,1313.0,270.0,60.0,600.0,60.0,0.95,85.80132536087977,4.1,3.8,4.7,17.0,87.0,False,1.2950672645739911
102256,40.0,0,2.0,51667.28221810601,2.0,138.0,707.0,24.67,1105.0,1501.0,379.0,0.0,0.0,0.0,120.0,1.09,87.98877158972857,4.5,3.1,4.4,13.0,92.0,False,0.7361758827448368
102258,51.0,1,2.0,58673.96065417294,2.0,144.0,1783.0,86.08000000000001,2994.0,2250.0,1067.0,0.0,0.0,0.0,180.0,0.61,108.17368069643727,4.1,3.7,3.9,17.0,91.0,False,1.3306666666666667
102260,65.0,1,3.0,93859.112778794,2.0,139.0,2480.0,89.45,3893.0,3467.0,2217.0,0.0,150.0,150.0,360.0,0.74,89.73109093196592,4.5,4.1,4.0,16.0,102.0,False,1.122872800692241
102263,79.0,0,3.0,21961.56624737613,2.0,137.0,1675.0,66.61000000000001,4083.0,2657.0,1416.0,60.0,120.0,240.0,360.0,1.15,64.73845753376246,4.7,3.2,3.3,17.0,341.0,False,1.536695521264584
102264,18.0,1,3.0,25523.56183967331,2.0,138.0,903.0,44.53,1436.0,1998.0,560.0,0.0,0.0,0.0,480.0,0.67,129.84801665611494,4.1,3.9,4.3,12.0,81.0,False,0.7187187187187187
102265,34.0,0,3.0,40704.24480551983,1.0,144.0,3151.0,74.51,4447.0,2809.0,1457.0,0.0,120.0,120.0,360.0,0.7,123.99829571403392,3.9,3.9,4.6,13.0,84.0,False,1.58312566749733
102266,70.0,1,4.0,19801.579564990043,1.0,139.0,1128.0,36.440000000000005,1012.0,1755.0,690.0,0.0,540.0,540.0,480.0,0.71,91.41257760055568,3.8,3.8,4.6,10.0,90.0,False,0.5766381766381766
102267,77.0,1,4.0,19971.54142941021,1.0,144.0,466.0,23.110000000000003,531.0,871.0,399.0,0.0,0.0,0.0,360.0,1.68,31.13420512257013,4.6,3.1,4.1,37.0,106.0,True,0.6096440872560276
102269,54.0,1,4.0,20789.78075030397,1.0,145.0,1679.0,68.09,2746.0,1713.0,1174.0,360.0,255.0,975.0,540.0,0.76,93.0584435113862,3.5,3.7,4.2,9.0,83.0,False,1.603035610040864
102272,26.0,1,3.0,24207.54285881223,2.0,140.0,4305.0,92.05,8492.0,2195.0,1205.0,240.0,0.0,480.0,180.0,0.83,99.6475434334885,4.2,3.9,4.0,10.0,79.0,False,3.8687927107061504
102279,38.0,0,1.0,52061.52479260475,1.0,135.0,2755.0,114.65,7218.0,4058.0,1677.0,1080.0,1080.0,3240.0,480.0,1.39,66.54620705562245,3.9,3.5,4.4,15.0,96.0,False,1.7787087235091177
102281,54.0,1,6.0,20352.922998340742,1.0,148.0,2178.0,76.35,4357.0,6912.0,1369.0,240.0,180.0,660.0,480.0,0.66,104.17727330165486,3.8,3.7,4.1,14.0,132.0,False,0.6303530092592593
102283,22.0,1,3.0,12674.61181759117,2.0,146.0,1754.0,62.23,7984.0,1294.0,971.0,2100.0,480.0,4680.0,180.0,0.75,115.3694498983259,4.2,3.0,4.0,9.0,86.0,False,6.170015455950541
102284,18.0,0,3.0,109302.91744836488,1.0,137.0,2428.0,111.3,4386.0,2598.0,1891.0,0.0,1440.0,1440.0,360.0,1.0,111.8822570705995,3.7,4.1,4.6,14.0,86.0,False,1.6882217090069285
102285,37.0,0,4.0,26086.89342645671,1.0,144.0,1134.0,29.48,1478.0,1574.0,487.0,0.0,0.0,0.0,780.0,1.33,70.60250426293875,3.8,3.1,5.0,10.0,86.0,False,0.9390088945362135
102288,32.0,0,6.0,19736.56376874337,2.0,138.0,2730.0,52.78000000000001,4301.0,2890.0,1189.0,135.0,90.0,360.0,540.0,0.94,110.45711313858332,4.1,3.6,4.1,14.0,93.0,False,1.488235294117647
102289,18.0,1,4.0,11783.338422235956,1.0,147.0,1382.0,58.91,2621.0,930.0,699.0,20.0,20.0,60.0,720.0,0.8,109.4612451091996,3.9,4.0,3.5,20.0,95.0,False,2.818279569892473
102296,62.0,1,4.0,15843.722403789452,1.0,139.0,1505.0,26.26,2644.0,3267.0,617.0,0.0,0.0,0.0,420.0,1.06,59.39597229145326,3.3,3.6,4.5,15.0,92.0,True,0.8093051729415366
102298,19.0,1,4.0,24638.91130363574,1.0,143.0,1195.0,83.27,3577.0,1474.0,934.0,2400.0,75.0,4875.0,360.0,0.72,123.44353927145872,4.0,3.5,4.2,10.0,83.0,False,2.426729986431479
102300,74.0,0,3.0,7549.444634327819,2.0,139.0,1837.0,88.83,2638.0,2802.0,1731.0,0.0,60.0,60.0,240.0,0.93,86.16388169328798,5.1,4.3,4.3,20.0,119.0,False,0.9414703783012134
102301,78.0,0,3.0,12941.606070600586,1.0,138.0,1746.0,72.36,1714.0,3056.0,1470.0,0.0,0.0,0.0,300.0,1.44,49.73541809488137,4.7,3.6,3.8,34.0,489.0,True,0.5608638743455497
102302,40.0,1,2.0,26327.41790377473,2.0,144.0,2102.0,44.57000000000001,2063.0,2858.0,849.0,0.0,0.0,0.0,480.0,0.66,113.65461952506064,4.0,3.3,3.7,8.0,88.0,False,0.7218334499650105
102306,71.0,0,7.0,16488.847074513276,2.0,143.0,1994.0,43.28,1811.0,1539.0,740.0,420.0,300.0,1140.0,420.0,1.29,59.27890386292201,4.1,3.0,3.5,9.0,93.0,True,1.1767381416504223
102309,55.0,1,3.0,212585.05745839112,2.0,138.0,2355.0,87.95,4189.0,2768.0,1405.0,0.0,60.0,60.0,480.0,0.72,98.68067050129216,4.3,3.3,3.7,14.0,89.0,False,1.5133670520231215
102311,33.0,0,2.0,115816.905170364,2.0,138.0,4584.0,195.23,8316.0,8153.0,4073.0,2160.0,1020.0,5340.0,90.0,1.15,86.1804379605244,4.1,3.1,4.4,17.0,89.0,False,1.0199926407457378
102313,80.0,0,3.0,13830.811046899697,2.0,146.0,617.0,19.01,2334.0,762.0,185.0,0.0,210.0,210.0,180.0,1.49,47.14929750183402,4.4,3.2,3.6,17.0,99.0,True,3.062992125984252
102315,39.0,1,6.0,13873.405468798775,2.0,136.0,772.0,58.11000000000001,2982.0,835.0,525.0,240.0,140.0,620.0,120.0,0.72,109.00545025992972,3.7,3.5,3.9,17.0,110.0,False,3.5712574850299403
102317,59.0,0,3.0,36755.851980987616,1.0,142.0,1992.0,112.18,3178.0,2504.0,1307.0,0.0,0.0,0.0,240.0,0.89,98.71754636500404,4.1,3.4,3.7,18.0,231.0,False,1.2691693290734825
102320,63.0,1,4.0,15883.384068336398,2.0,136.0,1238.0,26.78,2650.0,802.0,730.0,0.0,1200.0,1200.0,35.0,0.7,97.1192631415636,3.8,3.1,3.9,7.0,92.0,False,3.3042394014962593
102322,45.0,0,4.0,31949.019819656285,2.0,143.0,1586.0,59.73,3732.0,1902.0,1170.0,90.0,90.0,270.0,120.0,0.92,104.54147450817814,3.8,3.9,3.9,8.0,89.0,False,1.9621451104100947
102323,19.0,1,2.0,25196.272231725197,2.0,141.0,2226.0,48.73,3063.0,1726.0,1141.0,0.0,0.0,0.0,180.0,0.66,129.51147568059275,3.9,3.4,4.1,13.0,84.0,False,1.7746234067207416
102324,28.0,1,1.0,58868.3577951692,2.0,136.0,1807.0,81.08,2464.0,2758.0,1412.0,180.0,900.0,1260.0,240.0,0.81,101.33891956746498,4.0,3.0,4.3,12.0,81.0,False,0.8934010152284264
102326,72.0,1,2.0,17884.33716215334,2.0,134.0,552.0,17.109999999999996,567.0,1390.0,260.0,0.0,0.0,0.0,240.0,0.96,62.86204117232696,3.8,4.4,4.3,13.0,103.0,False,0.4079136690647482
102328,80.0,1,3.0,26982.55601679144,1.0,135.0,1228.0,29.110000000000003,1043.0,1641.0,873.0,0.0,60.0,60.0,180.0,0.89,65.49948566278763,4.1,3.4,4.0,12.0,86.0,False,0.635588056063376
102329,72.0,0,1.0,10604.399573675004,1.0,140.0,2735.0,87.84,5432.0,3217.0,1751.0,0.0,450.0,450.0,240.0,0.87,91.67738593232018,4.0,3.5,4.1,24.0,102.0,False,1.688529686042897
102330,18.0,0,1.0,28974.731098801258,2.0,141.0,2812.0,89.43,4598.0,2645.0,1709.0,2940.0,1440.0,7320.0,420.0,1.07,103.1574708551838,4.2,3.9,4.3,15.0,89.0,False,1.738374291115312
102331,53.0,0,3.0,22886.612153548893,1.0,137.0,3639.0,141.05,6852.0,3571.0,2389.0,630.0,1260.0,2520.0,600.0,1.23,70.20043765493293,3.7,3.0,4.4,19.0,93.0,False,1.9187902548305797
102334,25.0,0,3.0,45545.595518431175,1.0,146.0,3343.0,72.59999999999998,5679.0,3096.0,1281.0,0.0,300.0,300.0,180.0,1.04,102.19135525847844,4.0,5.2,4.3,16.0,95.0,False,1.8343023255813953
102335,18.0,0,6.0,6219.935180393818,1.0,135.0,1485.0,72.22000000000001,2920.0,1304.0,1040.0,360.0,240.0,960.0,540.0,0.9,126.96096296130332,4.4,4.0,4.4,24.0,96.0,False,2.2392638036809815
102336,33.0,0,3.0,233972.4058497311,1.0,144.0,2568.0,78.99,4226.0,2782.0,1501.0,0.0,0.0,0.0,600.0,0.78,120.7601827924794,4.3,3.7,4.5,11.0,96.0,False,1.5190510424155284
102337,68.0,0,2.0,9780.769325283754,2.0,146.0,2414.0,86.09,3898.0,2170.0,1742.0,0.0,0.0,0.0,120.0,1.0,81.98055225105762,4.2,3.7,4.0,16.0,98.0,False,1.7963133640552995
102338,54.0,0,3.0,270740.37180194206,2.0,138.0,3802.0,119.24,8684.0,4839.0,2287.0,160.0,360.0,680.0,420.0,1.05,84.35246667173428,4.8,2.8,3.9,15.0,90.0,False,1.7945856581938417
102340,33.0,0,3.0,64172.79061316652,1.0,146.0,2204.0,31.85,1728.0,1025.0,914.0,2880.0,360.0,6120.0,180.0,0.85,117.66622382387946,4.2,3.2,4.7,14.0,75.0,False,1.6858536585365853
102341,39.0,1,3.0,189073.832972442,2.0,145.0,2087.0,70.72999999999999,3344.0,2092.0,1795.0,180.0,1380.0,1740.0,600.0,0.83,91.90803861162824,4.5,3.2,3.9,13.0,103.0,False,1.598470363288719
102342,52.0,0,2.0,40944.68255221975,1.0,137.0,3058.0,74.83999999999999,4511.0,2527.0,1751.0,600.0,900.0,2100.0,240.0,0.88,103.46260775970478,3.6,3.9,4.1,16.0,90.0,False,1.7851206964780373
102344,34.0,1,6.0,8108.448515777758,1.0,137.0,2755.0,75.25999999999999,2975.0,1916.0,940.0,120.0,900.0,1140.0,120.0,0.8,99.09329336766932,3.6,3.2,4.0,14.0,68.0,False,1.552713987473904
102345,39.0,1,4.0,28658.30663045309,1.0,147.0,2583.0,100.23,4321.0,2188.0,1354.0,120.0,660.0,900.0,240.0,0.97,76.22915888120188,3.8,3.8,3.5,13.0,79.0,False,1.9748628884826325
102346,37.0,1,3.0,38278.90807697879,2.0,147.0,3078.0,123.68999999999998,7109.0,4038.0,2176.0,0.0,0.0,0.0,600.0,0.38,132.2733512554762,4.5,4.1,3.5,11.0,270.0,False,1.7605250123823675
102348,27.0,1,1.0,47988.99597533751,2.0,148.0,3210.0,102.18,6514.0,3096.0,2314.0,0.0,0.0,0.0,360.0,0.53,129.91514877971707,4.2,3.8,4.0,12.0,82.0,False,2.104005167958656
102349,67.0,1,6.0,17962.95834959919,1.0,138.0,2757.0,96.65999999999998,2793.0,5211.0,2142.0,0.0,150.0,150.0,300.0,0.59,98.71761200488145,3.5,3.4,4.5,10.0,82.0,False,0.5359815774323546
102350,36.0,0,1.0,25243.57824038028,1.0,147.0,2790.0,90.24000000000002,4149.0,3880.0,1553.0,900.0,720.0,2520.0,120.0,0.79,118.07281770048796,3.9,3.5,4.2,14.0,97.0,False,1.0693298969072165
102352,31.0,0,3.0,48829.75066237369,1.0,146.0,2161.0,60.32,3573.0,1146.0,1120.0,1500.0,300.0,3300.0,240.0,1.22,81.28610681661445,4.5,3.1,4.2,11.0,90.0,False,3.1178010471204187
102353,64.0,0,3.0,25332.07168638336,1.0,146.0,2127.0,53.470000000000006,3767.0,1638.0,1115.0,0.0,960.0,960.0,240.0,1.33,59.68880727799424,4.0,2.4,4.6,20.0,172.0,True,2.2997557997557996
102355,33.0,0,6.0,11738.32125008897,1.0,136.0,1552.0,69.93,2494.0,3099.0,1081.0,1615.0,900.0,4130.0,60.0,0.81,119.39162301222716,3.9,3.9,4.4,22.0,94.0,False,0.8047757341077767
102358,31.0,1,6.0,11023.256680058632,2.0,135.0,1489.0,52.9,3739.0,2513.0,989.0,60.0,1440.0,1560.0,360.0,0.72,114.56613813603876,3.9,4.0,3.8,13.0,88.0,False,1.4878631118185435
102359,39.0,1,6.0,39917.642455224886,1.0,141.0,1592.0,55.04999999999999,2580.0,1927.0,822.0,0.0,0.0,0.0,300.0,0.6,117.0209817085426,3.8,4.0,4.3,7.0,88.0,False,1.3388687078360146
102361,31.0,0,7.0,58870.88967840405,2.0,142.0,2087.0,136.26000000000002,4198.0,2705.0,1631.0,2880.0,1260.0,7020.0,120.0,1.07,95.1453541929451,3.4,2.9,4.4,13.0,73.0,False,1.5519408502772642
102362,80.0,0,3.0,56232.678572690456,1.0,146.0,652.0,24.75,1353.0,962.0,741.0,0.0,0.0,0.0,480.0,1.01,75.18186588089276,4.0,3.2,3.4,17.0,105.0,False,1.4064449064449065
102364,33.0,1,3.0,109627.91624476874,1.0,141.0,3155.0,105.23,4111.0,6200.0,2130.0,210.0,150.0,570.0,600.0,0.91,85.42865791231247,3.9,4.0,4.4,13.0,90.0,False,0.6630645161290323
102365,75.0,0,3.0,7466.7926004048,1.0,140.0,1721.0,75.43,2035.0,2871.0,1464.0,0.0,1680.0,1680.0,240.0,0.93,85.6296656267896,4.2,3.4,4.5,18.0,90.0,False,0.7088122605363985
102366,18.0,1,1.0,27727.875500043752,1.0,146.0,1783.0,68.86999999999999,1840.0,2882.0,1275.0,135.0,135.0,405.0,480.0,0.51,138.6739657271645,3.8,3.9,4.2,7.0,108.0,False,0.6384455239417072
102368,67.0,0,3.0,156482.90301497147,2.0,147.0,4347.0,154.14,7995.0,4244.0,3556.0,120.0,480.0,720.0,240.0,0.83,95.92691763867045,4.5,3.8,4.1,16.0,109.0,False,1.8838360037700284
102370,80.0,1,3.0,25925.83057023062,1.0,142.0,2043.0,87.10999999999999,3583.0,3292.0,1388.0,0.0,0.0,0.0,600.0,1.26,43.15799332593394,4.4,4.7,4.3,34.0,103.0,True,1.0883961117861483
102371,54.0,0,4.0,30752.223282804203,2.0,134.0,1820.0,61.09,2729.0,3126.0,785.0,0.0,100.0,100.0,60.0,1.56,52.453615424653016,3.7,3.8,3.8,25.0,81.0,True,0.8730006397952655
102372,80.0,0,3.0,8485.36911871169,2.0,139.0,3801.0,142.96,6251.0,4908.0,3038.0,2820.0,1680.0,7320.0,240.0,0.94,81.94931432479191,4.3,3.2,3.9,18.0,85.0,False,1.273634881825591
102373,31.0,0,1.0,26532.021493001896,2.0,142.0,2979.0,159.14,6284.0,3624.0,1810.0,240.0,60.0,540.0,540.0,0.81,120.88596208570736,4.4,2.6,4.5,12.0,67.0,False,1.7339955849889626
102377,59.0,1,1.0,17686.058567495358,2.0,137.0,1529.0,70.00999999999999,3305.0,1667.0,1028.0,0.0,2460.0,2460.0,90.0,0.57,104.61939313134867,4.1,3.2,4.0,13.0,90.0,False,1.9826034793041392
102378,40.0,1,1.0,9688.185081131092,2.0,148.0,2074.0,111.08,4371.0,1996.0,1873.0,0.0,1200.0,1200.0,180.0,0.7,112.05430679879755,4.1,3.4,4.1,17.0,81.0,False,2.1898797595190382
102380,26.0,1,4.0,44505.43174917472,1.0,144.0,1058.0,33.879999999999995,1280.0,1457.0,475.0,0.0,1080.0,1080.0,240.0,0.61,126.37081807176236,3.5,3.4,4.0,8.0,94.0,False,0.8785175017158545
102381,42.0,0,3.0,27284.20010262653,2.0,147.0,2466.0,83.62,4195.0,3224.0,1463.0,780.0,810.0,2370.0,240.0,1.15,81.48912011199693,4.3,3.3,4.3,16.0,103.0,False,1.3011786600496278
102382,44.0,0,7.0,37136.69163511592,2.0,137.0,3068.0,175.2,8195.0,3017.0,1734.0,180.0,50.0,410.0,600.0,0.96,99.9561550582794,4.2,3.1,4.2,25.0,86.0,False,2.716274444812728
102386,27.0,1,6.0,11061.485807605211,2.0,142.0,2366.0,95.62999999999998,4250.0,2957.0,1305.0,0.0,1500.0,1500.0,180.0,0.64,124.14261972296302,4.0,3.4,4.2,11.0,87.0,False,1.4372675008454514
102389,71.0,1,4.0,11623.454082555303,2.0,145.0,2497.0,84.64999999999998,3183.0,2548.0,1203.0,0.0,0.0,0.0,240.0,1.14,51.46703440460709,3.9,3.7,4.1,18.0,89.0,True,1.249215070643642
102391,31.0,0,6.0,24004.22505477906,2.0,134.0,1777.0,62.040000000000006,2207.0,2244.0,1025.0,0.0,0.0,0.0,480.0,0.97,107.0340698466556,5.0,3.3,3.3,25.0,95.0,False,0.9835115864527629
102392,80.0,1,3.0,23987.38789460944,2.0,139.0,1753.0,59.63,2955.0,1657.0,1074.0,0.0,0.0,0.0,240.0,0.73,83.0842044052104,4.4,4.4,3.8,19.0,118.0,False,1.7833433916716959
102393,20.0,1,3.0,81276.41388263393,1.0,139.0,2427.0,51.96999999999999,4294.0,4304.0,1102.0,300.0,1020.0,1620.0,360.0,0.88,96.42444470731188,4.1,4.0,4.3,14.0,93.0,False,0.9976765799256505
102395,25.0,0,1.0,61981.572262444,1.0,140.0,1279.0,65.46,2387.0,2576.0,1057.0,450.0,300.0,1200.0,360.0,1.2,86.06700108509642,3.8,2.5,4.5,20.0,74.0,False,0.9266304347826086
102396,45.0,0,7.0,41979.91468297547,1.0,135.0,2923.0,80.75999999999999,2985.0,2208.0,1294.0,470.0,480.0,1420.0,300.0,1.14,80.82546140589773,3.3,2.1,3.9,5.0,115.0,False,1.3519021739130435
102397,73.0,1,3.0,117835.4613481183,1.0,141.0,1409.0,61.57000000000001,1909.0,4359.0,1295.0,0.0,280.0,280.0,300.0,0.93,64.89831372623824,4.1,4.3,4.2,16.0,87.0,False,0.43794448267951364
102399,80.0,0,3.0,15666.072208071237,1.0,134.0,2795.0,93.71999999999998,3182.0,3336.0,1466.0,1800.0,0.0,3600.0,720.0,0.94,81.94931432479191,4.2,4.1,4.1,18.0,98.0,False,0.9538369304556354
102400,42.0,0,1.0,58120.20606247699,2.0,140.0,2507.0,156.51999999999998,3064.0,3074.0,2455.0,180.0,450.0,810.0,360.0,1.14,82.34765100930741,4.3,3.0,4.0,17.0,105.0,False,0.9967469095640858
102401,44.0,1,2.0,31046.153108931863,1.0,139.0,810.0,40.21999999999999,1239.0,1091.0,646.0,0.0,0.0,0.0,120.0,0.25,140.08434650010506,4.2,2.8,3.7,9.0,91.0,False,1.1356553620531622
102405,49.0,0,1.0,82679.41525405973,2.0,136.0,2933.0,113.74,5134.0,3784.0,1618.0,60.0,60.0,180.0,120.0,0.86,106.145522214151,4.4,2.6,4.0,14.0,118.0,False,1.3567653276955602
102407,75.0,1,3.0,76745.84060703582,1.0,135.0,3190.0,163.46,7796.0,6100.0,2603.0,0.0,0.0,0.0,360.0,0.57,94.71005199301328,4.0,3.9,4.0,14.0,100.0,False,1.278032786885246
102410,44.0,0,1.0,97707.20011571638,2.0,140.0,3956.0,143.25,7386.0,4966.0,2426.0,420.0,780.0,1620.0,120.0,0.9,108.00503709324838,3.8,3.6,4.0,22.0,84.0,False,1.4873137333870319
102411,80.0,0,3.0,43005.02196887118,2.0,143.0,2385.0,106.85,4388.0,3205.0,2278.0,0.0,0.0,0.0,420.0,1.29,56.05199777710408,4.0,3.4,4.2,30.0,94.0,True,1.3691107644305773
102415,54.0,1,2.0,11613.951797159483,2.0,136.0,3516.0,154.82999999999996,4022.0,5718.0,3028.0,0.0,540.0,540.0,180.0,0.48,112.48741494373982,4.1,3.6,3.4,14.0,300.0,False,0.7033927946834557
102416,19.0,1,1.0,55886.39218477425,2.0,148.0,1200.0,26.91,1106.0,1733.0,392.0,0.0,0.0,0.0,600.0,0.66,129.51147568059275,3.9,3.1,4.1,9.0,86.0,False,0.638199653779573
102418,63.0,0,3.0,75500.50944772479,2.0,139.0,1739.0,74.71,3766.0,3731.0,1771.0,180.0,275.0,635.0,720.0,1.33,60.06118663513206,4.4,2.7,4.1,21.0,98.0,False,1.0093808630393997
102419,32.0,0,7.0,28754.97206589668,2.0,138.0,6913.0,136.12000000000003,7858.0,3714.0,2506.0,960.0,4200.0,6120.0,120.0,1.07,94.55545299694884,4.5,3.9,4.5,14.0,85.0,False,2.115778136779752
102420,70.0,1,1.0,10728.367548913398,1.0,137.0,853.0,50.17,1819.0,1045.0,635.0,0.0,0.0,0.0,60.0,0.86,72.6302990059276,3.5,3.0,4.0,18.0,99.0,False,1.7406698564593301
102421,57.0,1,2.0,29402.80348576592,1.0,138.0,2038.0,59.440000000000005,2660.0,2726.0,1244.0,0.0,0.0,0.0,240.0,0.57,105.92883882825446,3.8,3.3,4.2,14.0,88.0,False,0.9757887013939839
102423,62.0,1,4.0,12110.931311304548,2.0,145.0,877.0,41.67,1732.0,1655.0,636.0,0.0,0.0,0.0,480.0,0.71,96.07580141895352,3.4,3.1,4.0,13.0,90.0,False,1.0465256797583082
102424,37.0,0,6.0,31960.53511347216,1.0,137.0,4754.0,246.65,8843.0,6040.0,3040.0,60.0,0.0,120.0,240.0,0.85,114.7751280121544,3.9,3.2,4.3,18.0,89.0,False,1.4640728476821192
102425,33.0,0,7.0,34988.4804019782,2.0,145.0,4476.0,172.60000000000002,6777.0,3894.0,2530.0,720.0,960.0,2400.0,180.0,0.96,107.033721431505,4.2,3.8,4.6,12.0,85.0,False,1.7403697996918337
102427,63.0,0,1.0,8957.293197237153,1.0,137.0,1640.0,68.11999999999999,2904.0,2009.0,809.0,0.0,0.0,0.0,60.0,1.03,81.6227472013854,3.9,3.4,4.7,18.0,92.0,False,1.4454952712792435
102428,41.0,0,3.0,29498.405233583657,2.0,141.0,3518.0,169.67,4694.0,3347.0,2118.0,0.0,0.0,0.0,120.0,0.85,111.95506732606644,4.6,2.8,3.8,19.0,168.0,False,1.4024499551837466
102429,38.0,1,1.0,37655.72187392177,1.0,146.0,2895.0,84.45000000000002,3688.0,3600.0,1872.0,0.0,0.0,0.0,300.0,0.47,124.88883440513004,3.9,3.1,3.9,8.0,218.0,False,1.0244444444444445
102431,19.0,0,2.0,22136.776695550925,1.0,145.0,1398.0,45.15,2323.0,1027.0,928.0,0.0,0.0,0.0,420.0,0.98,113.9171000284226,4.1,4.2,4.5,14.0,92.0,False,2.2619279454722494
102432,33.0,0,3.0,22317.36717299476,2.0,141.0,1579.0,84.12,5527.0,2349.0,1482.0,300.0,1500.0,2100.0,300.0,0.89,116.0434280195391,4.2,4.0,4.4,16.0,87.0,False,2.35291613452533
102434,44.0,1,4.0,33245.420687696,1.0,141.0,1770.0,63.48,3060.0,1291.0,903.0,1920.0,1380.0,5220.0,360.0,0.95,75.76591014045789,3.6,3.2,3.5,6.0,91.0,False,2.370255615801704
102436,56.0,1,3.0,87309.13482668878,2.0,141.0,928.0,55.42,1395.0,1017.0,783.0,240.0,260.0,740.0,600.0,0.69,101.79312063902118,4.2,4.2,4.0,19.0,91.0,False,1.3716814159292035
102442,62.0,1,3.0,109905.3329077326,1.0,134.0,949.0,31.11,1946.0,916.0,507.0,0.0,0.0,0.0,600.0,0.82,80.82531603722438,3.8,3.1,4.1,20.0,93.0,False,2.1244541484716155
102443,56.0,1,3.0,43282.35925686896,2.0,134.0,1419.0,23.58,1962.0,2350.0,979.0,180.0,120.0,480.0,300.0,0.63,104.0494974731224,4.2,4.0,3.9,11.0,88.0,False,0.8348936170212766
102444,58.0,0,3.0,93072.66156932252,2.0,146.0,1732.0,14.84,1552.0,374.0,214.0,0.0,0.0,0.0,360.0,1.05,82.27990026161177,3.9,2.2,3.2,5.0,98.0,False,4.149732620320855
102445,80.0,1,1.0,14821.371461975,2.0,135.0,747.0,18.33,1397.0,644.0,313.0,0.0,150.0,150.0,180.0,1.13,49.182631916953454,4.4,3.9,4.9,27.0,100.0,True,2.169254658385093
102447,79.0,1,4.0,14260.866046896595,1.0,134.0,2073.0,79.66000000000001,3335.0,2707.0,1575.0,0.0,240.0,240.0,240.0,1.17,47.46613511698927,4.2,3.2,3.5,21.0,88.0,True,1.2319911340967862
102450,39.0,0,3.0,83160.35941888575,2.0,139.0,2251.0,67.78,4394.0,2131.0,1200.0,0.0,0.0,0.0,840.0,0.85,113.35632838072446,4.8,4.1,3.8,8.0,102.0,False,2.061942749882684
102452,60.0,1,1.0,30434.87856831227,2.0,140.0,1700.0,53.400000000000006,2521.0,1918.0,939.0,0.0,0.0,0.0,120.0,0.72,95.65926810998974,3.8,3.8,4.1,13.0,92.0,False,1.3143899895724713
102454,34.0,1,1.0,52282.65363508524,2.0,143.0,2058.0,81.05,3602.0,2085.0,1267.0,720.0,1380.0,2820.0,480.0,0.62,119.76690570680314,4.2,3.8,4.0,12.0,97.0,False,1.72757793764988
102455,66.0,0,4.0,11120.9686845423,1.0,147.0,1581.0,47.190000000000005,2209.0,1651.0,565.0,0.0,0.0,0.0,240.0,1.14,70.92952200375034,4.0,2.9,4.1,10.0,97.0,False,1.337976983646275
102456,29.0,1,7.0,24154.204530958454,2.0,141.0,1925.0,56.86,4152.0,1469.0,881.0,0.0,0.0,0.0,120.0,0.68,120.82967753055676,4.2,3.7,3.4,7.0,109.0,False,2.82641252552757
102457,58.0,0,3.0,120265.00495636804,2.0,144.0,5554.0,159.66,7989.0,4791.0,2846.0,0.0,0.0,0.0,300.0,0.74,105.02753256460086,4.1,3.3,4.1,7.0,98.0,False,1.667501565435191
102458,34.0,0,4.0,55926.25964109377,1.0,144.0,1457.0,52.95,1744.0,886.0,784.0,0.0,0.0,0.0,480.0,1.1,90.33870807018226,4.0,2.3,4.0,12.0,67.0,False,1.9683972911963883
102460,25.0,1,3.0,100184.04237201228,1.0,143.0,2520.0,67.99,2951.0,2817.0,1527.0,0.0,480.0,480.0,480.0,0.97,83.16397401064225,4.1,3.8,3.9,17.0,92.0,False,1.0475683351082712
102461,28.0,1,6.0,21135.65892552665,1.0,143.0,1817.0,67.16999999999999,3753.0,4030.0,1314.0,180.0,60.0,420.0,300.0,0.7,120.7370733351292,3.7,4.0,4.1,13.0,107.0,False,0.9312655086848636
102464,46.0,0,3.0,128501.41524222936,1.0,140.0,1003.0,26.99,1383.0,2207.0,701.0,0.0,0.0,0.0,480.0,1.19,76.29158766645818,4.4,3.4,4.5,13.0,92.0,False,0.6266425011327594
102466,34.0,0,3.0,281761.67505697167,2.0,134.0,3269.0,137.35,5719.0,5218.0,2649.0,0.0,0.0,0.0,660.0,0.85,116.9366932361714,4.2,3.3,4.6,13.0,90.0,False,1.0960137983901879
102467,58.0,1,4.0,36780.062679938346,1.0,141.0,698.0,13.53,1127.0,987.0,628.0,0.0,0.0,0.0,120.0,0.97,67.73326075563659,4.5,4.2,4.4,9.0,101.0,False,1.1418439716312057
102469,33.0,0,3.0,83257.31102090016,1.0,146.0,2466.0,142.41000000000005,5092.0,4146.0,2154.0,0.0,0.0,0.0,720.0,0.79,120.29648846490694,4.2,3.7,4.4,8.0,87.0,False,1.2281717317896768
102471,62.0,1,2.0,13748.688522913224,1.0,134.0,1055.0,64.54,1367.0,2177.0,903.0,0.0,0.0,0.0,240.0,0.58,102.25601583822582,4.3,3.3,4.0,13.0,110.0,False,0.6279283417547084
102472,41.0,0,4.0,20356.20638342875,2.0,134.0,2387.0,33.95,1696.0,2176.0,890.0,360.0,180.0,900.0,180.0,1.22,76.38467720755585,4.1,3.0,4.4,12.0,93.0,False,0.7794117647058824
102473,41.0,1,2.0,34126.08619708562,2.0,143.0,1684.0,67.16000000000001,3545.0,2661.0,1284.0,345.0,1560.0,2250.0,360.0,0.63,114.22340462144504,3.8,4.0,4.3,14.0,92.0,False,1.332205937617437
102475,38.0,0,1.0,23836.89971700204,2.0,148.0,2382.0,136.52999999999997,5010.0,3027.0,1929.0,0.0,0.0,0.0,180.0,0.65,123.6891087198823,3.7,3.0,4.3,15.0,247.0,False,1.6551040634291379
102478,60.0,0,4.0,9949.222095534678,1.0,147.0,914.0,38.81,2483.0,612.0,901.0,0.0,0.0,0.0,120.0,0.99,87.20806829915247,3.9,3.1,3.6,19.0,99.0,False,4.05718954248366
102480,77.0,0,4.0,14119.188265073655,1.0,144.0,1368.0,77.04000000000002,2683.0,2281.0,984.0,0.0,315.0,315.0,720.0,1.37,53.12966660335626,4.2,4.5,3.8,19.0,119.0,True,1.1762384918895221
102482,36.0,0,3.0,99398.25460128376,1.0,140.0,3686.0,75.63000000000001,2997.0,2336.0,1254.0,180.0,60.0,420.0,720.0,1.3,73.01482685662822,3.9,3.8,4.3,14.0,106.0,False,1.2829623287671232
102483,60.0,1,3.0,31914.423062241327,1.0,142.0,1884.0,103.29999999999998,4916.0,2718.0,1467.0,120.0,150.0,390.0,240.0,0.76,89.6498854001211,3.6,4.0,4.1,13.0,87.0,False,1.808682855040471
102487,19.0,1,6.0,13545.665971634478,2.0,138.0,1459.0,38.32,1402.0,2416.0,875.0,0.0,90.0,90.0,360.0,0.74,119.45086444420625,4.1,3.8,4.4,10.0,92.0,False,0.5802980132450332
102488,29.0,0,2.0,23874.035083025265,1.0,137.0,3423.0,118.85,7677.0,3378.0,1858.0,120.0,240.0,480.0,180.0,0.76,124.77703376363696,4.2,3.1,4.5,17.0,84.0,False,2.2726465364120783
102489,73.0,0,3.0,81340.05285995259,1.0,138.0,672.0,76.78999999999999,2576.0,2165.0,1026.0,0.0,210.0,210.0,720.0,0.95,84.51571603599076,3.8,3.0,4.1,23.0,129.0,False,1.1898383371824481
102492,31.0,0,4.0,21789.654630663943,1.0,144.0,10477.0,334.82,12641.0,14358.0,6173.0,2520.0,2160.0,7200.0,360.0,1.07,95.1453541929451,4.2,4.0,4.0,12.0,89.0,False,0.880415099596044
102493,79.0,0,3.0,10114.16779186094,2.0,141.0,951.0,37.42,1301.0,1071.0,536.0,0.0,60.0,60.0,180.0,1.06,71.38923329331459,4.1,2.0,3.8,18.0,139.0,False,1.214752567693744
102494,76.0,0,3.0,60744.18050472067,1.0,138.0,2526.0,72.88000000000002,3626.0,2862.0,1572.0,0.0,300.0,300.0,360.0,1.11,68.8200849374049,4.0,3.3,4.0,27.0,104.0,False,1.2669461914744933
102495,33.0,0,3.0,30684.115099630795,1.0,145.0,6156.0,369.42,14400.0,4941.0,4902.0,600.0,345.0,1545.0,180.0,0.92,112.6420932389534,4.0,3.8,3.9,12.0,92.0,False,2.914389799635701
102497,75.0,0,3.0,48733.0344781894,1.0,142.0,1245.0,52.35,1587.0,1933.0,682.0,0.0,420.0,420.0,240.0,1.21,62.43977681426944,5.2,3.9,4.5,24.0,98.0,False,0.8210036213140196
102501,45.0,0,3.0,25811.104579385697,2.0,141.0,1366.0,49.13999999999999,2729.0,1475.0,705.0,0.0,1155.0,1155.0,240.0,1.26,71.67857454002457,4.3,2.5,4.0,22.0,116.0,False,1.8501694915254236
102504,80.0,1,3.0,22382.074421596244,1.0,147.0,2166.0,81.65,2660.0,3356.0,1894.0,0.0,0.0,0.0,180.0,0.87,67.31049657491492,3.5,4.2,3.6,28.0,83.0,False,0.7926102502979738
102505,38.0,0,1.0,25208.88686493441,2.0,147.0,2657.0,83.19,3216.0,2180.0,1554.0,520.0,205.0,1245.0,180.0,0.99,99.99512641067724,4.3,3.7,4.4,19.0,89.0,False,1.4752293577981652
102506,51.0,1,2.0,16785.281371290203,1.0,148.0,1515.0,46.370000000000005,1899.0,1448.0,1454.0,0.0,0.0,0.0,240.0,0.56,110.42636666590217,4.2,3.2,3.9,13.0,105.0,False,1.3114640883977902
102508,68.0,1,4.0,11388.462846048851,2.0,146.0,955.0,26.49,1233.0,880.0,381.0,0.0,0.0,0.0,480.0,0.76,85.29855577559391,4.4,3.8,3.7,8.0,93.0,False,1.4011363636363636
102509,62.0,0,1.0,6336.926784656867,2.0,136.0,1048.0,40.85,1592.0,1549.0,853.0,0.0,0.0,0.0,120.0,0.48,116.75413159116084,4.6,4.3,3.5,23.0,626.0,False,1.02775984506133
102512,59.0,1,3.0,35090.02255543411,1.0,140.0,1226.0,43.35000000000001,1199.0,1555.0,689.0,300.0,720.0,1320.0,480.0,0.93,70.80232492758533,4.0,3.8,4.1,13.0,92.0,False,0.7710610932475884
102514,33.0,0,7.0,35626.9528348955,1.0,135.0,1533.0,64.38,2098.0,2642.0,1194.0,180.0,120.0,480.0,180.0,0.91,114.1291110166559,3.6,2.6,4.6,14.0,91.0,False,0.7940953822861468
102515,56.0,0,3.0,75797.72835930853,2.0,134.0,1364.0,49.87000000000001,1180.0,2556.0,885.0,0.0,240.0,240.0,360.0,0.79,104.26289405553428,4.2,4.1,4.3,10.0,86.0,False,0.4616588419405321
102516,46.0,0,3.0,52214.91486691354,1.0,146.0,1131.0,78.21,1872.0,2344.0,1060.0,0.0,840.0,840.0,480.0,1.06,87.6528351951641,4.1,4.9,4.2,16.0,92.0,False,0.7986348122866894
102517,63.0,1,2.0,22149.435224925503,1.0,136.0,923.0,90.54,2141.0,1280.0,841.0,0.0,0.0,0.0,360.0,0.57,102.04886201818928,3.5,3.9,4.3,14.0,135.0,False,1.67265625
102518,44.0,1,1.0,25257.659053269865,1.0,148.0,1973.0,79.42,3251.0,1986.0,1477.0,0.0,0.0,0.0,360.0,0.78,95.99058704884304,4.1,3.4,3.5,12.0,99.0,False,1.6369587109768378
102520,63.0,0,2.0,10699.757654801544,1.0,140.0,2179.0,98.52,4876.0,3782.0,1614.0,225.0,570.0,1020.0,300.0,0.96,88.8158339152664,4.4,3.2,4.2,17.0,106.0,False,1.2892649391856161
102522,60.0,0,1.0,6898.043318489338,1.0,137.0,1662.0,85.63000000000001,2775.0,1626.0,937.0,0.0,0.0,0.0,40.0,0.89,98.10549757754102,3.8,2.8,3.8,13.0,157.0,False,1.7066420664206643
102524,63.0,0,1.0,10624.455341705543,1.0,135.0,1744.0,46.79,2371.0,1311.0,635.0,0.0,0.0,0.0,720.0,0.74,101.81180210359712,3.8,2.5,4.3,14.0,101.0,False,1.8085430968726164
102526,42.0,0,4.0,18694.295928603944,1.0,147.0,1564.0,54.00999999999999,2700.0,1800.0,986.0,1860.0,900.0,4620.0,300.0,1.05,90.88869714602984,4.1,3.6,4.3,11.0,90.0,False,1.5
102528,64.0,0,3.0,26569.880817639663,2.0,141.0,1999.0,62.86,2785.0,1815.0,1310.0,90.0,90.0,270.0,180.0,1.14,71.81729581500527,4.5,3.9,4.3,25.0,108.0,False,1.534435261707989
102532,34.0,1,4.0,16550.0027525929,1.0,140.0,3386.0,81.99999999999999,3284.0,2913.0,1367.0,240.0,120.0,600.0,300.0,0.96,79.6208422183667,3.9,2.6,4.0,8.0,89.0,False,1.1273601098523858
102533,55.0,0,1.0,30329.624923976506,2.0,141.0,3160.0,148.2,5791.0,4856.0,1778.0,2580.0,2580.0,7740.0,180.0,0.67,110.26548050563184,4.5,3.3,4.0,16.0,126.0,False,1.1925453047775947
102541,26.0,0,7.0,85412.59276885621,1.0,146.0,4628.0,102.21,16573.0,8155.0,2805.0,0.0,360.0,360.0,720.0,1.22,83.85353224613992,3.9,3.7,4.1,14.0,68.0,False,2.032250153280196
102544,80.0,0,3.0,13849.953513187942,2.0,142.0,2762.0,81.15,2564.0,3137.0,1549.0,0.0,480.0,480.0,240.0,1.25,58.21122421794302,4.2,3.5,3.7,27.0,113.0,True,0.8173414089894804
102548,28.0,1,7.0,40350.47198654717,1.0,141.0,945.0,42.32999999999999,1100.0,1085.0,536.0,150.0,120.0,420.0,240.0,0.61,124.80867762191916,4.1,2.9,4.2,11.0,98.0,False,1.0138248847926268
102551,58.0,1,4.0,12660.252247674309,1.0,145.0,747.0,26.370000000000005,967.0,1027.0,411.0,150.0,0.0,300.0,240.0,0.87,77.18003328184585,4.2,3.7,3.7,16.0,91.0,False,0.9415774099318404
102553,50.0,0,6.0,15368.284613946114,1.0,135.0,2210.0,59.52,2571.0,4150.0,1451.0,0.0,0.0,0.0,480.0,0.98,93.94154215971132,4.1,3.1,4.6,10.0,111.0,False,0.6195180722891567
102556,50.0,0,2.0,22960.151899730467,1.0,140.0,2726.0,58.99,4540.0,1302.0,1236.0,0.0,0.0,0.0,540.0,1.02,89.53828465816017,3.8,3.7,4.0,16.0,90.0,False,3.4869431643625193
102559,53.0,0,1.0,24754.373897744783,2.0,136.0,3460.0,127.35000000000004,4855.0,3441.0,2254.0,0.0,0.0,0.0,120.0,0.7,110.17842804670302,4.4,3.5,4.5,15.0,159.0,False,1.4109270560883465
102560,33.0,0,7.0,36588.4245569314,2.0,141.0,3842.0,144.40000000000003,5996.0,2513.0,1914.0,0.0,75.0,75.0,600.0,1.1,90.90230234471952,4.4,2.9,4.1,14.0,117.0,False,2.3859928372463193
102562,38.0,1,2.0,27796.617177452823,2.0,148.0,3503.0,169.51999999999992,6102.0,5014.0,2318.0,2520.0,1860.0,6900.0,20.0,0.57,119.21567329044125,4.4,3.3,3.9,11.0,85.0,False,1.2169924212205823
102568,23.0,0,2.0,45546.38371726613,2.0,141.0,2671.0,122.65000000000002,2942.0,4232.0,2417.0,2400.0,0.0,4800.0,120.0,0.88,123.91179283207678,4.2,3.5,4.7,14.0,89.0,False,0.695179584120983
102573,54.0,0,4.0,26337.65565323764,2.0,147.0,1299.0,85.36,3148.0,2721.0,1360.0,0.0,0.0,0.0,720.0,1.14,76.42564703175121,4.0,3.2,3.9,18.0,149.0,False,1.1569276001470048
102574,68.0,0,1.0,5057.077263633894,2.0,144.0,1811.0,81.19000000000001,2832.0,1822.0,1771.0,0.0,0.0,0.0,120.0,0.69,100.80188202100602,4.8,3.6,3.8,15.0,152.0,False,1.5543358946212953
102576,60.0,0,4.0,12041.970944984065,1.0,141.0,1990.0,99.27,2745.0,4742.0,1378.0,0.0,60.0,60.0,480.0,1.12,75.20682821826512,3.5,3.5,3.9,21.0,193.0,False,0.5788696752425138
102579,63.0,1,3.0,148635.65390749846,2.0,135.0,2279.0,106.96,4442.0,2041.0,1466.0,0.0,0.0,0.0,300.0,0.61,100.39440636985336,4.4,3.6,3.9,13.0,89.0,False,2.1763841254287115
102580,25.0,1,1.0,38448.96491478424,2.0,144.0,2552.0,125.36,5057.0,3190.0,1839.0,90.0,90.0,270.0,600.0,0.75,113.23685503940906,4.0,2.9,4.4,15.0,82.0,False,1.5852664576802509
102581,50.0,0,4.0,24869.95598403499,1.0,144.0,2385.0,69.62,3001.0,2996.0,1210.0,120.0,300.0,540.0,480.0,0.86,105.48741997642324,4.5,3.4,4.1,8.0,93.0,False,1.0016688918558077
102586,52.0,0,1.0,36455.58925946066,2.0,148.0,1076.0,14.65,1588.0,618.0,236.0,0.0,720.0,720.0,300.0,0.99,91.65680776065304,4.1,3.0,4.1,14.0,88.0,False,2.56957928802589
102588,68.0,1,3.0,32932.20208713076,1.0,140.0,1410.0,67.57000000000001,1733.0,2078.0,1030.0,0.0,0.0,0.0,600.0,0.65,95.84221661718756,4.0,3.1,4.7,12.0,96.0,False,0.8339749759384023
102589,24.0,1,4.0,21216.07906213248,2.0,145.0,3396.0,110.87,5455.0,3044.0,1749.0,1500.0,600.0,3600.0,120.0,0.62,127.45207345610908,3.7,3.4,3.7,10.0,86.0,False,1.7920499342969776
102590,80.0,0,3.0,13309.62354815895,2.0,142.0,1538.0,51.2,2496.0,1731.0,688.0,0.0,900.0,900.0,30.0,1.0,76.08494805880026,4.2,2.9,4.0,17.0,145.0,False,1.441941074523397
102591,59.0,1,3.0,139777.42876059443,2.0,143.0,1559.0,60.86,2778.0,979.0,1085.0,0.0,0.0,0.0,8.0,0.69,99.91148311765664,4.5,3.9,4.3,17.0,80.0,False,2.8375893769152194
102593,39.0,0,6.0,23734.03048592038,1.0,137.0,2287.0,172.07,4498.0,3799.0,1781.0,30.0,735.0,795.0,180.0,0.86,112.9566370145152,3.4,3.5,4.3,14.0,94.0,False,1.1839957883653593
102597,70.0,1,3.0,8909.971551454079,2.0,139.0,1939.0,47.6,2739.0,1523.0,906.0,0.0,840.0,840.0,240.0,0.9,68.7741073575049,3.8,2.9,3.8,13.0,92.0,False,1.798424162836507
102598,75.0,1,6.0,14793.45030737794,1.0,141.0,2628.0,101.39,3188.0,2661.0,1743.0,10.0,10.0,30.0,60.0,0.82,74.54771097397452,4.2,3.6,3.9,14.0,96.0,False,1.1980458474257798
102600,34.0,0,6.0,17147.07436379701,1.0,142.0,1096.0,66.19,1791.0,2054.0,1027.0,225.0,1290.0,1740.0,180.0,1.0,101.28499188432974,3.4,3.6,4.4,15.0,82.0,False,0.8719571567672834
102606,65.0,0,4.0,9686.745495732766,1.0,141.0,1148.0,46.14000000000001,2490.0,1790.0,935.0,0.0,360.0,360.0,30.0,0.94,89.96227676148709,3.3,2.3,3.8,14.0,117.0,False,1.3910614525139664
102609,80.0,1,3.0,27582.444540197936,1.0,142.0,986.0,36.52,1512.0,2871.0,793.0,0.0,0.0,0.0,120.0,1.25,43.57264081068529,4.5,3.5,4.1,23.0,96.0,True,0.5266457680250783
102611,64.0,0,3.0,44927.64023689251,2.0,135.0,982.0,22.74,1374.0,1252.0,510.0,0.0,0.0,0.0,360.0,1.59,48.17684113637125,4.3,4.2,3.2,25.0,496.0,True,1.097444089456869
102612,33.0,0,3.0,37015.46901315731,1.0,142.0,2367.0,120.42,6791.0,1708.0,1354.0,120.0,180.0,420.0,180.0,1.11,89.9204622275873,3.9,4.2,4.1,13.0,98.0,False,3.9759953161592505
102615,79.0,0,3.0,16649.57366783117,2.0,135.0,1971.0,74.07,2432.0,2420.0,1340.0,0.0,720.0,720.0,480.0,0.77,91.06883556475258,4.9,3.9,3.6,17.0,88.0,False,1.0049586776859505
102616,56.0,1,3.0,192084.53463047845,1.0,134.0,1169.0,32.37,1576.0,2027.0,540.0,0.0,240.0,240.0,840.0,0.66,102.88947968710006,4.0,4.6,4.0,12.0,92.0,False,0.777503700049334
102617,63.0,1,3.0,118521.43060319543,2.0,143.0,1504.0,49.47,1960.0,2634.0,1060.0,0.0,1500.0,1500.0,180.0,0.97,65.65940541012483,4.4,4.7,4.3,18.0,101.0,False,0.7441154138192863
102618,70.0,1,1.0,24083.679519503698,1.0,148.0,1789.0,81.64000000000003,2659.0,4728.0,1616.0,0.0,0.0,0.0,60.0,0.7,92.98188056089506,3.5,3.8,3.9,11.0,89.0,False,0.562394247038917
102619,61.0,1,3.0,261074.0496973659,1.0,139.0,1009.0,47.83,1132.0,1469.0,822.0,0.0,250.0,250.0,240.0,0.88,74.72154365511031,3.9,3.6,3.9,18.0,95.0,False,0.7705922396187883
102620,48.0,0,6.0,15875.29798316736,2.0,138.0,1781.0,74.17,4184.0,2217.0,1289.0,120.0,90.0,330.0,600.0,1.1,82.80561159478984,4.3,3.4,4.0,11.0,96.0,False,1.8872350022553
102621,32.0,1,4.0,23879.205656767725,2.0,146.0,2032.0,43.35,3046.0,1336.0,762.0,0.0,0.0,0.0,480.0,0.95,81.6367930003511,3.4,3.8,3.8,7.0,83.0,False,2.279940119760479
102622,46.0,0,3.0,32686.334694341327,1.0,142.0,2047.0,82.85000000000001,3160.0,2072.0,995.0,1800.0,1440.0,5040.0,120.0,1.05,88.65553351493259,4.1,3.2,3.9,13.0,96.0,False,1.5250965250965252
102623,66.0,0,3.0,27265.493029959936,2.0,144.0,2133.0,72.25,3655.0,2441.0,1214.0,0.0,0.0,0.0,180.0,0.99,84.01379857625014,4.4,3.7,4.0,12.0,89.0,False,1.4973371569029086
102625,33.0,0,7.0,21027.96206414405,1.0,141.0,1919.0,104.35,4426.0,3255.0,1542.0,0.0,0.0,0.0,480.0,1.08,92.92607602252718,4.1,3.6,4.5,18.0,92.0,False,1.3597542242703533
102626,46.0,0,1.0,32544.78203403535,1.0,137.0,3891.0,216.93,8004.0,6316.0,2865.0,960.0,900.0,2820.0,180.0,1.01,92.88537911132154,4.0,3.0,4.1,20.0,90.0,False,1.2672577580747308
102629,73.0,1,2.0,35201.16787888489,2.0,134.0,1235.0,38.04,2061.0,1862.0,618.0,0.0,0.0,0.0,300.0,0.82,75.48077105420737,3.7,3.5,4.5,19.0,84.0,False,1.10687432867884
102631,22.0,0,4.0,33490.12972866911,1.0,138.0,2114.0,56.42,2898.0,2213.0,1234.0,240.0,540.0,1020.0,600.0,0.93,119.0632273534246,3.7,3.8,4.1,12.0,87.0,False,1.3095345684591053
102634,80.0,0,3.0,27533.50984686657,1.0,144.0,2677.0,82.71000000000001,4283.0,4148.0,1846.0,0.0,0.0,0.0,600.0,1.33,54.035201997418696,4.3,4.3,4.2,24.0,100.0,True,1.0325458052073289
102635,40.0,1,6.0,13769.3961578676,1.0,134.0,2107.0,96.53,3733.0,3174.0,1474.0,240.0,180.0,660.0,480.0,0.71,110.16310870388524,3.9,3.8,3.8,20.0,89.0,False,1.1761184625078764
102636,18.0,0,6.0,16759.458053077444,1.0,144.0,1955.0,56.99,3429.0,1785.0,1051.0,180.0,510.0,870.0,600.0,0.85,129.17156757613674,3.7,3.7,4.6,19.0,112.0,False,1.9210084033613446
102637,64.0,0,4.0,6162.882054289526,1.0,144.0,2461.0,72.95,6408.0,2347.0,1531.0,0.0,45.0,45.0,180.0,1.71,44.14886443482662,4.3,3.7,3.4,34.0,111.0,True,2.7302939923306346
102638,26.0,1,3.0,128054.11579617382,1.0,143.0,1424.0,91.12,3158.0,2480.0,1717.0,300.0,100.0,700.0,240.0,0.76,110.76026772026552,4.1,3.2,4.3,15.0,95.0,False,1.2733870967741936
102641,34.0,0,3.0,54215.69167248232,2.0,140.0,1950.0,51.93,3177.0,1986.0,729.0,0.0,0.0,0.0,180.0,1.11,89.36295536177624,3.9,2.9,4.3,14.0,104.0,False,1.5996978851963746
102642,44.0,1,6.0,26959.485796680245,2.0,138.0,2153.0,51.39,2791.0,3666.0,1226.0,0.0,225.0,225.0,420.0,0.56,115.33997051144716,4.5,3.9,3.7,11.0,144.0,False,0.7613202400436443
102644,53.0,0,3.0,142549.01957718667,2.0,139.0,2637.0,89.53999999999999,5423.0,2085.0,1180.0,300.0,1560.0,2160.0,720.0,0.77,107.05229469143296,4.5,2.7,3.8,12.0,104.0,False,2.600959232613909
102648,33.0,0,4.0,20684.70285533567,2.0,142.0,4589.0,119.81,2831.0,5628.0,2689.0,960.0,2100.0,4020.0,180.0,1.33,72.38092619029455,4.5,4.0,4.1,15.0,85.0,False,0.5030206112295664
102649,57.0,0,4.0,18902.354337668698,1.0,145.0,4138.0,120.83,6192.0,5069.0,2487.0,0.0,240.0,240.0,240.0,1.3,64.07518964994532,4.3,3.7,4.0,20.0,95.0,False,1.2215427105938055
102650,66.0,1,3.0,68180.76032422138,2.0,139.0,2840.0,77.14999999999999,3779.0,2371.0,1741.0,0.0,0.0,0.0,600.0,0.72,92.1554466196368,3.7,4.8,3.8,14.0,96.0,False,1.593842260649515
102651,71.0,1,3.0,131495.30157217255,1.0,139.0,1801.0,97.4,3888.0,2427.0,1164.0,180.0,150.0,510.0,240.0,0.73,87.86735104516885,3.9,3.5,4.0,16.0,90.0,False,1.6019777503090236
102653,25.0,1,2.0,86149.55742143783,2.0,134.0,2127.0,67.05999999999999,3278.0,2369.0,1271.0,0.0,0.0,0.0,600.0,0.65,125.22763415611428,3.9,3.7,4.3,11.0,90.0,False,1.3837062051498523
102657,68.0,1,3.0,163857.5147029728,1.0,136.0,1957.0,81.93000000000002,2770.0,1874.0,1313.0,105.0,140.0,350.0,480.0,0.93,66.9481299558428,4.4,4.0,4.3,15.0,89.0,False,1.4781216648879403
102660,19.0,1,1.0,34214.99551553813,2.0,136.0,1381.0,41.78,1951.0,1715.0,664.0,0.0,0.0,0.0,120.0,0.63,130.97164066286663,4.4,2.8,4.1,9.0,73.0,False,1.137609329446064
102661,59.0,1,3.0,245535.95402196472,1.0,135.0,2882.0,156.96,5047.0,2879.0,2040.0,0.0,0.0,0.0,780.0,0.98,66.48991323629964,4.4,3.0,4.1,19.0,94.0,False,1.7530392497394929
102665,80.0,0,3.0,14113.97677279758,1.0,137.0,2930.0,112.42000000000002,4948.0,2973.0,1764.0,0.0,0.0,0.0,300.0,0.89,86.63097315200568,3.4,3.6,4.3,20.0,95.0,False,1.6643121426168852
102666,44.0,1,3.0,121635.66967206595,1.0,145.0,2030.0,69.12,3232.0,4706.0,1388.0,90.0,150.0,330.0,480.0,0.78,95.99058704884304,4.1,3.5,4.4,16.0,80.0,False,0.6867828304292393
102667,50.0,0,1.0,25235.491916441053,2.0,136.0,1303.0,59.56999999999999,2039.0,1422.0,735.0,120.0,1480.0,1720.0,60.0,0.75,109.9387263112153,4.1,3.5,4.4,17.0,129.0,False,1.4338959212376934
102668,39.0,1,3.0,30459.60233496209,1.0,140.0,1597.0,41.78,1477.0,1699.0,603.0,0.0,2100.0,2100.0,60.0,0.59,117.4959382705357,4.1,3.4,4.2,9.0,91.0,False,0.8693349028840495
102669,32.0,0,4.0,22896.65757579973,1.0,144.0,3562.0,137.83,7040.0,2820.0,2359.0,900.0,900.0,2700.0,240.0,0.97,106.37045861360632,3.9,3.5,4.2,10.0,94.0,False,2.49645390070922
102672,21.0,1,4.0,42355.29602084885,1.0,141.0,1149.0,56.62,2507.0,1521.0,839.0,0.0,120.0,120.0,300.0,0.78,110.75206239249655,3.9,4.3,4.5,15.0,94.0,False,1.6482577251808022
102673,47.0,1,6.0,16010.992395293277,1.0,148.0,1963.0,113.48,5178.0,3374.0,1638.0,0.0,60.0,60.0,360.0,0.61,110.89849120736292,3.9,4.3,4.2,15.0,94.0,False,1.5346769413159456
102674,26.0,0,3.0,99421.4931740693,1.0,142.0,2213.0,52.2,3487.0,2046.0,1089.0,720.0,1620.0,3060.0,240.0,0.93,116.1378067293449,4.1,3.4,4.2,15.0,98.0,False,1.7043010752688172
102675,22.0,0,4.0,55226.6580883577,1.0,143.0,2966.0,89.78999999999999,4679.0,2313.0,2020.0,720.0,1440.0,2880.0,180.0,0.89,124.26008124620688,4.2,3.7,4.5,17.0,87.0,False,2.0229139645482057
102676,22.0,0,7.0,21809.82456152201,2.0,135.0,2106.0,72.53,3234.0,1027.0,896.0,360.0,180.0,900.0,720.0,1.01,107.83792935361797,4.8,3.0,4.0,8.0,85.0,False,3.1489776046738074
102677,60.0,0,3.0,24796.520850081244,1.0,142.0,1937.0,65.16000000000001,3159.0,3540.0,1548.0,0.0,0.0,0.0,540.0,0.75,103.30958697330033,3.6,3.7,3.9,9.0,90.0,False,0.8923728813559322
102679,80.0,0,3.0,10522.606797105816,2.0,141.0,2287.0,84.26999999999998,2809.0,2907.0,1234.0,0.0,450.0,450.0,180.0,1.61,42.96429572940803,4.7,3.3,4.0,20.0,112.0,True,0.9662882696938424
102680,80.0,0,3.0,20075.37606031769,2.0,146.0,2975.0,103.89,3080.0,2870.0,1554.0,2280.0,2340.0,6900.0,360.0,1.04,72.58698225091814,4.3,3.8,3.9,15.0,86.0,False,1.0731707317073171
102682,33.0,1,6.0,19023.123052939416,2.0,148.0,3146.0,190.98,7251.0,3998.0,2600.0,0.0,0.0,0.0,420.0,0.55,124.04430377492405,4.2,4.0,2.8,9.0,84.0,False,1.8136568284142072
102683,65.0,0,1.0,5720.081877158476,1.0,135.0,3547.0,141.23,5042.0,4638.0,2606.0,0.0,0.0,0.0,240.0,1.36,57.75201907969669,3.8,3.9,4.0,30.0,98.0,True,1.0871065114273393
102685,39.0,0,3.0,24113.426295831683,2.0,139.0,2642.0,63.42000000000001,3042.0,1667.0,1087.0,1260.0,2940.0,5460.0,300.0,1.0,98.18385044368304,3.9,2.8,4.0,15.0,112.0,False,1.8248350329934013
102686,51.0,1,3.0,35814.42594365804,2.0,142.0,1041.0,27.1,2366.0,1399.0,907.0,0.0,40.0,40.0,60.0,0.72,101.16635950138888,4.0,3.8,3.8,17.0,98.0,False,1.6912080057183703
102688,53.0,1,3.0,26294.394085409163,1.0,142.0,3365.0,86.44000000000001,4797.0,1880.0,1633.0,300.0,2220.0,2820.0,300.0,0.67,104.44798229481503,4.0,3.5,3.7,18.0,91.0,False,2.551595744680851
102689,24.0,0,3.0,43563.9205844329,2.0,141.0,1023.0,43.81,1713.0,2323.0,693.0,0.0,0.0,0.0,360.0,0.85,124.44025274007248,5.4,3.8,4.5,12.0,100.0,False,0.7374085234610418
102694,55.0,1,3.0,60615.42585274795,1.0,138.0,1731.0,60.61,2527.0,1817.0,835.0,0.0,0.0,0.0,300.0,0.79,88.28330392417243,4.1,3.7,4.1,11.0,95.0,False,1.3907539900935608
102696,67.0,0,4.0,18520.61365355158,1.0,136.0,1975.0,63.3,3102.0,1732.0,835.0,0.0,0.0,0.0,240.0,1.1,73.57675415152679,3.6,3.8,4.0,15.0,99.0,False,1.7909930715935334
102701,61.0,1,3.0,378202.77680522576,2.0,145.0,2021.0,91.97,3019.0,3418.0,1898.0,1080.0,1200.0,3360.0,540.0,0.92,70.84017886437962,4.2,4.6,4.3,16.0,94.0,False,0.8832650672908133
102704,52.0,1,3.0,103433.24818348532,2.0,139.0,1146.0,61.17,2849.0,2677.0,913.0,1680.0,680.0,4040.0,60.0,0.48,113.89533901064016,3.5,2.7,3.9,13.0,218.0,False,1.0642510272693313
102706,40.0,0,6.0,19243.78741139012,2.0,138.0,3179.0,144.25,5354.0,4499.0,2222.0,0.0,120.0,120.0,300.0,0.89,111.0998561455508,4.2,3.4,4.3,16.0,94.0,False,1.1900422316070238
102708,80.0,0,3.0,17101.661031860112,2.0,139.0,1985.0,74.56,3586.0,1957.0,1151.0,0.0,0.0,0.0,240.0,1.12,66.41055676899744,4.3,3.3,4.1,19.0,124.0,False,1.832396525293817
102710,73.0,1,3.0,23979.8601299758,2.0,139.0,2122.0,68.53,3999.0,2443.0,932.0,0.0,720.0,720.0,480.0,1.12,51.92198933005931,4.6,4.2,4.2,24.0,88.0,True,1.6369218174375768
102713,23.0,1,4.0,21932.319031145555,1.0,147.0,2184.0,53.370000000000005,3233.0,1192.0,1084.0,200.0,180.0,580.0,300.0,0.75,114.65415930895628,3.6,3.7,4.3,6.0,95.0,False,2.712248322147651
102718,20.0,0,1.0,22835.68002352861,2.0,136.0,3334.0,133.42999999999998,6882.0,3398.0,2600.0,600.0,1200.0,2400.0,180.0,0.7,135.2788249729571,4.3,3.2,4.6,11.0,97.0,False,2.025309005297234
102720,59.0,0,3.0,138654.85575189168,1.0,142.0,2685.0,92.39,3807.0,3167.0,1897.0,0.0,0.0,0.0,360.0,0.73,104.80611692547292,3.7,3.8,4.1,16.0,87.0,False,1.2020839911588255
102721,53.0,1,2.0,28303.633898694978,2.0,134.0,3444.0,117.3,3832.0,5412.0,2167.0,720.0,900.0,2340.0,60.0,0.53,110.51814774912278,4.1,3.9,3.7,22.0,93.0,False,0.7080561714708056
102722,62.0,1,1.0,5175.5835699430845,2.0,142.0,2843.0,125.32,4840.0,6553.0,2932.0,0.0,0.0,0.0,180.0,0.56,103.12446284550464,4.3,3.2,4.4,10.0,111.0,False,0.7385930108347322
102723,63.0,1,6.0,13532.635352379764,1.0,148.0,3058.0,78.57,8116.0,2029.0,1457.0,400.0,420.0,1220.0,30.0,0.48,106.36405064032324,4.0,3.5,4.3,15.0,108.0,False,4.0
102724,43.0,0,1.0,24900.237590949557,2.0,147.0,3040.0,114.09,4318.0,4260.0,2309.0,120.0,1200.0,1440.0,120.0,0.81,112.19248826431864,4.7,3.3,4.1,13.0,116.0,False,1.0136150234741783
102726,62.0,0,4.0,7446.067953679666,1.0,144.0,2760.0,65.11000000000001,4067.0,1911.0,1604.0,0.0,0.0,0.0,420.0,0.94,91.6565404254791,3.8,3.1,4.4,10.0,98.0,False,2.128205128205128
102729,61.0,1,3.0,71351.95847883633,2.0,139.0,2050.0,82.59,2644.0,2113.0,1709.0,0.0,0.0,0.0,300.0,0.67,99.378398574177,4.0,3.6,4.0,15.0,90.0,False,1.2513014671083766
102730,54.0,0,6.0,10346.826407402166,2.0,148.0,1707.0,98.71,3275.0,2223.0,1503.0,0.0,480.0,480.0,120.0,0.52,119.77940807763954,4.4,2.9,4.0,13.0,329.0,False,1.47323436797121
102732,70.0,0,3.0,10484.073536825854,2.0,147.0,1322.0,73.62,2081.0,1750.0,940.0,150.0,150.0,450.0,480.0,1.62,45.38274981147663,4.1,3.8,4.2,17.0,75.0,True,1.189142857142857
102733,61.0,0,4.0,9912.50603130148,2.0,146.0,1143.0,41.86000000000001,1470.0,636.0,592.0,0.0,30.0,30.0,720.0,0.93,93.41967550533248,4.4,3.5,3.9,14.0,137.0,False,2.311320754716981
102741,18.0,1,6.0,13545.665971634478,2.0,138.0,2212.0,66.87,4995.0,2852.0,1297.0,160.0,0.0,320.0,480.0,0.6,133.34750571509528,4.4,4.1,4.0,11.0,86.0,False,1.7514025245441796
102743,45.0,0,1.0,55634.972264129,1.0,147.0,1384.0,47.25000000000001,2781.0,1418.0,1096.0,0.0,280.0,280.0,900.0,0.61,120.71316321336168,3.7,4.0,3.9,14.0,221.0,False,1.961212976022567
102746,23.0,0,3.0,179271.49919057585,2.0,143.0,4428.0,116.47,4336.0,3246.0,2668.0,0.0,4500.0,4500.0,120.0,0.92,119.8700781072737,3.8,4.5,3.8,12.0,81.0,False,1.3357979051139866
102747,57.0,1,3.0,36501.63578991791,1.0,138.0,1137.0,80.69999999999999,1445.0,1951.0,877.0,0.0,135.0,135.0,240.0,0.62,103.8038961936148,3.5,3.7,4.3,11.0,91.0,False,0.7406458226550487
102750,50.0,0,6.0,20866.90703558457,1.0,137.0,2275.0,125.06,4003.0,2513.0,1626.0,0.0,60.0,60.0,480.0,0.8,107.816697917522,3.6,4.0,4.1,24.0,113.0,False,1.59291683247115
102753,50.0,0,3.0,208037.73187475375,2.0,141.0,2608.0,78.89000000000001,3563.0,2685.0,1661.0,0.0,120.0,120.0,90.0,1.07,84.54120680094985,3.8,3.7,4.1,16.0,93.0,False,1.327001862197393
102754,50.0,0,4.0,27066.91153248032,2.0,138.0,3598.0,124.18,4813.0,4481.0,2814.0,60.0,240.0,360.0,540.0,1.08,83.60273198078316,2.8,2.4,3.6,16.0,91.0,False,1.0740906047757197
102756,34.0,0,3.0,53827.72322239298,2.0,141.0,554.0,57.56999999999999,871.0,2030.0,1027.0,0.0,0.0,0.0,300.0,1.87,47.78979524460589,4.3,4.0,4.1,21.0,79.0,True,0.429064039408867
102759,47.0,1,3.0,108370.33548593402,2.0,140.0,1384.0,40.68000000000001,1921.0,2145.0,902.0,540.0,360.0,1440.0,180.0,0.79,92.78689431000524,4.6,2.8,3.5,10.0,83.0,False,0.8955710955710956
102761,25.0,0,4.0,30441.33238298455,2.0,146.0,3012.0,141.99,5360.0,4180.0,1851.0,0.0,0.0,0.0,600.0,1.46,68.01907772447412,4.0,4.1,4.2,16.0,88.0,False,1.2822966507177034
102762,20.0,0,3.0,59372.672266426685,1.0,136.0,2026.0,59.26,4264.0,2357.0,1265.0,0.0,630.0,630.0,480.0,0.83,128.49547866220163,3.9,3.7,3.9,9.0,87.0,False,1.8090793381417056
102763,62.0,0,2.0,16698.950099117625,2.0,140.0,1341.0,55.17,3121.0,2934.0,848.0,0.0,180.0,180.0,120.0,0.92,94.05274868234348,3.9,3.3,4.0,20.0,91.0,False,1.06373551465576
102766,46.0,1,6.0,11617.64868568536,2.0,144.0,846.0,33.58,1085.0,1829.0,731.0,0.0,0.0,0.0,240.0,0.58,112.9548775014288,4.7,3.1,3.8,11.0,102.0,False,0.5932203389830508
102768,49.0,0,3.0,290562.33800877514,1.0,139.0,1681.0,65.99,3087.0,1876.0,1351.0,90.0,240.0,420.0,600.0,0.85,106.52111279397072,4.0,3.9,4.5,16.0,86.0,False,1.6455223880597014
102771,60.0,1,1.0,7590.272297778684,2.0,135.0,2668.0,123.74,6293.0,3232.0,2210.0,0.0,30.0,30.0,960.0,0.67,99.99838858339405,4.2,3.7,4.2,15.0,95.0,False,1.9470915841584158
102772,56.0,0,3.0,21072.59263750048,2.0,139.0,1532.0,97.18,2490.0,2372.0,1772.0,360.0,900.0,1620.0,300.0,1.05,83.30973859382364,4.4,3.0,3.8,26.0,97.0,False,1.0497470489038785
102773,63.0,1,3.0,118085.3591574549,2.0,138.0,2723.0,155.72,3928.0,4857.0,3321.0,0.0,900.0,900.0,90.0,0.62,100.00175208932002,3.9,4.3,4.0,19.0,82.0,False,0.8087296685196623
102775,58.0,0,3.0,27229.4145824578,2.0,135.0,2569.0,75.76,2873.0,2360.0,1268.0,120.0,0.0,240.0,720.0,1.2,70.09764379713862,4.2,4.4,4.0,21.0,292.0,False,1.2173728813559321
102776,35.0,0,3.0,69066.78634660343,1.0,145.0,1615.0,74.70000000000002,1665.0,1873.0,1154.0,1560.0,1860.0,4980.0,60.0,0.88,115.00071739733562,3.7,3.4,4.4,13.0,87.0,False,0.8889482114255206
102777,60.0,1,3.0,50365.04724791569,1.0,140.0,1931.0,115.72,4062.0,2587.0,1970.0,0.0,480.0,480.0,360.0,0.55,104.86960227898052,3.8,4.3,3.9,18.0,73.0,False,1.570158484731349
102778,67.0,1,4.0,4942.3732120612685,2.0,145.0,3615.0,119.56,6611.0,1687.0,1332.0,0.0,0.0,0.0,960.0,1.24,47.69940636636596,4.8,3.3,3.6,29.0,247.0,True,3.918790752815649
102779,57.0,0,3.0,202187.79356403145,2.0,143.0,3772.0,119.06,5847.0,2949.0,2250.0,0.0,450.0,450.0,600.0,1.52,53.11407439191217,4.2,4.2,3.9,16.0,74.0,True,1.982706002034588
102781,24.0,0,1.0,11572.499348611838,2.0,135.0,5897.0,197.83,4682.0,5019.0,3344.0,420.0,420.0,1260.0,600.0,0.92,119.1268836230086,4.1,5.1,4.5,16.0,76.0,False,0.9328551504283722
102785,54.0,1,3.0,185636.2381299713,2.0,140.0,1103.0,80.31,1827.0,1327.0,1318.0,0.0,60.0,60.0,240.0,0.81,86.20849678187895,4.0,3.5,4.3,13.0,92.0,False,1.3767897513187641
102786,46.0,1,6.0,11395.889673371608,1.0,147.0,3146.0,93.72,6169.0,3597.0,1713.0,0.0,70.0,70.0,60.0,0.6,112.03576502101556,4.3,3.3,4.1,10.0,101.0,False,1.7150403113705865
102789,61.0,0,1.0,5219.983526508835,2.0,142.0,1409.0,69.66000000000001,2141.0,2699.0,1166.0,0.0,0.0,0.0,50.0,0.82,99.93930749837216,4.0,4.0,4.0,15.0,106.0,False,0.7932567617636161
102790,47.0,0,3.0,180872.85483289167,2.0,142.0,3994.0,142.51000000000002,6323.0,4077.0,2812.0,120.0,60.0,300.0,600.0,0.99,94.5517922573854,4.5,3.6,4.2,16.0,95.0,False,1.5508952661270543
102791,61.0,0,4.0,11533.32173724881,2.0,142.0,2217.0,109.85,4038.0,2923.0,1929.0,0.0,0.0,0.0,45.0,0.69,105.28722850202476,3.8,3.5,4.5,11.0,117.0,False,1.3814574067738625
102792,61.0,0,3.0,26101.60089482238,1.0,142.0,2333.0,131.2,4521.0,2814.0,2018.0,0.0,600.0,600.0,360.0,1.02,83.61759775558961,4.2,4.0,4.1,14.0,59.0,False,1.6066098081023454
102793,30.0,1,3.0,34827.550688713935,1.0,142.0,1827.0,77.4,3287.0,2064.0,1286.0,0.0,0.0,0.0,300.0,0.67,120.51003965628064,3.8,3.4,4.2,14.0,90.0,False,1.5925387596899225
102798,57.0,1,2.0,32982.32081241399,2.0,138.0,2086.0,66.61,3249.0,3141.0,1545.0,0.0,0.0,0.0,360.0,0.98,67.32211965777641,4.5,3.2,4.0,12.0,90.0,False,1.0343839541547277
102800,65.0,0,3.0,91624.54863468828,2.0,138.0,2037.0,120.59,3190.0,2320.0,1207.0,0.0,240.0,240.0,300.0,0.9,94.78134144573454,3.9,3.3,4.1,18.0,187.0,False,1.375
102802,25.0,0,6.0,33100.43271115525,1.0,148.0,3651.0,151.20000000000002,6408.0,4264.0,3177.0,0.0,30.0,30.0,720.0,0.82,125.0180178880742,4.0,3.7,4.6,17.0,95.0,False,1.5028142589118199
102805,60.0,0,4.0,9842.759420844925,1.0,139.0,1734.0,67.77000000000001,2195.0,1486.0,1077.0,0.0,0.0,0.0,120.0,1.09,77.69751030764604,3.7,4.3,4.3,11.0,94.0,False,1.4771197846567967
102807,79.0,0,4.0,9119.113914078842,1.0,138.0,2143.0,70.89,5312.0,2584.0,1195.0,0.0,0.0,0.0,840.0,1.45,49.01828960897496,4.2,3.0,3.9,24.0,86.0,True,2.0557275541795668
102808,62.0,0,4.0,12284.046241976905,1.0,147.0,1722.0,58.4,3613.0,2383.0,1481.0,240.0,240.0,720.0,600.0,1.22,67.0324492864245,3.9,2.9,4.2,12.0,99.0,False,1.5161561057490558
102809,24.0,0,1.0,49536.0762937503,2.0,143.0,2873.0,78.12,4309.0,2227.0,1147.0,60.0,135.0,255.0,420.0,0.75,129.23403329013448,4.0,3.1,4.1,10.0,92.0,False,1.9348899865289628
102811,41.0,1,1.0,25608.168993112555,2.0,135.0,1873.0,73.34,3033.0,1525.0,1471.0,240.0,0.0,480.0,240.0,0.64,113.79070800031018,4.0,2.8,4.1,11.0,83.0,False,1.9888524590163934
102815,80.0,0,3.0,7323.934818452054,1.0,142.0,958.0,41.08,1821.0,991.0,671.0,0.0,960.0,960.0,180.0,1.21,60.527997232506735,3.9,3.8,4.1,27.0,95.0,False,1.8375378405650857
102819,48.0,1,3.0,157843.83441734978,2.0,139.0,709.0,40.98,877.0,938.0,748.0,840.0,1680.0,3360.0,240.0,0.57,112.02714804531053,4.0,3.8,4.1,9.0,88.0,False,0.9349680170575693
102820,57.0,1,1.0,13073.908306032155,2.0,140.0,2267.0,122.41000000000004,3295.0,3521.0,2111.0,240.0,0.0,480.0,120.0,0.66,102.25156491304004,3.8,4.1,3.9,17.0,80.0,False,0.9358136892928145
102821,35.0,1,4.0,25835.553511984443,2.0,134.0,1580.0,57.02,3022.0,1190.0,693.0,720.0,720.0,2160.0,300.0,0.88,87.83589535937396,4.0,3.0,3.9,12.0,92.0,False,2.5394957983193276
102823,55.0,1,2.0,80365.22968551016,2.0,147.0,1468.0,31.5,2069.0,1130.0,582.0,1800.0,1080.0,4680.0,120.0,0.63,104.69862897275344,4.1,3.8,4.0,10.0,88.0,False,1.8309734513274336
102826,58.0,1,1.0,18431.56321369246,2.0,141.0,979.0,59.77,1192.0,1527.0,813.0,2100.0,0.0,4200.0,180.0,0.59,104.400771849116,4.2,3.9,4.0,13.0,99.0,False,0.7806155861165684
102828,80.0,1,4.0,17527.993354583577,2.0,146.0,1037.0,20.25,1738.0,1003.0,441.0,0.0,0.0,0.0,480.0,1.19,46.222086289963485,4.5,3.7,3.5,14.0,168.0,True,1.732801595214357
102831,51.0,1,6.0,13803.831787690511,1.0,143.0,1125.0,34.23,1223.0,2159.0,890.0,0.0,0.0,0.0,240.0,0.59,109.0462568861066,3.7,4.0,4.2,11.0,81.0,False,0.5664659564613247
102832,29.0,0,3.0,122278.1146814071,2.0,135.0,2164.0,48.03,3237.0,1958.0,1104.0,150.0,600.0,900.0,120.0,0.85,120.63014408056344,4.3,3.2,4.6,13.0,88.0,False,1.653217568947906
102833,25.0,0,4.0,29416.829329227327,2.0,135.0,3229.0,102.2,6712.0,2844.0,1171.0,5760.0,840.0,12360.0,60.0,0.95,113.916291857876,4.0,3.8,4.3,16.0,96.0,False,2.360056258790436
102834,57.0,0,4.0,43702.63623998931,2.0,148.0,985.0,48.86000000000001,1110.0,2054.0,875.0,0.0,0.0,0.0,240.0,0.96,92.19268074278332,3.8,2.4,3.8,13.0,121.0,False,0.5404089581304771
102836,40.0,0,1.0,48907.33003674128,1.0,137.0,3554.0,133.78,7840.0,4537.0,2237.0,300.0,0.0,600.0,360.0,0.56,127.78400465065492,4.5,3.2,3.8,12.0,157.0,False,1.728014106237602
102838,41.0,0,7.0,25010.65289404534,2.0,138.0,2286.0,111.64,3284.0,2510.0,1196.0,0.0,0.0,0.0,30.0,0.99,98.14672466577782,4.8,3.0,4.2,15.0,96.0,False,1.3083665338645418
102841,78.0,0,2.0,16710.660592959,2.0,137.0,2178.0,75.38,3983.0,4193.0,1381.0,0.0,0.0,0.0,300.0,1.06,71.83460786205936,4.3,3.3,4.1,26.0,104.0,False,0.9499165275459098
102845,63.0,0,4.0,7620.631953504778,2.0,145.0,3750.0,98.24000000000002,4362.0,2385.0,1860.0,240.0,0.0,480.0,420.0,1.81,41.49555596001743,3.7,3.3,3.7,16.0,81.0,True,1.828930817610063
102846,61.0,1,3.0,235360.46681739952,2.0,145.0,1890.0,81.57,3141.0,2323.0,1459.0,0.0,0.0,0.0,900.0,0.68,99.02420707990402,4.0,3.5,4.2,22.0,105.0,False,1.3521308652604391
102847,30.0,1,3.0,29572.608216522574,2.0,139.0,959.0,46.78,1983.0,1375.0,683.0,360.0,900.0,1620.0,360.0,0.69,119.65879524682038,3.9,2.6,4.4,8.0,88.0,False,1.4421818181818182
102849,29.0,0,6.0,41803.05876673279,2.0,136.0,1703.0,51.51,9886.0,2231.0,945.0,2640.0,2100.0,7380.0,240.0,0.93,113.99100885715993,3.9,2.3,4.7,14.0,109.0,False,4.431196772747647
102850,54.0,0,2.0,61763.17986959355,2.0,134.0,3770.0,173.10000000000002,8127.0,3656.0,1973.0,0.0,90.0,90.0,600.0,1.04,85.32669783794456,4.2,3.6,3.6,19.0,96.0,False,2.2229212253829322
102851,58.0,0,1.0,40904.643123424896,2.0,135.0,2128.0,89.17,2252.0,4496.0,1481.0,0.0,0.0,0.0,240.0,1.1,77.81255814000252,4.3,3.5,4.3,15.0,99.0,False,0.5008896797153025
102854,45.0,0,7.0,13318.976884868827,2.0,148.0,2882.0,100.34000000000002,5246.0,2686.0,1491.0,1440.0,1080.0,3960.0,420.0,0.99,95.73522903521796,4.0,3.9,4.3,10.0,94.0,False,1.953090096798213
102855,61.0,0,6.0,9374.381689537242,2.0,148.0,2080.0,63.330000000000005,3245.0,3573.0,1117.0,0.0,0.0,0.0,300.0,0.79,101.07057527797411,4.2,3.2,4.3,19.0,166.0,False,0.9082003918275958
102858,36.0,0,6.0,27165.030273597447,2.0,140.0,913.0,81.72,2091.0,1984.0,803.0,0.0,0.0,0.0,60.0,0.74,120.42740540213124,4.2,2.8,3.7,11.0,172.0,False,1.0539314516129032
102860,63.0,0,6.0,10302.849683151377,1.0,137.0,1364.0,50.83,2763.0,1666.0,724.0,0.0,0.0,0.0,240.0,0.9,95.96765132565572,3.8,3.1,4.3,15.0,58.0,False,1.6584633853541417
102861,41.0,1,4.0,71692.31587518823,1.0,136.0,741.0,69.97,1653.0,2065.0,870.0,0.0,90.0,90.0,180.0,0.89,83.4789899538423,3.5,2.9,3.2,10.0,99.0,False,0.8004842615012107
102863,61.0,1,1.0,8859.171891909675,2.0,148.0,2475.0,110.14,2609.0,4318.0,1695.0,600.0,690.0,1890.0,240.0,0.5,106.64101020261133,4.3,3.3,3.6,10.0,134.0,False,0.6042149143121816
102865,44.0,1,3.0,121635.66967206595,1.0,145.0,1432.0,56.16999999999998,2114.0,3835.0,1092.0,540.0,390.0,1470.0,480.0,0.75,100.61637229246554,3.6,3.6,3.6,15.0,112.0,False,0.551238591916558
102866,73.0,1,3.0,129217.18263171852,2.0,145.0,1843.0,74.64999999999999,2966.0,1745.0,1058.0,0.0,360.0,360.0,240.0,1.35,41.49659179256134,5.7,4.4,4.3,33.0,121.0,True,1.6997134670487106
102869,67.0,0,3.0,26827.00033695948,1.0,142.0,1467.0,66.71,2507.0,1540.0,794.0,0.0,90.0,90.0,720.0,1.19,66.95075724855975,3.8,2.8,3.6,14.0,112.0,False,1.627922077922078
102870,51.0,1,6.0,16356.717360960887,1.0,137.0,1434.0,53.53,1895.0,2109.0,811.0,0.0,0.0,0.0,120.0,0.56,110.42636666590217,3.7,3.5,4.1,11.0,93.0,False,0.8985301090564248
102873,66.0,0,4.0,11596.33857207514,2.0,143.0,1445.0,85.05,3140.0,2061.0,1423.0,300.0,1920.0,2520.0,540.0,1.5,51.0273886722766,4.3,4.6,3.9,24.0,92.0,True,1.5235322658903445
102875,61.0,0,3.0,18617.544673695054,1.0,139.0,2393.0,84.62,3403.0,3561.0,1522.0,0.0,1500.0,1500.0,600.0,0.85,98.86068233933266,4.0,3.0,4.6,14.0,130.0,False,0.9556304408873911
102876,65.0,0,2.0,21248.633224147237,2.0,135.0,3814.0,137.78,5173.0,5758.0,2599.0,240.0,120.0,600.0,360.0,0.8,98.21343773378835,3.9,3.6,4.3,15.0,96.0,False,0.8984022229940952
102878,61.0,0,1.0,8348.967212933014,2.0,135.0,1725.0,66.58,2865.0,3270.0,645.0,1500.0,1500.0,4500.0,360.0,1.01,84.61205521901383,3.9,3.1,4.0,20.0,193.0,False,0.8761467889908257
102879,21.0,0,3.0,96784.54196711566,2.0,139.0,741.0,30.16,1771.0,852.0,385.0,0.0,20.0,20.0,300.0,1.66,59.776225790583474,4.5,3.2,3.9,19.0,88.0,True,2.078638497652582
102880,51.0,1,6.0,17086.936760688564,2.0,138.0,1498.0,45.77000000000001,1951.0,3516.0,886.0,0.0,0.0,0.0,480.0,0.53,111.90142391493266,3.9,3.7,3.9,11.0,88.0,False,0.5548919226393629
102883,80.0,0,3.0,31959.234641248822,1.0,138.0,2249.0,63.06,3260.0,4175.0,1489.0,0.0,0.0,0.0,600.0,1.07,70.15170248970922,4.4,3.6,3.7,26.0,92.0,False,0.7808383233532934
102884,32.0,0,1.0,83354.70555944336,1.0,135.0,1961.0,85.8,2320.0,1844.0,1216.0,720.0,720.0,2160.0,180.0,0.73,123.96921055148636,3.6,3.0,4.3,16.0,97.0,False,1.2581344902386118
102885,37.0,1,4.0,21268.967902026383,2.0,145.0,1972.0,46.46,2263.0,2768.0,1005.0,720.0,1080.0,2520.0,300.0,0.88,86.75010666873534,4.0,4.0,4.3,10.0,79.0,False,0.817557803468208
102886,50.0,1,6.0,27705.045760620804,2.0,134.0,1750.0,79.93,2888.0,2089.0,1183.0,0.0,150.0,150.0,660.0,0.6,109.2830113378474,3.9,4.2,4.4,18.0,196.0,False,1.382479655337482
102887,60.0,1,4.0,7779.675759259114,1.0,141.0,1862.0,49.21000000000001,1402.0,3714.0,846.0,0.0,30.0,30.0,120.0,0.8,84.29815414309144,4.0,3.6,3.8,12.0,78.0,False,0.3774905761981691
102889,47.0,0,1.0,30572.216364684,2.0,140.0,4348.0,114.05,4598.0,5931.0,2300.0,0.0,600.0,600.0,360.0,1.03,90.16278735178363,4.1,3.1,4.0,19.0,100.0,False,0.7752486933063565
102890,80.0,0,4.0,9244.1766862255,2.0,135.0,2043.0,54.92999999999999,3216.0,1659.0,838.0,0.0,840.0,840.0,120.0,1.21,60.527997232506735,4.0,2.9,4.0,8.0,90.0,False,1.938517179023508
102892,42.0,1,1.0,27521.743804595197,1.0,135.0,1428.0,52.37,1725.0,2529.0,1106.0,0.0,30.0,30.0,120.0,0.58,115.80012262477744,4.0,3.9,3.6,14.0,125.0,False,0.6820877817319099
102893,44.0,1,3.0,80576.88233746255,1.0,145.0,2410.0,74.04000000000002,3809.0,2351.0,1103.0,120.0,360.0,600.0,240.0,0.6,113.43803611067987,4.2,3.8,4.1,19.0,91.0,False,1.6201616333475117
102894,26.0,0,2.0,19159.76787558264,1.0,140.0,2655.0,91.74,4325.0,2461.0,1479.0,1200.0,600.0,3000.0,180.0,0.93,116.1378067293449,3.7,4.0,4.2,11.0,91.0,False,1.757415684681024
102895,43.0,0,4.0,20351.32492156541,1.0,146.0,4679.0,195.6,10728.0,4892.0,3931.0,30.0,0.0,60.0,210.0,0.97,99.3367502559088,3.7,4.2,3.8,12.0,162.0,False,2.1929681112019623
102899,20.0,1,3.0,92017.80160879085,2.0,148.0,1510.0,44.21,2052.0,1295.0,644.0,360.0,0.0,720.0,600.0,0.78,111.44300904859789,4.6,3.9,4.1,10.0,82.0,False,1.5845559845559845
102904,75.0,1,3.0,117354.99933329232,1.0,143.0,2199.0,90.12,3209.0,2094.0,1471.0,60.0,375.0,495.0,240.0,0.99,59.46325820891752,4.0,4.0,4.1,21.0,99.0,True,1.5324737344794652
102908,51.0,0,3.0,36705.96872271898,1.0,145.0,1678.0,99.85,3294.0,2034.0,1600.0,0.0,360.0,360.0,180.0,0.57,118.69816052386504,3.6,3.4,3.8,9.0,430.0,False,1.6194690265486726
102910,71.0,0,3.0,7549.444634327819,2.0,139.0,864.0,31.97,3158.0,1581.0,545.0,60.0,60.0,180.0,120.0,1.92,36.78293183593311,4.7,3.2,3.5,36.0,166.0,True,1.9974699557242253
102911,55.0,1,7.0,32216.81455518033,2.0,142.0,1029.0,41.56,1299.0,1444.0,803.0,0.0,0.0,0.0,240.0,0.95,70.75591655455705,4.1,3.4,4.2,14.0,89.0,False,0.899584487534626
102913,39.0,1,3.0,179356.53473965975,1.0,139.0,1182.0,52.68,2461.0,1027.0,934.0,0.0,0.0,0.0,480.0,0.54,120.03041077918348,4.8,4.3,3.8,13.0,96.0,False,2.3962999026290164
102916,66.0,0,2.0,7537.752627943158,1.0,137.0,2527.0,83.35000000000001,2553.0,3899.0,1545.0,0.0,540.0,540.0,180.0,1.05,78.2862870415439,3.6,4.0,3.9,21.0,95.0,False,0.6547832777635291
102917,61.0,1,4.0,25728.19280264868,1.0,141.0,1692.0,66.39999999999999,2529.0,1642.0,800.0,90.0,180.0,360.0,480.0,1.15,54.19854571401825,3.7,4.0,4.4,17.0,117.0,True,1.5401948842874542
102918,33.0,0,3.0,34809.05813353648,2.0,143.0,2940.0,94.29,6510.0,2107.0,1118.0,2100.0,2100.0,6300.0,180.0,0.87,116.84268207294753,4.5,3.0,4.2,19.0,82.0,False,3.089700996677741
102920,62.0,1,2.0,27655.10456442288,1.0,137.0,2639.0,60.510000000000005,3543.0,2820.0,1349.0,0.0,0.0,0.0,240.0,0.46,108.13103911550728,3.0,2.8,3.7,11.0,96.0,False,1.2563829787234042
102923,43.0,1,3.0,66729.30108653603,1.0,139.0,2330.0,67.7,3287.0,2181.0,916.0,0.0,0.0,0.0,300.0,0.81,92.31263671757384,3.6,2.9,3.8,11.0,118.0,False,1.507106831728565
102924,75.0,1,3.0,90160.26233852764,1.0,139.0,1957.0,118.26,3237.0,3202.0,1616.0,0.0,0.0,0.0,900.0,0.57,94.71005199301328,4.4,4.5,4.3,14.0,128.0,False,1.0109306683322923
102929,60.0,0,4.0,9980.888534826214,2.0,146.0,2445.0,73.89,3848.0,1784.0,1572.0,0.0,0.0,0.0,180.0,0.79,101.70112223583632,4.1,3.7,4.0,14.0,101.0,False,2.1569506726457397
102933,24.0,1,4.0,18753.007678202357,1.0,144.0,2614.0,70.14,4562.0,5491.0,1569.0,180.0,180.0,540.0,300.0,0.75,113.94330352124076,4.3,3.1,4.2,8.0,89.0,False,0.830814059369878
102943,48.0,1,1.0,29519.81890608458,1.0,148.0,1850.0,78.55,5051.0,1437.0,1293.0,600.0,1500.0,2700.0,60.0,0.65,108.53679703753812,4.0,4.0,3.9,16.0,86.0,False,3.5149617258176757
102944,55.0,0,6.0,22162.925914161293,2.0,136.0,1016.0,40.06,2389.0,1999.0,509.0,0.0,300.0,300.0,600.0,0.83,103.36001908922016,3.1,3.3,4.1,14.0,93.0,False,1.1950975487743871
102946,65.0,0,6.0,9451.752486855854,2.0,135.0,1321.0,72.14,4445.0,1372.0,885.0,1680.0,960.0,4320.0,120.0,1.27,62.69738061824398,4.3,2.6,3.7,17.0,48.0,False,3.239795918367347
102947,75.0,0,4.0,13563.956261169642,2.0,137.0,1596.0,42.29999999999999,1612.0,1778.0,783.0,0.0,90.0,90.0,240.0,1.81,38.51141683237729,4.9,3.6,4.5,25.0,77.0,True,0.906636670416198
102949,33.0,0,3.0,30287.188730513397,2.0,139.0,5412.0,263.12,5023.0,7245.0,4481.0,270.0,2100.0,2640.0,60.0,1.05,96.1211473990766,5.3,4.5,4.5,20.0,96.0,False,0.6933057280883368
102952,70.0,1,6.0,18338.711104024176,2.0,138.0,1080.0,52.59,2242.0,2702.0,1083.0,0.0,360.0,360.0,120.0,0.7,92.98188056089506,4.1,3.7,4.8,13.0,150.0,False,0.8297557364914878
102953,42.0,0,1.0,63661.95157344447,2.0,137.0,3072.0,188.17,6123.0,5289.0,2613.0,720.0,720.0,2160.0,360.0,0.92,106.51030886870625,3.8,3.5,4.0,17.0,101.0,False,1.1576857629041406
102954,41.0,1,4.0,17694.78334581792,1.0,144.0,1757.0,72.7,2993.0,1424.0,1085.0,0.0,60.0,60.0,600.0,0.69,111.74640040365364,3.6,3.5,3.9,8.0,88.0,False,2.101825842696629
102956,38.0,0,3.0,39426.29994756593,1.0,142.0,1591.0,93.91,2077.0,4442.0,992.0,0.0,0.0,0.0,720.0,0.82,115.3080188361659,4.3,3.0,4.3,12.0,90.0,False,0.4675821701936065
